"Time","172.212.226.225:9100direction: rx gpu_index: 0"
2026-05-03 17:56:20,9.01 kB/s
2026-05-03 17:56:40,9.01 kB/s
2026-05-03 17:57:00,104 kB/s
2026-05-03 17:57:20,579 MB/s
2026-05-03 17:57:40,579 MB/s
2026-05-03 17:58:00,3.05 GB/s
2026-05-03 17:58:20,3.09 GB/s
2026-05-03 17:58:40,3.09 GB/s
2026-05-03 17:59:00,3.05 GB/s
2026-05-03 17:59:20,3.01 GB/s
2026-05-03 17:59:40,3.01 GB/s
2026-05-03 18:00:00,3.16 GB/s
2026-05-03 18:00:20,3.01 GB/s
2026-05-03 18:00:40,3.01 GB/s
2026-05-03 18:01:00,3.15 GB/s
2026-05-03 18:01:20,2.99 GB/s
2026-05-03 18:01:40,2.99 GB/s
2026-05-03 18:02:00,3.02 GB/s
2026-05-03 18:02:20,3.07 GB/s
2026-05-03 18:02:40,3.07 GB/s
2026-05-03 18:03:00,3.09 GB/s
2026-05-03 18:03:20,3.18 GB/s
2026-05-03 18:03:40,3.18 GB/s
2026-05-03 18:04:00,2.98 GB/s
2026-05-03 18:04:20,3.05 GB/s
2026-05-03 18:04:40,3.05 GB/s
2026-05-03 18:05:00,3.05 GB/s
2026-05-03 18:05:20,3.00 GB/s
2026-05-03 18:05:40,3.00 GB/s
2026-05-03 18:06:00,3.15 GB/s
2026-05-03 18:06:20,3.01 GB/s
2026-05-03 18:06:40,3.01 GB/s
2026-05-03 18:07:00,3.12 GB/s
2026-05-03 18:07:20,3.02 GB/s
2026-05-03 18:07:40,3.02 GB/s
2026-05-03 18:08:00,3.03 GB/s
2026-05-03 18:08:20,3.11 GB/s
2026-05-03 18:08:40,3.11 GB/s
2026-05-03 18:09:00,3.01 GB/s
2026-05-03 18:09:20,3.11 GB/s
2026-05-03 18:09:40,3.11 GB/s
2026-05-03 18:10:00,3.03 GB/s
2026-05-03 18:10:20,3.04 GB/s
2026-05-03 18:10:40,3.04 GB/s
2026-05-03 18:11:00,3.08 GB/s
2026-05-03 18:11:20,3.00 GB/s
2026-05-03 18:11:40,3.00 GB/s
2026-05-03 18:12:00,3.14 GB/s
2026-05-03 18:12:20,3.01 GB/s
2026-05-03 18:12:40,3.01 GB/s
2026-05-03 18:13:00,3.04 GB/s
2026-05-03 18:13:20,3.07 GB/s
2026-05-03 18:13:40,3.07 GB/s
2026-05-03 18:14:00,3.00 GB/s
2026-05-03 18:14:20,3.19 GB/s
2026-05-03 18:14:40,3.19 GB/s
2026-05-03 18:15:00,3.00 GB/s
2026-05-03 18:15:20,3.07 GB/s
2026-05-03 18:15:40,3.07 GB/s
2026-05-03 18:16:00,3.04 GB/s
2026-05-03 18:16:20,3.00 GB/s
2026-05-03 18:16:40,3.00 GB/s
2026-05-03 18:17:00,3.16 GB/s
2026-05-03 18:17:20,3.02 GB/s
2026-05-03 18:17:40,3.02 GB/s
2026-05-03 18:18:00,3.09 GB/s
2026-05-03 18:18:20,3.03 GB/s
2026-05-03 18:18:40,3.03 GB/s
2026-05-03 18:19:00,3.02 GB/s
2026-05-03 18:19:20,3.13 GB/s
2026-05-03 18:19:40,3.13 GB/s
2026-05-03 18:20:00,3.02 GB/s
2026-05-03 18:20:20,3.09 GB/s
2026-05-03 18:20:40,3.09 GB/s
2026-05-03 18:21:00,3.02 GB/s
2026-05-03 18:21:20,3.02 GB/s
2026-05-03 18:21:40,3.02 GB/s
2026-05-03 18:22:00,3.11 GB/s
2026-05-03 18:22:20,3.00 GB/s
2026-05-03 18:22:40,3.00 GB/s
2026-05-03 18:23:00,3.12 GB/s
2026-05-03 18:23:20,3.03 GB/s
2026-05-03 18:23:40,3.03 GB/s
2026-05-03 18:24:00,3.02 GB/s
2026-05-03 18:24:20,3.12 GB/s
2026-05-03 18:24:40,3.12 GB/s
2026-05-03 18:25:00,3.01 GB/s
2026-05-03 18:25:20,3.13 GB/s
2026-05-03 18:25:40,3.13 GB/s
2026-05-03 18:26:00,3.02 GB/s
2026-05-03 18:26:20,3.03 GB/s
2026-05-03 18:26:40,3.03 GB/s
2026-05-03 18:27:00,3.10 GB/s
2026-05-03 18:27:20,2.99 GB/s
2026-05-03 18:27:40,2.99 GB/s
2026-05-03 18:28:00,3.06 GB/s
2026-05-03 18:28:20,3.01 GB/s
2026-05-03 18:28:40,3.01 GB/s
2026-05-03 18:29:00,2.99 GB/s
2026-05-03 18:29:20,3.13 GB/s
2026-05-03 18:29:40,3.13 GB/s
2026-05-03 18:30:00,3.00 GB/s
2026-05-03 18:30:20,3.09 GB/s
2026-05-03 18:30:40,3.09 GB/s
2026-05-03 18:31:00,3.07 GB/s
2026-05-03 18:31:20,3.02 GB/s
2026-05-03 18:31:40,3.02 GB/s
2026-05-03 18:32:00,3.14 GB/s
2026-05-03 18:32:20,3.01 GB/s
2026-05-03 18:32:40,3.01 GB/s
2026-05-03 18:33:00,3.10 GB/s
2026-05-03 18:33:20,3.03 GB/s
2026-05-03 18:33:40,3.03 GB/s
2026-05-03 18:34:00,3.03 GB/s
2026-05-03 18:34:20,3.12 GB/s
2026-05-03 18:34:40,3.12 GB/s
2026-05-03 18:35:00,3.01 GB/s
2026-05-03 18:35:20,3.09 GB/s
2026-05-03 18:35:40,3.09 GB/s
2026-05-03 18:36:00,3.04 GB/s
2026-05-03 18:36:20,3.06 GB/s
2026-05-03 18:36:40,3.06 GB/s
2026-05-03 18:37:00,3.11 GB/s
2026-05-03 18:37:20,3.00 GB/s
2026-05-03 18:37:40,3.00 GB/s
2026-05-03 18:38:00,3.11 GB/s
2026-05-03 18:38:20,3.02 GB/s
2026-05-03 18:38:40,3.02 GB/s
2026-05-03 18:39:00,3.03 GB/s
2026-05-03 18:39:20,3.09 GB/s
2026-05-03 18:39:40,3.09 GB/s
2026-05-03 18:40:00,3.00 GB/s
2026-05-03 18:40:20,3.11 GB/s
2026-05-03 18:40:40,3.11 GB/s
2026-05-03 18:41:00,3.03 GB/s
2026-05-03 18:41:20,3.03 GB/s
2026-05-03 18:41:40,3.03 GB/s
2026-05-03 18:42:00,3.12 GB/s
2026-05-03 18:42:20,2.99 GB/s
2026-05-03 18:42:40,2.99 GB/s
2026-05-03 18:43:00,3.10 GB/s
2026-05-03 18:43:20,3.02 GB/s
2026-05-03 18:43:40,3.02 GB/s
2026-05-03 18:44:00,3.00 GB/s
2026-05-03 18:44:20,3.08 GB/s
2026-05-03 18:44:40,3.08 GB/s
2026-05-03 18:45:00,3.01 GB/s
2026-05-03 18:45:20,3.04 GB/s
2026-05-03 18:45:40,3.04 GB/s
2026-05-03 18:46:00,3.06 GB/s
2026-05-03 18:46:20,3.00 GB/s
2026-05-03 18:46:40,3.00 GB/s
2026-05-03 18:47:00,3.18 GB/s
2026-05-03 18:47:20,2.93 GB/s
2026-05-03 18:47:40,2.93 GB/s
2026-05-03 18:48:00,3.02 GB/s
2026-05-03 18:48:20,3.10 GB/s
2026-05-03 18:48:40,3.10 GB/s
2026-05-03 18:49:00,3.00 GB/s
2026-05-03 18:49:20,3.13 GB/s
2026-05-03 18:49:40,3.13 GB/s
2026-05-03 18:50:00,3.01 GB/s
2026-05-03 18:50:20,3.03 GB/s
2026-05-03 18:50:40,3.03 GB/s
2026-05-03 18:51:00,3.09 GB/s
2026-05-03 18:51:20,2.99 GB/s
2026-05-03 18:51:40,2.99 GB/s
2026-05-03 18:52:00,3.14 GB/s
2026-05-03 18:52:20,3.03 GB/s
2026-05-03 18:52:40,3.03 GB/s
2026-05-03 18:53:00,3.07 GB/s
2026-05-03 18:53:20,3.09 GB/s
2026-05-03 18:53:40,3.09 GB/s
2026-05-03 18:54:00,3.00 GB/s
2026-05-03 18:54:20,3.12 GB/s
2026-05-03 18:54:40,3.12 GB/s
2026-05-03 18:55:00,2.91 GB/s
2026-05-03 18:55:20,3.01 GB/s
2026-05-03 18:55:40,3.01 GB/s
2026-05-03 18:56:00,3.13 GB/s
2026-05-03 18:56:20,2.99 GB/s
2026-05-03 18:56:40,2.99 GB/s
2026-05-03 18:57:00,3.09 GB/s
2026-05-03 18:57:20,3.05 GB/s
2026-05-03 18:57:40,3.05 GB/s
2026-05-03 18:58:00,3.03 GB/s
2026-05-03 18:58:20,3.16 GB/s
2026-05-03 18:58:40,3.16 GB/s
2026-05-03 18:59:00,3.00 GB/s
2026-05-03 18:59:20,3.11 GB/s
2026-05-03 18:59:40,3.11 GB/s
2026-05-03 19:00:00,3.02 GB/s
2026-05-03 19:00:20,3.01 GB/s
2026-05-03 19:00:40,3.01 GB/s
2026-05-03 19:01:00,3.13 GB/s
2026-05-03 19:01:20,2.99 GB/s
2026-05-03 19:01:40,2.99 GB/s
2026-05-03 19:02:00,3.10 GB/s
2026-05-03 19:02:20,3.01 GB/s
2026-05-03 19:02:40,3.01 GB/s
2026-05-03 19:03:00,3.02 GB/s
2026-05-03 19:03:20,3.12 GB/s
2026-05-03 19:03:40,3.12 GB/s
2026-05-03 19:04:00,3.00 GB/s
2026-05-03 19:04:20,3.10 GB/s
2026-05-03 19:04:40,3.10 GB/s
2026-05-03 19:05:00,3.02 GB/s
2026-05-03 19:05:20,3.01 GB/s
2026-05-03 19:05:40,3.01 GB/s
2026-05-03 19:06:00,3.12 GB/s
2026-05-03 19:06:20,3.00 GB/s
2026-05-03 19:06:40,3.00 GB/s
2026-05-03 19:07:00,3.10 GB/s
2026-05-03 19:07:20,3.03 GB/s
2026-05-03 19:07:40,3.03 GB/s
2026-05-03 19:08:00,2.99 GB/s
2026-05-03 19:08:20,3.13 GB/s
2026-05-03 19:08:40,3.13 GB/s
2026-05-03 19:09:00,3.00 GB/s
2026-05-03 19:09:20,3.08 GB/s
2026-05-03 19:09:40,3.08 GB/s
2026-05-03 19:10:00,3.02 GB/s
2026-05-03 19:10:20,3.00 GB/s
2026-05-03 19:10:40,3.00 GB/s
2026-05-03 19:11:00,3.15 GB/s
2026-05-03 19:11:20,2.99 GB/s
2026-05-03 19:11:40,2.99 GB/s
2026-05-03 19:12:00,3.05 GB/s
2026-05-03 19:12:20,3.05 GB/s
2026-05-03 19:12:40,3.05 GB/s
2026-05-03 19:13:00,3.01 GB/s
2026-05-03 19:13:20,3.16 GB/s
2026-05-03 19:13:40,3.16 GB/s
2026-05-03 19:14:00,3.03 GB/s
2026-05-03 19:14:20,3.09 GB/s
2026-05-03 19:14:40,3.09 GB/s
2026-05-03 19:15:00,3.05 GB/s
2026-05-03 19:15:20,3.00 GB/s
2026-05-03 19:15:40,3.00 GB/s
2026-05-03 19:16:00,3.14 GB/s
2026-05-03 19:16:20,3.00 GB/s
2026-05-03 19:16:40,3.00 GB/s
2026-05-03 19:17:00,3.07 GB/s
2026-05-03 19:17:20,3.03 GB/s
2026-05-03 19:17:40,3.03 GB/s
2026-05-03 19:18:00,2.99 GB/s
2026-05-03 19:18:20,3.14 GB/s
2026-05-03 19:18:40,3.14 GB/s
2026-05-03 19:19:00,3.01 GB/s
2026-05-03 19:19:20,3.08 GB/s
2026-05-03 19:19:40,3.08 GB/s
2026-05-03 19:20:00,3.04 GB/s
2026-05-03 19:20:20,3.02 GB/s
2026-05-03 19:20:40,3.02 GB/s
2026-05-03 19:21:00,3.13 GB/s
2026-05-03 19:21:20,3.00 GB/s
2026-05-03 19:21:40,3.00 GB/s
2026-05-03 19:22:00,3.06 GB/s
2026-05-03 19:22:20,3.03 GB/s
2026-05-03 19:22:40,3.03 GB/s
2026-05-03 19:23:00,3.01 GB/s
2026-05-03 19:23:20,3.16 GB/s
2026-05-03 19:23:40,3.16 GB/s
2026-05-03 19:24:00,3.00 GB/s
2026-05-03 19:24:20,3.12 GB/s
2026-05-03 19:24:40,3.12 GB/s
2026-05-03 19:25:00,3.07 GB/s
2026-05-03 19:25:20,3.01 GB/s
2026-05-03 19:25:40,3.01 GB/s
2026-05-03 19:26:00,3.13 GB/s
2026-05-03 19:26:20,3.00 GB/s
2026-05-03 19:26:40,3.00 GB/s
2026-05-03 19:27:00,3.07 GB/s
2026-05-03 19:27:20,3.02 GB/s
2026-05-03 19:27:40,3.02 GB/s
2026-05-03 19:28:00,3.00 GB/s
2026-05-03 19:28:20,3.15 GB/s
2026-05-03 19:28:40,3.15 GB/s
2026-05-03 19:29:00,3.00 GB/s
2026-05-03 19:29:20,3.08 GB/s
2026-05-03 19:29:40,3.08 GB/s
2026-05-03 19:30:00,3.02 GB/s
2026-05-03 19:30:20,2.99 GB/s
2026-05-03 19:30:40,2.99 GB/s
2026-05-03 19:31:00,3.17 GB/s
2026-05-03 19:31:20,3.00 GB/s
2026-05-03 19:31:40,3.00 GB/s
2026-05-03 19:32:00,3.07 GB/s
2026-05-03 19:32:20,3.02 GB/s
2026-05-03 19:32:40,3.02 GB/s
2026-05-03 19:33:00,3.00 GB/s
2026-05-03 19:33:20,3.15 GB/s
2026-05-03 19:33:40,3.15 GB/s
2026-05-03 19:34:00,3.01 GB/s
2026-05-03 19:34:20,3.03 GB/s
2026-05-03 19:34:40,3.03 GB/s
2026-05-03 19:35:00,3.06 GB/s
2026-05-03 19:35:20,3.01 GB/s
2026-05-03 19:35:40,3.01 GB/s
2026-05-03 19:36:00,3.14 GB/s
2026-05-03 19:36:20,3.04 GB/s
2026-05-03 19:36:40,3.04 GB/s
2026-05-03 19:37:00,3.06 GB/s
2026-05-03 19:37:20,3.04 GB/s
2026-05-03 19:37:40,3.04 GB/s
2026-05-03 19:38:00,2.98 GB/s
2026-05-03 19:38:20,3.16 GB/s
2026-05-03 19:38:40,3.16 GB/s
2026-05-03 19:39:00,2.99 GB/s
2026-05-03 19:39:20,3.03 GB/s
2026-05-03 19:39:40,3.03 GB/s
2026-05-03 19:40:00,3.05 GB/s
2026-05-03 19:40:20,2.98 GB/s
2026-05-03 19:40:40,2.98 GB/s
2026-05-03 19:41:00,3.14 GB/s
2026-05-03 19:41:20,2.98 GB/s
2026-05-03 19:41:40,2.98 GB/s
2026-05-03 19:42:00,3.04 GB/s
2026-05-03 19:42:20,3.09 GB/s
2026-05-03 19:42:40,3.09 GB/s
2026-05-03 19:43:00,3.00 GB/s
2026-05-03 19:43:20,3.11 GB/s
2026-05-03 19:43:40,3.11 GB/s
2026-05-03 19:44:00,3.01 GB/s
2026-05-03 19:44:20,3.02 GB/s
2026-05-03 19:44:40,3.02 GB/s
2026-05-03 19:45:00,3.11 GB/s
2026-05-03 19:45:20,2.99 GB/s
2026-05-03 19:45:40,2.99 GB/s
2026-05-03 19:46:00,3.11 GB/s
2026-05-03 19:46:20,3.03 GB/s
2026-05-03 19:46:40,3.03 GB/s
2026-05-03 19:47:00,3.02 GB/s
2026-05-03 19:47:20,3.14 GB/s
2026-05-03 19:47:40,3.14 GB/s
2026-05-03 19:48:00,2.99 GB/s
2026-05-03 19:48:20,3.10 GB/s
2026-05-03 19:48:40,3.10 GB/s
2026-05-03 19:49:00,3.00 GB/s
2026-05-03 19:49:20,3.01 GB/s
2026-05-03 19:49:40,3.01 GB/s
2026-05-03 19:50:00,3.13 GB/s
2026-05-03 19:50:20,2.98 GB/s
2026-05-03 19:50:40,2.98 GB/s
2026-05-03 19:51:00,3.07 GB/s
2026-05-03 19:51:20,3.01 GB/s
2026-05-03 19:51:40,3.01 GB/s
2026-05-03 19:52:00,2.99 GB/s
2026-05-03 19:52:20,3.14 GB/s
2026-05-03 19:52:40,3.14 GB/s
2026-05-03 19:53:00,3.01 GB/s
2026-05-03 19:53:20,3.06 GB/s
2026-05-03 19:53:40,3.06 GB/s
2026-05-03 19:54:00,3.04 GB/s
2026-05-03 19:54:20,2.99 GB/s
2026-05-03 19:54:40,2.99 GB/s
2026-05-03 19:55:00,3.15 GB/s
2026-05-03 19:55:20,2.99 GB/s
2026-05-03 19:55:40,2.99 GB/s
2026-05-03 19:56:00,3.02 GB/s
2026-05-03 19:56:20,3.16 GB/s
2026-05-03 19:56:40,3.16 GB/s
2026-05-03 19:57:00,3.13 GB/s
2026-05-03 19:57:20,3.17 GB/s
2026-05-03 19:57:40,3.17 GB/s
2026-05-03 19:58:00,3.09 GB/s
2026-05-03 19:58:20,3.21 GB/s
2026-05-03 19:58:40,3.21 GB/s
2026-05-03 19:59:00,3.08 GB/s
2026-05-03 19:59:20,3.20 GB/s
2026-05-03 19:59:40,3.20 GB/s
2026-05-03 20:00:00,3.08 GB/s
2026-05-03 20:00:20,3.21 GB/s
2026-05-03 20:00:40,3.21 GB/s
2026-05-03 20:01:00,3.07 GB/s
2026-05-03 20:01:20,3.20 GB/s
2026-05-03 20:01:40,3.20 GB/s
2026-05-03 20:02:00,3.00 GB/s
2026-05-03 20:02:20,3.05 GB/s
2026-05-03 20:02:40,3.05 GB/s
2026-05-03 20:03:00,3.02 GB/s
2026-05-03 20:03:20,3.00 GB/s
2026-05-03 20:03:40,3.00 GB/s
2026-05-03 20:04:00,3.17 GB/s
2026-05-03 20:04:20,2.98 GB/s
2026-05-03 20:04:40,2.98 GB/s
2026-05-03 20:05:00,3.03 GB/s
2026-05-03 20:05:20,3.08 GB/s
2026-05-03 20:05:40,3.08 GB/s
2026-05-03 20:06:00,3.00 GB/s
2026-05-03 20:06:20,3.11 GB/s
2026-05-03 20:06:40,3.11 GB/s
2026-05-03 20:07:00,3.00 GB/s
2026-05-03 20:07:20,3.02 GB/s
2026-05-03 20:07:40,3.02 GB/s
2026-05-03 20:08:00,3.09 GB/s
2026-05-03 20:08:20,3.00 GB/s
2026-05-03 20:08:40,3.00 GB/s
2026-05-03 20:09:00,3.10 GB/s
2026-05-03 20:09:20,3.03 GB/s
2026-05-03 20:09:40,3.03 GB/s
2026-05-03 20:10:00,3.01 GB/s
2026-05-03 20:10:20,3.13 GB/s
2026-05-03 20:10:40,3.13 GB/s
2026-05-03 20:11:00,2.99 GB/s
2026-05-03 20:11:20,3.06 GB/s
2026-05-03 20:11:40,3.06 GB/s
2026-05-03 20:12:00,3.04 GB/s
2026-05-03 20:12:20,3.00 GB/s
2026-05-03 20:12:40,3.00 GB/s
2026-05-03 20:13:00,3.15 GB/s
2026-05-03 20:13:20,2.99 GB/s
2026-05-03 20:13:40,2.99 GB/s
2026-05-03 20:14:00,3.04 GB/s
2026-05-03 20:14:20,3.07 GB/s
2026-05-03 20:14:40,3.07 GB/s
2026-05-03 20:15:00,3.01 GB/s
2026-05-03 20:15:20,3.15 GB/s
2026-05-03 20:15:40,3.15 GB/s
2026-05-03 20:16:00,2.99 GB/s
2026-05-03 20:16:20,3.05 GB/s
2026-05-03 20:16:40,3.05 GB/s
2026-05-03 20:17:00,3.04 GB/s
2026-05-03 20:17:20,2.99 GB/s
2026-05-03 20:17:40,2.99 GB/s
2026-05-03 20:18:00,3.04 GB/s
2026-05-03 20:18:20,3.01 GB/s
2026-05-03 20:18:40,3.01 GB/s
2026-05-03 20:19:00,2.99 GB/s
2026-05-03 20:19:20,3.12 GB/s
2026-05-03 20:19:40,3.12 GB/s
2026-05-03 20:20:00,3.00 GB/s
2026-05-03 20:20:20,3.06 GB/s
2026-05-03 20:20:40,3.06 GB/s
2026-05-03 20:21:00,3.04 GB/s
2026-05-03 20:21:20,2.99 GB/s
2026-05-03 20:21:40,2.99 GB/s
2026-05-03 20:22:00,3.14 GB/s
2026-05-03 20:22:20,2.99 GB/s
2026-05-03 20:22:40,2.99 GB/s
2026-05-03 20:23:00,3.02 GB/s
2026-05-03 20:23:20,3.08 GB/s
2026-05-03 20:23:40,3.08 GB/s
2026-05-03 20:24:00,3.00 GB/s
2026-05-03 20:24:20,3.12 GB/s
2026-05-03 20:24:40,3.12 GB/s
2026-05-03 20:25:00,2.99 GB/s
2026-05-03 20:25:20,3.04 GB/s
2026-05-03 20:25:40,3.04 GB/s
2026-05-03 20:26:00,3.11 GB/s
2026-05-03 20:26:20,3.00 GB/s
2026-05-03 20:26:40,3.00 GB/s
2026-05-03 20:27:00,3.09 GB/s
2026-05-03 20:27:20,3.02 GB/s
2026-05-03 20:27:40,3.02 GB/s
2026-05-03 20:28:00,2.99 GB/s
2026-05-03 20:28:20,3.13 GB/s
2026-05-03 20:28:40,3.13 GB/s
2026-05-03 20:29:00,3.00 GB/s
2026-05-03 20:29:20,3.04 GB/s
2026-05-03 20:29:40,3.04 GB/s
2026-05-03 20:30:00,3.04 GB/s
2026-05-03 20:30:20,2.98 GB/s
2026-05-03 20:30:40,2.98 GB/s
2026-05-03 20:31:00,3.14 GB/s
2026-05-03 20:31:20,3.00 GB/s
2026-05-03 20:31:40,3.00 GB/s
2026-05-03 20:32:00,3.01 GB/s
2026-05-03 20:32:20,3.09 GB/s
2026-05-03 20:32:40,3.09 GB/s
2026-05-03 20:33:00,2.99 GB/s
2026-05-03 20:33:20,3.09 GB/s
2026-05-03 20:33:40,3.09 GB/s
2026-05-03 20:34:00,3.01 GB/s
2026-05-03 20:34:20,2.98 GB/s
2026-05-03 20:34:40,2.98 GB/s
2026-05-03 20:35:00,3.12 GB/s
2026-05-03 20:35:20,2.99 GB/s
2026-05-03 20:35:40,2.99 GB/s
2026-05-03 20:36:00,3.00 GB/s
2026-05-03 20:36:20,3.08 GB/s
2026-05-03 20:36:40,3.08 GB/s
2026-05-03 20:37:00,3.00 GB/s
2026-05-03 20:37:20,3.09 GB/s
2026-05-03 20:37:40,3.09 GB/s
2026-05-03 20:38:00,3.00 GB/s
2026-05-03 20:38:20,3.01 GB/s
2026-05-03 20:38:40,3.01 GB/s
2026-05-03 20:39:00,3.12 GB/s
2026-05-03 20:39:20,3.00 GB/s
2026-05-03 20:39:40,3.00 GB/s
2026-05-03 20:40:00,3.05 GB/s
2026-05-03 20:40:20,3.03 GB/s
2026-05-03 20:40:40,3.03 GB/s
2026-05-03 20:41:00,2.98 GB/s
2026-05-03 20:41:20,3.14 GB/s
2026-05-03 20:41:40,3.14 GB/s
2026-05-03 20:42:00,3.00 GB/s
2026-05-03 20:42:20,3.04 GB/s
2026-05-03 20:42:40,3.04 GB/s
2026-05-03 20:43:00,3.09 GB/s
2026-05-03 20:43:20,3.00 GB/s
2026-05-03 20:43:40,3.00 GB/s
2026-05-03 20:44:00,3.11 GB/s
2026-05-03 20:44:20,3.01 GB/s
2026-05-03 20:44:40,3.01 GB/s
2026-05-03 20:45:00,3.00 GB/s
2026-05-03 20:45:20,3.12 GB/s
2026-05-03 20:45:40,3.12 GB/s
2026-05-03 20:46:00,2.98 GB/s
2026-05-03 20:46:20,3.04 GB/s
2026-05-03 20:46:40,3.04 GB/s
2026-05-03 20:47:00,3.03 GB/s
2026-05-03 20:47:20,2.99 GB/s
2026-05-03 20:47:40,2.99 GB/s
2026-05-03 20:48:00,3.16 GB/s
2026-05-03 20:48:20,2.99 GB/s
2026-05-03 20:48:40,2.99 GB/s
2026-05-03 20:49:00,3.03 GB/s
2026-05-03 20:49:20,3.07 GB/s
2026-05-03 20:49:40,3.07 GB/s
2026-05-03 20:50:00,3.00 GB/s
2026-05-03 20:50:20,3.12 GB/s
2026-05-03 20:50:40,3.12 GB/s
2026-05-03 20:51:00,2.98 GB/s
2026-05-03 20:51:20,3.03 GB/s
2026-05-03 20:51:40,3.03 GB/s
2026-05-03 20:52:00,3.09 GB/s
2026-05-03 20:52:20,3.00 GB/s
2026-05-03 20:52:40,3.00 GB/s
2026-05-03 20:53:00,3.09 GB/s
2026-05-03 20:53:20,3.05 GB/s
2026-05-03 20:53:40,3.05 GB/s
2026-05-03 20:54:00,2.98 GB/s
2026-05-03 20:54:20,3.12 GB/s
2026-05-03 20:54:40,3.12 GB/s
2026-05-03 20:55:00,2.94 GB/s
2026-05-03 20:55:20,2.86 GB/s
2026-05-03 20:55:40,2.86 GB/s
2026-05-03 20:56:00,3.12 GB/s
2026-05-03 20:56:20,2.95 GB/s
2026-05-03 20:56:40,2.95 GB/s
2026-05-03 20:57:00,2.98 GB/s
2026-05-03 20:57:20,3.08 GB/s
2026-05-03 20:57:40,3.08 GB/s
2026-05-03 20:58:00,2.96 GB/s
2026-05-03 20:58:20,2.98 GB/s
2026-05-03 20:58:40,2.98 GB/s
2026-05-03 20:59:00,3.07 GB/s
2026-05-03 20:59:20,2.97 GB/s
2026-05-03 20:59:40,2.97 GB/s
2026-05-03 21:00:00,3.03 GB/s
2026-05-03 21:00:20,3.04 GB/s
2026-05-03 21:00:40,3.04 GB/s
2026-05-03 21:01:00,2.98 GB/s
2026-05-03 21:01:20,3.12 GB/s
2026-05-03 21:01:40,3.12 GB/s
2026-05-03 21:02:00,2.99 GB/s
2026-05-03 21:02:20,3.02 GB/s
2026-05-03 21:02:40,3.02 GB/s
2026-05-03 21:03:00,3.08 GB/s
2026-05-03 21:03:20,2.99 GB/s
2026-05-03 21:03:40,2.99 GB/s
2026-05-03 21:04:00,3.10 GB/s
2026-05-03 21:04:20,3.06 GB/s
2026-05-03 21:04:40,3.06 GB/s
2026-05-03 21:05:00,2.99 GB/s
2026-05-03 21:05:20,3.12 GB/s
2026-05-03 21:05:40,3.12 GB/s
2026-05-03 21:06:00,3.00 GB/s
2026-05-03 21:06:20,3.07 GB/s
2026-05-03 21:06:40,3.07 GB/s
2026-05-03 21:07:00,3.01 GB/s
2026-05-03 21:07:20,2.98 GB/s
2026-05-03 21:07:40,2.98 GB/s
2026-05-03 21:08:00,3.16 GB/s
2026-05-03 21:08:20,2.98 GB/s
2026-05-03 21:08:40,2.98 GB/s
2026-05-03 21:09:00,3.04 GB/s
2026-05-03 21:09:20,3.05 GB/s
2026-05-03 21:09:40,3.05 GB/s
2026-05-03 21:10:00,3.01 GB/s
2026-05-03 21:10:20,3.12 GB/s
2026-05-03 21:10:40,3.12 GB/s
2026-05-03 21:11:00,2.99 GB/s
2026-05-03 21:11:20,3.00 GB/s
2026-05-03 21:11:40,3.00 GB/s
2026-05-03 21:12:00,3.12 GB/s
2026-05-03 21:12:20,2.99 GB/s
2026-05-03 21:12:40,2.99 GB/s
2026-05-03 21:13:00,3.04 GB/s
2026-05-03 21:13:20,3.03 GB/s
2026-05-03 21:13:40,3.03 GB/s
2026-05-03 21:14:00,2.98 GB/s
2026-05-03 21:14:20,3.14 GB/s
2026-05-03 21:14:40,3.14 GB/s
2026-05-03 21:15:00,3.00 GB/s
2026-05-03 21:15:20,3.05 GB/s
2026-05-03 21:15:40,3.05 GB/s
2026-05-03 21:16:00,3.07 GB/s
2026-05-03 21:16:20,2.99 GB/s
2026-05-03 21:16:40,2.99 GB/s
2026-05-03 21:17:00,3.10 GB/s
2026-05-03 21:17:20,3.00 GB/s
2026-05-03 21:17:40,3.00 GB/s
2026-05-03 21:18:00,3.01 GB/s
2026-05-03 21:18:20,3.12 GB/s
2026-05-03 21:18:40,3.12 GB/s
2026-05-03 21:19:00,2.99 GB/s
2026-05-03 21:19:20,3.04 GB/s
2026-05-03 21:19:40,3.04 GB/s
2026-05-03 21:20:00,3.03 GB/s
2026-05-03 21:20:20,2.99 GB/s
2026-05-03 21:20:40,2.99 GB/s
2026-05-03 21:21:00,3.17 GB/s
2026-05-03 21:21:20,3.00 GB/s
2026-05-03 21:21:40,3.00 GB/s
2026-05-03 21:22:00,3.04 GB/s
2026-05-03 21:22:20,3.06 GB/s
2026-05-03 21:22:40,3.06 GB/s
2026-05-03 21:23:00,2.99 GB/s
2026-05-03 21:23:20,3.14 GB/s
2026-05-03 21:23:40,3.14 GB/s
2026-05-03 21:24:00,3.01 GB/s
2026-05-03 21:24:20,3.02 GB/s
2026-05-03 21:24:40,3.02 GB/s
2026-05-03 21:25:00,3.09 GB/s
2026-05-03 21:25:20,3.01 GB/s
2026-05-03 21:25:40,3.01 GB/s
2026-05-03 21:26:00,3.09 GB/s