"Time","20.118.208.91:9100 eth0 rx","20.118.208.91:9100 eth0 tx"
2026-06-03 02:45:00,38.3 p/s,36.9 p/s
2026-06-03 02:45:15,39.2 p/s,37.7 p/s
2026-06-03 02:45:30,39.1 p/s,37.6 p/s
2026-06-03 02:45:45,38.6 p/s,37.2 p/s
2026-06-03 02:46:00,37.2 p/s,35.9 p/s
2026-06-03 02:46:15,37.2 p/s,35.9 p/s
2026-06-03 02:46:30,37.6 p/s,36.4 p/s
2026-06-03 02:46:45,37.1 p/s,35.8 p/s
2026-06-03 02:47:00,37.2 p/s,35.8 p/s
2026-06-03 02:47:15,37.5 p/s,36.2 p/s
2026-06-03 02:47:30,38.4 p/s,36.9 p/s
2026-06-03 02:47:45,38.3 p/s,36.8 p/s
2026-06-03 02:48:00,38.4 p/s,36.8 p/s
2026-06-03 02:48:15,38.5 p/s,36.8 p/s
2026-06-03 02:48:30,39.3 p/s,37.7 p/s
2026-06-03 02:48:45,40.3 p/s,38.5 p/s
2026-06-03 02:49:00,40.4 p/s,38.6 p/s
2026-06-03 02:49:15,40.8 p/s,39.0 p/s
2026-06-03 02:49:30,41.1 p/s,39.1 p/s
2026-06-03 02:49:45,41.5 p/s,39.4 p/s
2026-06-03 02:50:00,41.6 p/s,39.5 p/s
2026-06-03 02:50:15,41.7 p/s,39.8 p/s
2026-06-03 02:50:30,42.9 p/s,40.8 p/s
2026-06-03 02:50:45,43.9 p/s,41.7 p/s
2026-06-03 02:51:00,44.4 p/s,42.0 p/s
2026-06-03 02:51:15,45.1 p/s,42.7 p/s
2026-06-03 02:51:30,46.0 p/s,43.5 p/s
2026-06-03 02:51:45,45.7 p/s,43.3 p/s
2026-06-03 02:52:00,45.7 p/s,43.3 p/s
2026-06-03 02:52:15,45.3 p/s,43.0 p/s
2026-06-03 02:52:30,45.2 p/s,42.8 p/s
2026-06-03 02:52:45,45.0 p/s,42.7 p/s
2026-06-03 02:53:00,45.1 p/s,42.7 p/s
2026-06-03 02:53:15,45.1 p/s,42.7 p/s
2026-06-03 02:53:30,45.3 p/s,42.8 p/s
2026-06-03 02:53:45,45.2 p/s,42.8 p/s
2026-06-03 02:54:00,45.2 p/s,42.7 p/s
2026-06-03 02:54:15,45.2 p/s,42.8 p/s
2026-06-03 02:54:30,45.4 p/s,43.0 p/s
2026-06-03 02:54:45,45.4 p/s,42.9 p/s
2026-06-03 02:55:00,44.8 p/s,42.3 p/s
2026-06-03 02:55:15,44.9 p/s,42.4 p/s
2026-06-03 02:55:30,45.2 p/s,42.7 p/s
2026-06-03 02:55:45,44.3 p/s,41.9 p/s
2026-06-03 02:56:00,44.2 p/s,41.8 p/s
2026-06-03 02:56:15,43.8 p/s,41.4 p/s
2026-06-03 02:56:30,43.5 p/s,41.2 p/s
2026-06-03 02:56:45,43.5 p/s,41.1 p/s
2026-06-03 02:57:00,44.0 p/s,41.6 p/s
2026-06-03 02:57:15,44.1 p/s,41.8 p/s
2026-06-03 02:57:30,44.1 p/s,41.8 p/s
2026-06-03 02:57:45,44.1 p/s,41.9 p/s
2026-06-03 02:58:00,44.0 p/s,41.8 p/s
2026-06-03 02:58:15,44.0 p/s,41.8 p/s
2026-06-03 02:58:30,44.2 p/s,42.0 p/s
2026-06-03 02:58:45,42.8 p/s,40.7 p/s
2026-06-03 02:59:00,42.1 p/s,40.0 p/s
2026-06-03 02:59:15,42.0 p/s,39.9 p/s
2026-06-03 02:59:30,40.8 p/s,38.8 p/s
2026-06-03 02:59:45,41.2 p/s,39.2 p/s
2026-06-03 03:00:00,41.1 p/s,39.0 p/s
2026-06-03 03:00:15,41.0 p/s,39.0 p/s
2026-06-03 03:00:30,40.2 p/s,38.3 p/s
2026-06-03 03:00:45,39.9 p/s,38.1 p/s
2026-06-03 03:01:00,40.2 p/s,38.4 p/s
2026-06-03 03:01:15,40.6 p/s,38.8 p/s
2026-06-03 03:01:30,40.1 p/s,38.2 p/s
2026-06-03 03:01:45,40.0 p/s,38.2 p/s
2026-06-03 03:02:00,39.3 p/s,37.5 p/s
2026-06-03 03:02:15,39.4 p/s,37.4 p/s
2026-06-03 03:02:30,38.7 p/s,36.8 p/s
2026-06-03 03:02:45,37.9 p/s,36.1 p/s
2026-06-03 03:03:00,37.9 p/s,35.9 p/s
2026-06-03 03:03:15,37.6 p/s,35.7 p/s
2026-06-03 03:03:30,38.9 p/s,36.9 p/s
2026-06-03 03:03:45,39.6 p/s,37.6 p/s
2026-06-03 03:04:00,39.6 p/s,37.6 p/s
2026-06-03 03:04:15,40.2 p/s,38.3 p/s
2026-06-03 03:04:30,40.1 p/s,38.2 p/s
2026-06-03 03:04:45,40.2 p/s,38.3 p/s
2026-06-03 03:05:00,40.6 p/s,38.6 p/s
2026-06-03 03:05:15,41.9 p/s,39.8 p/s
2026-06-03 03:05:30,42.2 p/s,40.0 p/s
2026-06-03 03:05:45,42.1 p/s,40.0 p/s
2026-06-03 03:06:00,42.1 p/s,39.9 p/s
2026-06-03 03:06:15,42.6 p/s,40.5 p/s
2026-06-03 03:06:30,42.8 p/s,40.5 p/s
2026-06-03 03:06:45,43.5 p/s,41.2 p/s
2026-06-03 03:07:00,43.5 p/s,41.2 p/s
2026-06-03 03:07:15,44.3 p/s,42.0 p/s
2026-06-03 03:07:30,45.0 p/s,42.6 p/s
2026-06-03 03:07:45,45.1 p/s,42.8 p/s
2026-06-03 03:08:00,45.3 p/s,42.8 p/s
2026-06-03 03:08:15,45.4 p/s,43.0 p/s
2026-06-03 03:08:30,45.3 p/s,42.9 p/s
2026-06-03 03:08:45,45.3 p/s,43.0 p/s
2026-06-03 03:09:00,45.9 p/s,43.4 p/s
2026-06-03 03:09:15,46.1 p/s,43.8 p/s
2026-06-03 03:09:30,45.8 p/s,43.4 p/s
2026-06-03 03:09:45,45.2 p/s,42.8 p/s
2026-06-03 03:10:00,44.8 p/s,42.4 p/s
2026-06-03 03:10:15,44.8 p/s,42.5 p/s
2026-06-03 03:10:30,44.8 p/s,42.5 p/s
2026-06-03 03:10:45,44.0 p/s,41.8 p/s
2026-06-03 03:11:00,42.9 p/s,40.7 p/s
2026-06-03 03:11:15,43.0 p/s,41.0 p/s
2026-06-03 03:11:30,42.9 p/s,41.0 p/s
2026-06-03 03:11:45,42.9 p/s,41.0 p/s
2026-06-03 03:12:00,41.8 p/s,40.0 p/s
2026-06-03 03:12:15,41.4 p/s,39.7 p/s
2026-06-03 03:12:30,40.6 p/s,38.9 p/s
2026-06-03 03:12:45,40.6 p/s,39.0 p/s
2026-06-03 03:13:00,40.1 p/s,38.5 p/s
2026-06-03 03:13:15,39.9 p/s,38.4 p/s
2026-06-03 03:13:30,39.9 p/s,38.4 p/s
2026-06-03 03:13:45,39.2 p/s,37.7 p/s
2026-06-03 03:14:00,39.1 p/s,37.6 p/s
2026-06-03 03:14:15,39.5 p/s,38.0 p/s
2026-06-03 03:14:30,38.6 p/s,37.3 p/s
2026-06-03 03:14:45,39.0 p/s,37.7 p/s
2026-06-03 03:15:00,38.9 p/s,37.6 p/s
2026-06-03 03:15:15,38.8 p/s,37.4 p/s
2026-06-03 03:15:30,39.1 p/s,37.8 p/s
2026-06-03 03:15:45,40.1 p/s,38.7 p/s
2026-06-03 03:16:00,39.9 p/s,38.5 p/s
2026-06-03 03:16:15,39.7 p/s,38.3 p/s
2026-06-03 03:16:30,39.8 p/s,38.3 p/s
2026-06-03 03:16:45,40.8 p/s,39.2 p/s
2026-06-03 03:17:00,41.4 p/s,39.6 p/s
2026-06-03 03:17:15,42.2 p/s,40.4 p/s
2026-06-03 03:17:30,42.1 p/s,40.4 p/s
2026-06-03 03:17:45,42.6 p/s,40.9 p/s
2026-06-03 03:18:00,42.8 p/s,40.9 p/s
2026-06-03 03:18:15,42.8 p/s,40.9 p/s
2026-06-03 03:18:30,43.6 p/s,41.6 p/s
2026-06-03 03:18:45,43.6 p/s,41.5 p/s
2026-06-03 03:19:00,43.7 p/s,41.4 p/s
2026-06-03 03:19:15,45.2 p/s,42.9 p/s
2026-06-03 03:19:30,45.1 p/s,42.8 p/s
2026-06-03 03:19:45,45.2 p/s,42.8 p/s
2026-06-03 03:20:00,45.4 p/s,42.9 p/s
2026-06-03 03:20:15,45.2 p/s,42.8 p/s
2026-06-03 03:20:30,44.1 p/s,41.8 p/s
2026-06-03 03:20:45,43.7 p/s,41.3 p/s
2026-06-03 03:21:00,42.8 p/s,40.5 p/s
2026-06-03 03:21:15,42.2 p/s,39.9 p/s
2026-06-03 03:21:30,41.1 p/s,38.8 p/s
2026-06-03 03:21:45,39.8 p/s,37.7 p/s
2026-06-03 03:22:00,39.9 p/s,37.6 p/s
2026-06-03 03:22:15,40.1 p/s,37.8 p/s
2026-06-03 03:22:30,40.3 p/s,37.8 p/s
2026-06-03 03:22:45,40.3 p/s,37.8 p/s
2026-06-03 03:23:00,40.3 p/s,37.8 p/s
2026-06-03 03:23:15,40.3 p/s,37.9 p/s
2026-06-03 03:23:30,39.9 p/s,37.5 p/s
2026-06-03 03:23:45,39.4 p/s,37.1 p/s
2026-06-03 03:24:00,38.0 p/s,35.7 p/s
2026-06-03 03:24:15,36.3 p/s,34.1 p/s
2026-06-03 03:24:30,36.4 p/s,34.2 p/s
2026-06-03 03:24:45,36.5 p/s,34.3 p/s
2026-06-03 03:25:00,37.2 p/s,34.8 p/s
2026-06-03 03:25:15,37.7 p/s,35.4 p/s
2026-06-03 03:25:30,38.2 p/s,35.9 p/s
2026-06-03 03:25:45,38.0 p/s,35.7 p/s
2026-06-03 03:26:00,38.7 p/s,36.3 p/s
2026-06-03 03:26:15,39.5 p/s,37.2 p/s
2026-06-03 03:26:30,41.0 p/s,38.6 p/s
2026-06-03 03:26:45,40.3 p/s,37.9 p/s
2026-06-03 03:27:00,39.3 p/s,37.0 p/s
2026-06-03 03:27:15,37.4 p/s,35.4 p/s
2026-06-03 03:27:30,36.2 p/s,34.3 p/s
2026-06-03 03:27:45,36.2 p/s,34.3 p/s
2026-06-03 03:28:00,35.8 p/s,34.0 p/s
2026-06-03 03:28:15,36.2 p/s,34.3 p/s
2026-06-03 03:28:30,36.0 p/s,34.1 p/s
2026-06-03 03:28:45,36.2 p/s,34.3 p/s
2026-06-03 03:29:00,37.4 p/s,35.4 p/s
2026-06-03 03:29:15,37.3 p/s,35.3 p/s
2026-06-03 03:29:30,36.7 p/s,34.8 p/s
2026-06-03 03:29:45,36.8 p/s,34.9 p/s
2026-06-03 03:30:00,37.6 p/s,35.6 p/s
2026-06-03 03:30:15,37.7 p/s,35.7 p/s
2026-06-03 03:30:30,39.1 p/s,37.0 p/s
2026-06-03 03:30:45,38.7 p/s,36.6 p/s
2026-06-03 03:31:00,38.4 p/s,36.2 p/s
2026-06-03 03:31:15,37.4 p/s,35.2 p/s
2026-06-03 03:31:30,36.9 p/s,34.8 p/s
2026-06-03 03:31:45,36.8 p/s,34.6 p/s
2026-06-03 03:32:00,37.1 p/s,35.0 p/s
2026-06-03 03:32:15,38.2 p/s,35.8 p/s
2026-06-03 03:32:30,37.6 p/s,35.4 p/s
2026-06-03 03:32:45,37.9 p/s,35.8 p/s
2026-06-03 03:33:00,38.0 p/s,35.9 p/s
2026-06-03 03:33:15,38.1 p/s,36.0 p/s
2026-06-03 03:33:30,39.4 p/s,37.2 p/s
2026-06-03 03:33:45,39.9 p/s,37.7 p/s
2026-06-03 03:34:00,39.7 p/s,37.5 p/s
2026-06-03 03:34:15,39.2 p/s,37.1 p/s
2026-06-03 03:34:30,39.1 p/s,37.0 p/s
2026-06-03 03:34:45,38.0 p/s,36.0 p/s
2026-06-03 03:35:00,37.9 p/s,36.0 p/s
2026-06-03 03:35:15,37.9 p/s,36.0 p/s
2026-06-03 03:35:30,37.7 p/s,35.9 p/s
2026-06-03 03:35:45,37.7 p/s,35.8 p/s
2026-06-03 03:36:00,38.3 p/s,36.5 p/s
2026-06-03 03:36:15,39.6 p/s,37.8 p/s
2026-06-03 03:36:30,40.6 p/s,38.7 p/s
2026-06-03 03:36:45,41.9 p/s,39.9 p/s
2026-06-03 03:37:00,42.1 p/s,40.1 p/s
2026-06-03 03:37:15,42.6 p/s,40.6 p/s
2026-06-03 03:37:30,42.6 p/s,40.6 p/s
2026-06-03 03:37:45,42.6 p/s,40.5 p/s
2026-06-03 03:38:00,43.2 p/s,41.2 p/s
2026-06-03 03:38:15,43.2 p/s,41.2 p/s
2026-06-03 03:38:30,43.2 p/s,41.2 p/s
2026-06-03 03:38:45,43.4 p/s,41.4 p/s
2026-06-03 03:39:00,44.5 p/s,42.4 p/s
2026-06-03 03:39:15,44.7 p/s,42.5 p/s
2026-06-03 03:39:30,45.6 p/s,43.4 p/s
2026-06-03 03:39:45,45.6 p/s,43.3 p/s
2026-06-03 03:40:00,45.3 p/s,43.1 p/s
2026-06-03 03:40:15,46.0 p/s,43.7 p/s
2026-06-03 03:40:30,46.6 p/s,44.3 p/s
2026-06-03 03:40:45,46.6 p/s,44.3 p/s
2026-06-03 03:41:00,46.6 p/s,44.2 p/s
2026-06-03 03:41:15,45.7 p/s,43.4 p/s
2026-06-03 03:41:30,45.8 p/s,43.5 p/s
2026-06-03 03:41:45,45.9 p/s,43.5 p/s
2026-06-03 03:42:00,45.8 p/s,43.5 p/s
2026-06-03 03:42:15,45.8 p/s,43.4 p/s
2026-06-03 03:42:30,45.8 p/s,43.4 p/s
2026-06-03 03:42:45,45.7 p/s,43.3 p/s
2026-06-03 03:43:00,45.7 p/s,43.2 p/s
2026-06-03 03:43:15,45.8 p/s,43.3 p/s
2026-06-03 03:43:30,45.7 p/s,43.3 p/s
2026-06-03 03:43:45,45.6 p/s,43.1 p/s
2026-06-03 03:44:00,45.2 p/s,42.7 p/s
2026-06-03 03:44:15,45.1 p/s,42.6 p/s
2026-06-03 03:44:30,44.9 p/s,42.5 p/s
2026-06-03 03:44:45,44.3 p/s,41.9 p/s
2026-06-03 03:45:00,43.6 p/s,41.2 p/s
2026-06-03 03:45:15,42.8 p/s,40.5 p/s
2026-06-03 03:45:30,42.5 p/s,40.1 p/s
2026-06-03 03:45:45,42.5 p/s,40.1 p/s
2026-06-03 03:46:00,43.4 p/s,41.0 p/s
2026-06-03 03:46:15,43.5 p/s,41.0 p/s
2026-06-03 03:46:30,43.5 p/s,41.1 p/s
2026-06-03 03:46:45,43.6 p/s,41.2 p/s
2026-06-03 03:47:00,43.8 p/s,41.3 p/s
2026-06-03 03:47:15,43.8 p/s,41.4 p/s
2026-06-03 03:47:30,43.9 p/s,41.5 p/s
2026-06-03 03:47:45,43.4 p/s,41.0 p/s
2026-06-03 03:48:00,43.3 p/s,40.9 p/s
2026-06-03 03:48:15,43.3 p/s,40.9 p/s
2026-06-03 03:48:30,43.3 p/s,41.0 p/s
2026-06-03 03:48:45,43.5 p/s,41.2 p/s
2026-06-03 03:49:00,43.1 p/s,40.8 p/s
2026-06-03 03:49:15,42.9 p/s,40.7 p/s
2026-06-03 03:49:30,43.1 p/s,40.9 p/s
2026-06-03 03:49:45,43.4 p/s,41.1 p/s
2026-06-03 03:50:00,44.4 p/s,42.0 p/s
2026-06-03 03:50:15,44.7 p/s,42.3 p/s
2026-06-03 03:50:30,43.9 p/s,41.7 p/s
2026-06-03 03:50:45,43.9 p/s,41.7 p/s
2026-06-03 03:51:00,43.3 p/s,41.2 p/s
2026-06-03 03:51:15,42.7 p/s,40.5 p/s
2026-06-03 03:51:30,42.5 p/s,40.4 p/s
2026-06-03 03:51:45,41.5 p/s,39.5 p/s
2026-06-03 03:52:00,41.6 p/s,39.4 p/s
2026-06-03 03:52:15,41.4 p/s,39.4 p/s
2026-06-03 03:52:30,41.9 p/s,39.8 p/s
2026-06-03 03:52:45,42.1 p/s,40.0 p/s
2026-06-03 03:53:00,42.1 p/s,40.0 p/s
2026-06-03 03:53:15,42.1 p/s,40.1 p/s
2026-06-03 03:53:30,42.2 p/s,40.2 p/s
2026-06-03 03:53:45,42.6 p/s,40.5 p/s
2026-06-03 03:54:00,42.0 p/s,40.0 p/s
2026-06-03 03:54:15,42.6 p/s,40.5 p/s
2026-06-03 03:54:30,42.8 p/s,40.6 p/s
2026-06-03 03:54:45,42.5 p/s,40.4 p/s
2026-06-03 03:55:00,42.1 p/s,40.0 p/s
2026-06-03 03:55:15,42.8 p/s,40.6 p/s
2026-06-03 03:55:30,42.7 p/s,40.6 p/s
2026-06-03 03:55:45,43.1 p/s,40.9 p/s
2026-06-03 03:56:00,43.6 p/s,41.5 p/s
2026-06-03 03:56:15,43.9 p/s,41.6 p/s
2026-06-03 03:56:30,44.7 p/s,42.5 p/s
2026-06-03 03:56:45,44.5 p/s,42.3 p/s
2026-06-03 03:57:00,44.6 p/s,42.4 p/s
2026-06-03 03:57:15,44.6 p/s,42.4 p/s
2026-06-03 03:57:30,44.4 p/s,42.2 p/s
2026-06-03 03:57:45,44.3 p/s,42.1 p/s
2026-06-03 03:58:00,44.2 p/s,42.1 p/s
2026-06-03 03:58:15,44.2 p/s,42.1 p/s
2026-06-03 03:58:30,44.3 p/s,42.3 p/s
2026-06-03 03:58:45,45.4 p/s,43.2 p/s
2026-06-03 03:59:00,45.4 p/s,43.2 p/s
2026-06-03 03:59:15,45.7 p/s,43.5 p/s
2026-06-03 03:59:30,45.0 p/s,42.9 p/s
2026-06-03 03:59:45,45.4 p/s,43.2 p/s
2026-06-03 04:00:00,45.4 p/s,43.2 p/s
2026-06-03 04:00:15,45.2 p/s,43.1 p/s
2026-06-03 04:00:30,45.3 p/s,43.1 p/s
2026-06-03 04:00:45,45.3 p/s,43.1 p/s
2026-06-03 04:01:00,43.7 p/s,41.7 p/s
2026-06-03 04:01:15,43.9 p/s,41.8 p/s
2026-06-03 04:01:30,43.4 p/s,41.4 p/s
2026-06-03 04:01:45,43.6 p/s,41.5 p/s
2026-06-03 04:02:00,43.5 p/s,41.5 p/s
2026-06-03 04:02:15,43.6 p/s,41.6 p/s
2026-06-03 04:02:30,43.7 p/s,41.7 p/s
2026-06-03 04:02:45,43.8 p/s,41.7 p/s
2026-06-03 04:03:00,43.8 p/s,41.8 p/s
2026-06-03 04:03:15,43.8 p/s,41.7 p/s
2026-06-03 04:03:30,43.8 p/s,41.8 p/s
2026-06-03 04:03:45,43.7 p/s,41.7 p/s
2026-06-03 04:04:00,43.8 p/s,41.8 p/s
2026-06-03 04:04:15,44.5 p/s,42.5 p/s
2026-06-03 04:04:30,44.7 p/s,42.7 p/s
2026-06-03 04:04:45,44.8 p/s,42.9 p/s
2026-06-03 04:05:00,44.9 p/s,42.9 p/s
2026-06-03 04:05:15,44.9 p/s,43.1 p/s
2026-06-03 04:05:30,45.1 p/s,43.1 p/s
2026-06-03 04:05:45,46.6 p/s,44.5 p/s
2026-06-03 04:06:00,46.5 p/s,44.4 p/s
2026-06-03 04:06:15,47.1 p/s,45.0 p/s
2026-06-03 04:06:30,47.2 p/s,45.0 p/s
2026-06-03 04:06:45,47.3 p/s,45.1 p/s
2026-06-03 04:07:00,47.3 p/s,45.0 p/s
2026-06-03 04:07:15,47.6 p/s,45.2 p/s
2026-06-03 04:07:30,47.5 p/s,45.1 p/s
2026-06-03 04:07:45,47.4 p/s,45.1 p/s
2026-06-03 04:08:00,47.5 p/s,45.1 p/s
2026-06-03 04:08:15,47.4 p/s,45.1 p/s
2026-06-03 04:08:30,47.4 p/s,45.1 p/s
2026-06-03 04:08:45,47.4 p/s,45.1 p/s
2026-06-03 04:09:00,47.3 p/s,44.9 p/s
2026-06-03 04:09:15,47.4 p/s,45.0 p/s
2026-06-03 04:09:30,47.3 p/s,44.9 p/s
2026-06-03 04:09:45,47.5 p/s,45.1 p/s
2026-06-03 04:10:00,47.4 p/s,44.9 p/s
2026-06-03 04:10:15,47.6 p/s,45.2 p/s
2026-06-03 04:10:30,47.5 p/s,45.1 p/s
2026-06-03 04:10:45,47.5 p/s,45.1 p/s
2026-06-03 04:11:00,47.4 p/s,45.0 p/s
2026-06-03 04:11:15,47.4 p/s,45.1 p/s
2026-06-03 04:11:30,47.2 p/s,45.0 p/s
2026-06-03 04:11:45,47.3 p/s,45.0 p/s
2026-06-03 04:12:00,47.1 p/s,44.8 p/s
2026-06-03 04:12:15,46.8 p/s,44.5 p/s
2026-06-03 04:12:30,46.9 p/s,44.5 p/s
2026-06-03 04:12:45,46.9 p/s,44.6 p/s
2026-06-03 04:13:00,46.6 p/s,44.3 p/s
2026-06-03 04:13:15,46.9 p/s,44.5 p/s
2026-06-03 04:13:30,46.7 p/s,44.4 p/s
2026-06-03 04:13:45,46.9 p/s,44.5 p/s
2026-06-03 04:14:00,46.8 p/s,44.3 p/s
2026-06-03 04:14:15,46.9 p/s,44.5 p/s
2026-06-03 04:14:30,46.9 p/s,44.5 p/s
2026-06-03 04:14:45,46.8 p/s,44.4 p/s
2026-06-03 04:15:00,46.0 p/s,43.6 p/s
2026-06-03 04:15:15,44.8 p/s,42.6 p/s
2026-06-03 04:15:30,44.0 p/s,41.8 p/s
2026-06-03 04:15:45,44.1 p/s,41.7 p/s
2026-06-03 04:16:00,43.6 p/s,41.2 p/s
2026-06-03 04:16:15,42.3 p/s,40.0 p/s
2026-06-03 04:16:30,41.5 p/s,39.4 p/s
2026-06-03 04:16:45,41.5 p/s,39.4 p/s
2026-06-03 04:17:00,41.9 p/s,39.8 p/s
2026-06-03 04:17:15,42.0 p/s,39.9 p/s
2026-06-03 04:17:30,41.8 p/s,39.6 p/s
2026-06-03 04:17:45,42.1 p/s,39.9 p/s
2026-06-03 04:18:00,41.9 p/s,39.6 p/s
2026-06-03 04:18:15,42.1 p/s,39.9 p/s
2026-06-03 04:18:30,41.9 p/s,39.7 p/s
2026-06-03 04:18:45,42.0 p/s,39.7 p/s
2026-06-03 04:19:00,41.8 p/s,39.6 p/s
2026-06-03 04:19:15,42.0 p/s,39.8 p/s
2026-06-03 04:19:30,42.2 p/s,39.9 p/s
2026-06-03 04:19:45,42.8 p/s,40.4 p/s
2026-06-03 04:20:00,43.6 p/s,41.2 p/s
2026-06-03 04:20:15,43.8 p/s,41.5 p/s
2026-06-03 04:20:30,43.7 p/s,41.4 p/s
2026-06-03 04:20:45,44.1 p/s,41.7 p/s
2026-06-03 04:21:00,44.8 p/s,42.3 p/s
2026-06-03 04:21:15,45.4 p/s,43.0 p/s
2026-06-03 04:21:30,45.5 p/s,42.9 p/s
2026-06-03 04:21:45,45.5 p/s,42.9 p/s
2026-06-03 04:22:00,45.3 p/s,42.8 p/s
2026-06-03 04:22:15,45.5 p/s,43.1 p/s
2026-06-03 04:22:30,45.4 p/s,43.0 p/s
2026-06-03 04:22:45,44.9 p/s,42.5 p/s
2026-06-03 04:23:00,44.5 p/s,42.1 p/s
2026-06-03 04:23:15,44.6 p/s,42.2 p/s
2026-06-03 04:23:30,44.6 p/s,42.2 p/s
2026-06-03 04:23:45,44.5 p/s,42.1 p/s
2026-06-03 04:24:00,44.2 p/s,41.8 p/s
2026-06-03 04:24:15,44.1 p/s,41.8 p/s
2026-06-03 04:24:30,44.0 p/s,41.8 p/s
2026-06-03 04:24:45,44.4 p/s,42.0 p/s
2026-06-03 04:25:00,44.8 p/s,42.4 p/s
2026-06-03 04:25:15,44.9 p/s,42.5 p/s
2026-06-03 04:25:30,45.1 p/s,42.7 p/s
2026-06-03 04:25:45,45.7 p/s,43.3 p/s
2026-06-03 04:26:00,45.6 p/s,43.2 p/s
2026-06-03 04:26:15,45.6 p/s,43.2 p/s
2026-06-03 04:26:30,45.5 p/s,43.1 p/s
2026-06-03 04:26:45,45.3 p/s,43.0 p/s
2026-06-03 04:27:00,44.9 p/s,42.6 p/s
2026-06-03 04:27:15,45.0 p/s,42.7 p/s
2026-06-03 04:27:30,45.5 p/s,43.2 p/s
2026-06-03 04:27:45,45.6 p/s,43.4 p/s
2026-06-03 04:28:00,44.4 p/s,42.3 p/s
2026-06-03 04:28:15,42.8 p/s,40.8 p/s
2026-06-03 04:28:30,41.6 p/s,39.7 p/s
2026-06-03 04:28:45,40.5 p/s,38.7 p/s
2026-06-03 04:29:00,39.7 p/s,38.0 p/s
2026-06-03 04:29:15,39.0 p/s,37.4 p/s
2026-06-03 04:29:30,38.3 p/s,36.7 p/s
2026-06-03 04:29:45,38.2 p/s,36.7 p/s
2026-06-03 04:30:00,38.2 p/s,36.7 p/s
2026-06-03 04:30:15,37.9 p/s,36.5 p/s
2026-06-03 04:30:30,37.2 p/s,35.7 p/s
2026-06-03 04:30:45,36.6 p/s,35.1 p/s
2026-06-03 04:31:00,34.6 p/s,33.2 p/s
2026-06-03 04:31:15,34.2 p/s,32.9 p/s
2026-06-03 04:31:30,33.1 p/s,31.9 p/s
2026-06-03 04:31:45,32.4 p/s,31.2 p/s
2026-06-03 04:32:00,31.2 p/s,30.1 p/s
2026-06-03 04:32:15,31.1 p/s,30.0 p/s
2026-06-03 04:32:30,30.0 p/s,28.9 p/s
2026-06-03 04:32:45,30.3 p/s,29.1 p/s
2026-06-03 04:33:00,31.8 p/s,30.5 p/s
2026-06-03 04:33:15,33.2 p/s,31.7 p/s
2026-06-03 04:33:30,34.2 p/s,32.8 p/s
2026-06-03 04:33:45,34.8 p/s,33.3 p/s
2026-06-03 04:34:00,35.6 p/s,33.9 p/s
2026-06-03 04:34:15,36.4 p/s,34.7 p/s
2026-06-03 04:34:30,36.1 p/s,34.4 p/s
2026-06-03 04:34:45,36.2 p/s,34.4 p/s
2026-06-03 04:35:00,36.5 p/s,34.7 p/s
2026-06-03 04:35:15,37.3 p/s,35.4 p/s
2026-06-03 04:35:30,38.0 p/s,36.3 p/s
2026-06-03 04:35:45,39.5 p/s,37.6 p/s
2026-06-03 04:36:00,39.7 p/s,37.7 p/s
2026-06-03 04:36:15,40.3 p/s,38.2 p/s
2026-06-03 04:36:30,40.7 p/s,38.6 p/s
2026-06-03 04:36:45,40.4 p/s,38.4 p/s
2026-06-03 04:37:00,40.6 p/s,38.5 p/s
2026-06-03 04:37:15,40.7 p/s,38.7 p/s
2026-06-03 04:37:30,40.7 p/s,38.7 p/s
2026-06-03 04:37:45,40.4 p/s,38.5 p/s
2026-06-03 04:38:00,40.1 p/s,38.2 p/s
2026-06-03 04:38:15,39.6 p/s,37.7 p/s
2026-06-03 04:38:30,39.2 p/s,37.3 p/s
2026-06-03 04:38:45,39.1 p/s,37.4 p/s
2026-06-03 04:39:00,39.1 p/s,37.3 p/s
2026-06-03 04:39:15,38.5 p/s,36.7 p/s
2026-06-03 04:39:30,37.8 p/s,36.1 p/s
2026-06-03 04:39:45,37.3 p/s,35.6 p/s
2026-06-03 04:40:00,36.5 p/s,34.9 p/s
2026-06-03 04:40:15,36.5 p/s,34.9 p/s
2026-06-03 04:40:30,37.1 p/s,35.5 p/s
2026-06-03 04:40:45,37.2 p/s,35.6 p/s
2026-06-03 04:41:00,38.0 p/s,36.3 p/s
2026-06-03 04:41:15,38.6 p/s,37.0 p/s
2026-06-03 04:41:30,40.1 p/s,38.4 p/s
2026-06-03 04:41:45,40.1 p/s,38.3 p/s
2026-06-03 04:42:00,41.2 p/s,39.3 p/s
2026-06-03 04:42:15,42.1 p/s,40.2 p/s
2026-06-03 04:42:30,42.4 p/s,40.4 p/s
2026-06-03 04:42:45,42.1 p/s,40.2 p/s
2026-06-03 04:43:00,42.6 p/s,40.7 p/s
2026-06-03 04:43:15,42.6 p/s,40.7 p/s
2026-06-03 04:43:30,42.2 p/s,40.4 p/s
2026-06-03 04:43:45,42.3 p/s,40.4 p/s
2026-06-03 04:44:00,43.3 p/s,41.4 p/s
2026-06-03 04:44:15,43.9 p/s,42.0 p/s
2026-06-03 04:44:30,44.4 p/s,42.4 p/s
2026-06-03 04:44:45,45.1 p/s,43.1 p/s
2026-06-03 04:45:00,45.1 p/s,43.0 p/s
2026-06-03 04:45:15,45.1 p/s,43.1 p/s
2026-06-03 04:45:30,45.4 p/s,43.3 p/s
2026-06-03 04:45:45,45.2 p/s,43.1 p/s
2026-06-03 04:46:00,44.0 p/s,42.0 p/s
2026-06-03 04:46:15,43.4 p/s,41.3 p/s
2026-06-03 04:46:30,43.4 p/s,41.4 p/s
2026-06-03 04:46:45,42.9 p/s,40.9 p/s
2026-06-03 04:47:00,42.7 p/s,40.7 p/s
2026-06-03 04:47:15,42.9 p/s,40.9 p/s
2026-06-03 04:47:30,43.4 p/s,41.4 p/s
2026-06-03 04:47:45,43.6 p/s,41.6 p/s
2026-06-03 04:48:00,43.4 p/s,41.3 p/s
2026-06-03 04:48:15,44.0 p/s,41.9 p/s
2026-06-03 04:48:30,43.9 p/s,41.8 p/s
2026-06-03 04:48:45,43.8 p/s,41.8 p/s
2026-06-03 04:49:00,44.0 p/s,41.9 p/s
2026-06-03 04:49:15,43.9 p/s,42.0 p/s
2026-06-03 04:49:30,44.0 p/s,42.0 p/s
2026-06-03 04:49:45,44.1 p/s,42.1 p/s
2026-06-03 04:50:00,44.0 p/s,41.9 p/s
2026-06-03 04:50:15,43.8 p/s,41.9 p/s
2026-06-03 04:50:30,43.9 p/s,42.0 p/s
2026-06-03 04:50:45,45.2 p/s,43.2 p/s
2026-06-03 04:51:00,45.0 p/s,43.0 p/s
2026-06-03 04:51:15,45.1 p/s,43.0 p/s
2026-06-03 04:51:30,44.6 p/s,42.6 p/s
2026-06-03 04:51:45,44.0 p/s,42.1 p/s
2026-06-03 04:52:00,42.8 p/s,40.9 p/s
2026-06-03 04:52:15,41.9 p/s,40.1 p/s
2026-06-03 04:52:30,41.9 p/s,40.1 p/s
2026-06-03 04:52:45,42.6 p/s,40.8 p/s
2026-06-03 04:53:00,42.2 p/s,40.4 p/s
2026-06-03 04:53:15,40.9 p/s,39.1 p/s
2026-06-03 04:53:30,40.7 p/s,38.9 p/s
2026-06-03 04:53:45,40.5 p/s,38.7 p/s
2026-06-03 04:54:00,39.9 p/s,38.1 p/s
2026-06-03 04:54:15,40.1 p/s,38.3 p/s
2026-06-03 04:54:30,40.0 p/s,38.2 p/s
2026-06-03 04:54:45,40.1 p/s,38.3 p/s
2026-06-03 04:55:00,40.1 p/s,38.2 p/s
2026-06-03 04:55:15,39.3 p/s,37.5 p/s
2026-06-03 04:55:30,39.3 p/s,37.5 p/s
2026-06-03 04:55:45,40.2 p/s,38.3 p/s
2026-06-03 04:56:00,39.9 p/s,38.2 p/s
2026-06-03 04:56:15,39.6 p/s,37.9 p/s
2026-06-03 04:56:30,40.4 p/s,38.7 p/s
2026-06-03 04:56:45,41.0 p/s,39.3 p/s
2026-06-03 04:57:00,41.4 p/s,39.6 p/s
2026-06-03 04:57:15,40.9 p/s,39.2 p/s
2026-06-03 04:57:30,40.0 p/s,38.4 p/s
2026-06-03 04:57:45,40.3 p/s,38.6 p/s
2026-06-03 04:58:00,41.7 p/s,39.9 p/s
2026-06-03 04:58:15,42.0 p/s,40.2 p/s
2026-06-03 04:58:30,42.3 p/s,40.4 p/s
2026-06-03 04:58:45,42.8 p/s,40.9 p/s
2026-06-03 04:59:00,42.6 p/s,40.6 p/s
2026-06-03 04:59:15,42.8 p/s,40.9 p/s
2026-06-03 04:59:30,42.6 p/s,40.7 p/s
2026-06-03 04:59:45,42.0 p/s,40.1 p/s
2026-06-03 05:00:00,42.6 p/s,40.6 p/s
2026-06-03 05:00:15,41.0 p/s,39.2 p/s
2026-06-03 05:00:30,41.1 p/s,39.2 p/s
2026-06-03 05:00:45,41.3 p/s,39.4 p/s
2026-06-03 05:01:00,42.5 p/s,40.5 p/s
2026-06-03 05:01:15,42.5 p/s,40.5 p/s
2026-06-03 05:01:30,41.7 p/s,39.7 p/s
2026-06-03 05:01:45,41.1 p/s,39.2 p/s
2026-06-03 05:02:00,41.4 p/s,39.3 p/s
2026-06-03 05:02:15,41.7 p/s,39.7 p/s
2026-06-03 05:02:30,41.7 p/s,39.6 p/s
2026-06-03 05:02:45,40.4 p/s,38.4 p/s
2026-06-03 05:03:00,39.7 p/s,37.7 p/s
2026-06-03 05:03:15,38.9 p/s,37.0 p/s
2026-06-03 05:03:30,39.0 p/s,37.1 p/s
2026-06-03 05:03:45,38.9 p/s,37.1 p/s
2026-06-03 05:04:00,38.6 p/s,36.7 p/s
2026-06-03 05:04:15,37.9 p/s,36.2 p/s
2026-06-03 05:04:30,37.6 p/s,35.9 p/s
2026-06-03 05:04:45,37.7 p/s,35.9 p/s
2026-06-03 05:05:00,37.7 p/s,35.9 p/s
2026-06-03 05:05:15,37.3 p/s,35.5 p/s
2026-06-03 05:05:30,37.2 p/s,35.4 p/s
2026-06-03 05:05:45,37.3 p/s,35.5 p/s
2026-06-03 05:06:00,37.2 p/s,35.4 p/s
2026-06-03 05:06:15,38.6 p/s,36.7 p/s
2026-06-03 05:06:30,39.7 p/s,37.7 p/s
2026-06-03 05:06:45,39.8 p/s,38.0 p/s
2026-06-03 05:07:00,40.3 p/s,38.4 p/s
2026-06-03 05:07:15,40.4 p/s,38.6 p/s
2026-06-03 05:07:30,41.1 p/s,39.3 p/s
2026-06-03 05:07:45,41.6 p/s,39.8 p/s
2026-06-03 05:08:00,42.4 p/s,40.4 p/s
2026-06-03 05:08:15,42.2 p/s,40.3 p/s
2026-06-03 05:08:30,42.2 p/s,40.3 p/s
2026-06-03 05:08:45,42.5 p/s,40.6 p/s
2026-06-03 05:09:00,43.2 p/s,41.2 p/s
2026-06-03 05:09:15,44.3 p/s,42.2 p/s
2026-06-03 05:09:30,44.5 p/s,42.4 p/s
2026-06-03 05:09:45,45.9 p/s,43.8 p/s
2026-06-03 05:10:00,46.4 p/s,44.1 p/s
2026-06-03 05:10:15,46.4 p/s,44.1 p/s
2026-06-03 05:10:30,46.5 p/s,44.2 p/s
2026-06-03 05:10:45,46.4 p/s,44.1 p/s
2026-06-03 05:11:00,46.5 p/s,44.2 p/s
2026-06-03 05:11:15,46.5 p/s,44.2 p/s
2026-06-03 05:11:30,46.8 p/s,44.5 p/s
2026-06-03 05:11:45,46.8 p/s,44.5 p/s
2026-06-03 05:12:00,46.8 p/s,44.4 p/s
2026-06-03 05:12:15,47.3 p/s,45.0 p/s
2026-06-03 05:12:30,47.5 p/s,45.2 p/s
2026-06-03 05:12:45,47.6 p/s,45.2 p/s
2026-06-03 05:13:00,47.6 p/s,45.3 p/s
2026-06-03 05:13:15,47.7 p/s,45.3 p/s
2026-06-03 05:13:30,47.7 p/s,45.4 p/s
2026-06-03 05:13:45,47.9 p/s,45.5 p/s
2026-06-03 05:14:00,47.7 p/s,45.3 p/s
2026-06-03 05:14:15,47.6 p/s,45.3 p/s
2026-06-03 05:14:30,47.5 p/s,45.2 p/s
2026-06-03 05:14:45,47.1 p/s,44.9 p/s
2026-06-03 05:15:00,46.9 p/s,44.8 p/s
2026-06-03 05:15:15,46.4 p/s,44.1 p/s
2026-06-03 05:15:30,46.1 p/s,43.9 p/s
2026-06-03 05:15:45,45.6 p/s,43.4 p/s
2026-06-03 05:16:00,45.5 p/s,43.3 p/s
2026-06-03 05:16:15,44.9 p/s,42.8 p/s
2026-06-03 05:16:30,44.6 p/s,42.5 p/s
2026-06-03 05:16:45,44.5 p/s,42.4 p/s
2026-06-03 05:17:00,44.3 p/s,42.2 p/s
2026-06-03 05:17:15,44.1 p/s,41.9 p/s
2026-06-03 05:17:30,43.9 p/s,41.8 p/s
2026-06-03 05:17:45,43.3 p/s,41.2 p/s
2026-06-03 05:18:00,42.9 p/s,40.9 p/s
2026-06-03 05:18:15,42.9 p/s,40.8 p/s
2026-06-03 05:18:30,42.9 p/s,40.8 p/s
2026-06-03 05:18:45,42.8 p/s,40.7 p/s
2026-06-03 05:19:00,42.8 p/s,40.6 p/s
2026-06-03 05:19:15,42.9 p/s,40.7 p/s
2026-06-03 05:19:30,43.4 p/s,41.2 p/s
2026-06-03 05:19:45,43.6 p/s,41.3 p/s
2026-06-03 05:20:00,44.1 p/s,41.7 p/s
2026-06-03 05:20:15,44.4 p/s,42.0 p/s
2026-06-03 05:20:30,44.9 p/s,42.6 p/s
2026-06-03 05:20:45,44.9 p/s,42.6 p/s
2026-06-03 05:21:00,45.3 p/s,42.9 p/s
2026-06-03 05:21:15,45.7 p/s,43.3 p/s
2026-06-03 05:21:30,45.4 p/s,43.0 p/s
2026-06-03 05:21:45,45.2 p/s,42.8 p/s
2026-06-03 05:22:00,45.2 p/s,42.7 p/s
2026-06-03 05:22:15,44.6 p/s,42.2 p/s
2026-06-03 05:22:30,45.3 p/s,42.9 p/s
2026-06-03 05:22:45,45.7 p/s,43.3 p/s
2026-06-03 05:23:00,45.5 p/s,43.1 p/s
2026-06-03 05:23:15,44.8 p/s,42.5 p/s
2026-06-03 05:23:30,44.7 p/s,42.4 p/s
2026-06-03 05:23:45,44.1 p/s,41.9 p/s
2026-06-03 05:24:00,43.3 p/s,41.1 p/s
2026-06-03 05:24:15,43.1 p/s,41.0 p/s
2026-06-03 05:24:30,43.1 p/s,41.1 p/s
2026-06-03 05:24:45,43.2 p/s,41.1 p/s
2026-06-03 05:25:00,43.2 p/s,41.1 p/s
2026-06-03 05:25:15,42.3 p/s,40.3 p/s
2026-06-03 05:25:30,41.8 p/s,39.8 p/s
2026-06-03 05:25:45,41.0 p/s,39.1 p/s
2026-06-03 05:26:00,40.3 p/s,38.5 p/s
2026-06-03 05:26:15,40.7 p/s,38.8 p/s
2026-06-03 05:26:30,40.6 p/s,38.7 p/s
2026-06-03 05:26:45,39.8 p/s,38.0 p/s
2026-06-03 05:27:00,39.5 p/s,37.8 p/s
2026-06-03 05:27:15,39.4 p/s,37.7 p/s
2026-06-03 05:27:30,39.5 p/s,37.8 p/s
2026-06-03 05:27:45,37.6 p/s,36.0 p/s
2026-06-03 05:28:00,35.9 p/s,34.5 p/s
2026-06-03 05:28:15,33.8 p/s,32.5 p/s
2026-06-03 05:28:30,32.1 p/s,31.0 p/s
2026-06-03 05:28:45,30.6 p/s,29.6 p/s
2026-06-03 05:29:00,28.2 p/s,27.4 p/s
2026-06-03 05:29:15,25.9 p/s,25.2 p/s
2026-06-03 05:29:30,23.6 p/s,23.1 p/s
2026-06-03 05:29:45,21.3 p/s,21.0 p/s
2026-06-03 05:30:00,19.7 p/s,19.5 p/s
2026-06-03 05:30:15,18.0 p/s,17.9 p/s
2026-06-03 05:30:30,16.5 p/s,16.5 p/s
2026-06-03 05:30:45,14.7 p/s,14.8 p/s
2026-06-03 05:31:00,12.5 p/s,12.7 p/s
2026-06-03 05:31:15,10.5 p/s,10.9 p/s
2026-06-03 05:31:30,9.31 p/s,9.79 p/s
2026-06-03 05:31:45,7.84 p/s,8.38 p/s
2026-06-03 05:32:00,5.55 p/s,6.28 p/s
2026-06-03 05:32:15,3.13 p/s,3.98 p/s
2026-06-03 05:32:30,2.89 p/s,3.79 p/s
2026-06-03 05:32:45,2.89 p/s,3.78 p/s
2026-06-03 05:33:00,2.88 p/s,3.77 p/s
2026-06-03 05:33:15,2.83 p/s,3.70 p/s
2026-06-03 05:33:30,2.89 p/s,3.78 p/s
2026-06-03 05:33:45,2.90 p/s,3.79 p/s
2026-06-03 05:34:00,2.88 p/s,3.77 p/s
2026-06-03 05:34:15,2.84 p/s,3.71 p/s
2026-06-03 05:34:30,2.90 p/s,3.79 p/s
2026-06-03 05:34:45,2.91 p/s,3.80 p/s
2026-06-03 05:35:00,2.88 p/s,3.76 p/s
2026-06-03 05:35:15,2.84 p/s,3.71 p/s