"Time","20.118.208.91:9100 ethernet rx","20.118.208.91:9100 infiniband rx","20.118.208.91:9100 unknown rx","20.118.208.91:9100 ethernet tx","20.118.208.91:9100 infiniband tx","20.118.208.91:9100 unknown tx"
2026-06-03 02:45:00,0 B,0 B,0 B,0 B,0 B,0 B
2026-06-03 02:45:15,428 KiB,445 KiB,0 B,327 KiB,328 KiB,0 B
2026-06-03 02:45:30,789 KiB,822 KiB,0 B,643 KiB,644 KiB,0 B
2026-06-03 02:45:45,978 KiB,1019 KiB,0 B,818 KiB,819 KiB,0 B
2026-06-03 02:46:00,1.06 MiB,1.10 MiB,0 B,936 KiB,938 KiB,0 B
2026-06-03 02:46:15,1.45 MiB,1.51 MiB,0 B,1.21 MiB,1.22 MiB,0 B
2026-06-03 02:46:30,1.72 MiB,1.79 MiB,0 B,1.46 MiB,1.46 MiB,0 B
2026-06-03 02:46:45,2.11 MiB,2.20 MiB,0 B,1.64 MiB,1.64 MiB,0 B
2026-06-03 02:47:00,2.59 MiB,2.69 MiB,0 B,1.94 MiB,1.95 MiB,0 B
2026-06-03 02:47:15,3.10 MiB,3.22 MiB,0 B,2.25 MiB,2.25 MiB,0 B
2026-06-03 02:47:30,3.56 MiB,3.70 MiB,0 B,2.54 MiB,2.54 MiB,0 B
2026-06-03 02:47:45,3.95 MiB,4.11 MiB,0 B,2.88 MiB,2.88 MiB,0 B
2026-06-03 02:48:00,4.43 MiB,4.61 MiB,0 B,3.18 MiB,3.18 MiB,0 B
2026-06-03 02:48:15,4.87 MiB,5.06 MiB,0 B,3.49 MiB,3.49 MiB,0 B
2026-06-03 02:48:30,5.23 MiB,5.44 MiB,0 B,3.84 MiB,3.84 MiB,0 B
2026-06-03 02:48:45,5.64 MiB,5.87 MiB,0 B,4.14 MiB,4.14 MiB,0 B
2026-06-03 02:49:00,6.11 MiB,6.35 MiB,0 B,4.45 MiB,4.45 MiB,0 B
2026-06-03 02:49:15,6.62 MiB,6.89 MiB,0 B,4.74 MiB,4.75 MiB,0 B
2026-06-03 02:49:30,7.08 MiB,7.37 MiB,0 B,5.04 MiB,5.04 MiB,0 B
2026-06-03 02:49:45,7.57 MiB,7.87 MiB,0 B,5.30 MiB,5.31 MiB,0 B
2026-06-03 02:50:00,7.95 MiB,8.27 MiB,0 B,5.64 MiB,5.64 MiB,0 B
2026-06-03 02:50:15,8.35 MiB,8.69 MiB,0 B,5.98 MiB,5.98 MiB,0 B
2026-06-03 02:50:30,8.80 MiB,9.15 MiB,0 B,6.27 MiB,6.28 MiB,0 B
2026-06-03 02:50:45,9.19 MiB,9.55 MiB,0 B,6.49 MiB,6.50 MiB,0 B
2026-06-03 02:51:00,9.64 MiB,10.0 MiB,0 B,7.07 MiB,7.08 MiB,0 B
2026-06-03 02:51:15,10.1 MiB,10.5 MiB,0 B,7.39 MiB,7.41 MiB,0 B
2026-06-03 02:51:30,10.6 MiB,11.1 MiB,0 B,7.69 MiB,7.70 MiB,0 B
2026-06-03 02:51:45,11.0 MiB,11.4 MiB,0 B,7.99 MiB,8.01 MiB,0 B
2026-06-03 02:52:00,11.5 MiB,12.0 MiB,0 B,8.30 MiB,8.32 MiB,0 B
2026-06-03 02:52:15,11.9 MiB,12.3 MiB,0 B,8.53 MiB,8.55 MiB,0 B
2026-06-03 02:52:30,12.3 MiB,12.8 MiB,0 B,8.84 MiB,8.85 MiB,0 B
2026-06-03 02:52:45,12.8 MiB,13.3 MiB,0 B,9.12 MiB,9.14 MiB,0 B
2026-06-03 02:53:00,13.3 MiB,13.8 MiB,0 B,9.41 MiB,9.43 MiB,0 B
2026-06-03 02:53:15,13.7 MiB,14.3 MiB,0 B,9.73 MiB,9.75 MiB,0 B
2026-06-03 02:53:30,14.2 MiB,14.8 MiB,0 B,10.0 MiB,10.0 MiB,0 B
2026-06-03 02:53:45,14.7 MiB,15.3 MiB,0 B,10.3 MiB,10.3 MiB,0 B
2026-06-03 02:54:00,15.2 MiB,15.8 MiB,0 B,10.6 MiB,10.6 MiB,0 B
2026-06-03 02:54:15,15.7 MiB,16.3 MiB,0 B,10.9 MiB,10.9 MiB,0 B
2026-06-03 02:54:30,16.2 MiB,16.8 MiB,0 B,11.2 MiB,11.2 MiB,0 B
2026-06-03 02:54:45,16.6 MiB,17.2 MiB,0 B,11.5 MiB,11.6 MiB,0 B
2026-06-03 02:55:00,17.0 MiB,17.6 MiB,0 B,11.7 MiB,11.8 MiB,0 B
2026-06-03 02:55:15,17.4 MiB,18.1 MiB,0 B,12.1 MiB,12.1 MiB,0 B
2026-06-03 02:55:30,17.8 MiB,18.5 MiB,0 B,12.3 MiB,12.4 MiB,0 B
2026-06-03 02:55:45,18.1 MiB,18.8 MiB,0 B,12.6 MiB,12.6 MiB,0 B
2026-06-03 02:56:00,18.6 MiB,19.3 MiB,0 B,12.9 MiB,12.9 MiB,0 B
2026-06-03 02:56:15,19.0 MiB,19.8 MiB,0 B,13.1 MiB,13.2 MiB,0 B
2026-06-03 02:56:30,19.3 MiB,20.1 MiB,0 B,13.4 MiB,13.4 MiB,0 B
2026-06-03 02:56:45,19.8 MiB,20.6 MiB,0 B,13.7 MiB,13.7 MiB,0 B
2026-06-03 02:57:00,20.4 MiB,21.2 MiB,0 B,14.0 MiB,14.0 MiB,0 B
2026-06-03 02:57:15,20.8 MiB,21.6 MiB,0 B,14.3 MiB,14.3 MiB,0 B
2026-06-03 02:57:30,21.2 MiB,22.0 MiB,0 B,14.6 MiB,14.7 MiB,0 B
2026-06-03 02:57:45,21.7 MiB,22.6 MiB,0 B,14.9 MiB,14.9 MiB,0 B
2026-06-03 02:58:00,22.2 MiB,23.0 MiB,0 B,15.2 MiB,15.3 MiB,0 B
2026-06-03 02:58:15,22.6 MiB,23.5 MiB,0 B,15.6 MiB,15.6 MiB,0 B
2026-06-03 02:58:30,23.1 MiB,24.0 MiB,0 B,15.9 MiB,15.9 MiB,0 B
2026-06-03 02:58:45,23.3 MiB,24.2 MiB,0 B,16.0 MiB,16.0 MiB,0 B
2026-06-03 02:59:00,23.7 MiB,24.6 MiB,0 B,16.2 MiB,16.2 MiB,0 B
2026-06-03 02:59:15,24.1 MiB,25.1 MiB,0 B,16.5 MiB,16.5 MiB,0 B
2026-06-03 02:59:30,24.3 MiB,25.3 MiB,0 B,16.6 MiB,16.7 MiB,0 B
2026-06-03 02:59:45,24.8 MiB,25.8 MiB,0 B,16.9 MiB,16.9 MiB,0 B
2026-06-03 03:00:00,25.2 MiB,26.2 MiB,0 B,17.2 MiB,17.3 MiB,0 B
2026-06-03 03:00:15,25.6 MiB,26.6 MiB,0 B,17.5 MiB,17.5 MiB,0 B
2026-06-03 03:00:30,25.7 MiB,26.7 MiB,0 B,17.7 MiB,17.7 MiB,0 B
2026-06-03 03:00:45,26.0 MiB,27.0 MiB,0 B,18.0 MiB,18.0 MiB,0 B
2026-06-03 03:01:00,26.4 MiB,27.5 MiB,0 B,18.3 MiB,18.4 MiB,0 B
2026-06-03 03:01:15,26.9 MiB,28.0 MiB,0 B,18.6 MiB,18.6 MiB,0 B
2026-06-03 03:01:30,27.3 MiB,28.4 MiB,0 B,18.9 MiB,18.9 MiB,0 B
2026-06-03 03:01:45,27.7 MiB,28.8 MiB,0 B,19.2 MiB,19.2 MiB,0 B
2026-06-03 03:02:00,28.1 MiB,29.3 MiB,0 B,19.4 MiB,19.4 MiB,0 B
2026-06-03 03:02:15,28.7 MiB,29.8 MiB,0 B,19.6 MiB,19.7 MiB,0 B
2026-06-03 03:02:30,29.0 MiB,30.2 MiB,0 B,19.8 MiB,19.9 MiB,0 B
2026-06-03 03:02:45,29.2 MiB,30.4 MiB,0 B,20.1 MiB,20.1 MiB,0 B
2026-06-03 03:03:00,29.8 MiB,31.0 MiB,0 B,20.4 MiB,20.4 MiB,0 B
2026-06-03 03:03:15,30.2 MiB,31.4 MiB,0 B,20.6 MiB,20.7 MiB,0 B
2026-06-03 03:03:30,30.6 MiB,31.8 MiB,0 B,21.0 MiB,21.0 MiB,0 B
2026-06-03 03:03:45,31.1 MiB,32.3 MiB,0 B,21.3 MiB,21.3 MiB,0 B
2026-06-03 03:04:00,31.5 MiB,32.8 MiB,0 B,21.6 MiB,21.6 MiB,0 B
2026-06-03 03:04:15,31.8 MiB,33.0 MiB,0 B,21.8 MiB,21.9 MiB,0 B
2026-06-03 03:04:30,32.2 MiB,33.5 MiB,0 B,22.1 MiB,22.2 MiB,0 B
2026-06-03 03:04:45,32.6 MiB,33.9 MiB,0 B,22.5 MiB,22.5 MiB,0 B
2026-06-03 03:05:00,33.0 MiB,34.3 MiB,0 B,22.8 MiB,22.8 MiB,0 B
2026-06-03 03:05:15,33.4 MiB,34.8 MiB,0 B,23.1 MiB,23.1 MiB,0 B
2026-06-03 03:05:30,34.0 MiB,35.3 MiB,0 B,23.4 MiB,23.4 MiB,0 B
2026-06-03 03:05:45,34.3 MiB,35.7 MiB,0 B,23.7 MiB,23.8 MiB,0 B
2026-06-03 03:06:00,34.7 MiB,36.1 MiB,0 B,24.1 MiB,24.1 MiB,0 B
2026-06-03 03:06:15,35.2 MiB,36.6 MiB,0 B,24.4 MiB,24.4 MiB,0 B
2026-06-03 03:06:30,35.8 MiB,37.2 MiB,0 B,24.6 MiB,24.7 MiB,0 B
2026-06-03 03:06:45,36.3 MiB,37.7 MiB,0 B,24.9 MiB,25.0 MiB,0 B
2026-06-03 03:07:00,36.8 MiB,38.3 MiB,0 B,25.2 MiB,25.2 MiB,0 B
2026-06-03 03:07:15,37.3 MiB,38.8 MiB,0 B,25.5 MiB,25.6 MiB,0 B
2026-06-03 03:07:30,37.7 MiB,39.2 MiB,0 B,25.8 MiB,25.9 MiB,0 B
2026-06-03 03:07:45,38.2 MiB,39.7 MiB,0 B,26.1 MiB,26.2 MiB,0 B
2026-06-03 03:08:00,38.7 MiB,40.2 MiB,0 B,26.4 MiB,26.5 MiB,0 B
2026-06-03 03:08:15,39.1 MiB,40.7 MiB,0 B,26.8 MiB,26.8 MiB,0 B
2026-06-03 03:08:30,39.6 MiB,41.1 MiB,0 B,27.1 MiB,27.1 MiB,0 B
2026-06-03 03:08:45,40.0 MiB,41.6 MiB,0 B,27.4 MiB,27.4 MiB,0 B
2026-06-03 03:09:00,40.4 MiB,42.0 MiB,0 B,27.7 MiB,27.7 MiB,0 B
2026-06-03 03:09:15,40.8 MiB,42.4 MiB,0 B,28.0 MiB,28.1 MiB,0 B
2026-06-03 03:09:30,41.2 MiB,42.8 MiB,0 B,28.3 MiB,28.4 MiB,0 B
2026-06-03 03:09:45,41.6 MiB,43.2 MiB,0 B,28.5 MiB,28.5 MiB,0 B
2026-06-03 03:10:00,41.9 MiB,43.6 MiB,0 B,28.8 MiB,28.8 MiB,0 B
2026-06-03 03:10:15,42.4 MiB,44.1 MiB,0 B,29.1 MiB,29.1 MiB,0 B
2026-06-03 03:10:30,42.7 MiB,44.4 MiB,0 B,29.4 MiB,29.5 MiB,0 B
2026-06-03 03:10:45,43.0 MiB,44.7 MiB,0 B,29.6 MiB,29.7 MiB,0 B
2026-06-03 03:11:00,43.3 MiB,45.0 MiB,0 B,29.8 MiB,29.9 MiB,0 B
2026-06-03 03:11:15,43.7 MiB,45.5 MiB,0 B,30.2 MiB,30.2 MiB,0 B
2026-06-03 03:11:30,44.2 MiB,45.9 MiB,0 B,30.4 MiB,30.5 MiB,0 B
2026-06-03 03:11:45,44.7 MiB,46.4 MiB,0 B,30.8 MiB,30.8 MiB,0 B
2026-06-03 03:12:00,44.9 MiB,46.7 MiB,0 B,31.0 MiB,31.0 MiB,0 B
2026-06-03 03:12:15,45.2 MiB,47.0 MiB,0 B,31.2 MiB,31.2 MiB,0 B
2026-06-03 03:12:30,45.6 MiB,47.4 MiB,0 B,31.4 MiB,31.4 MiB,0 B
2026-06-03 03:12:45,46.1 MiB,47.9 MiB,0 B,31.7 MiB,31.8 MiB,0 B
2026-06-03 03:13:00,46.4 MiB,48.3 MiB,0 B,32.0 MiB,32.0 MiB,0 B
2026-06-03 03:13:15,46.8 MiB,48.6 MiB,0 B,32.3 MiB,32.3 MiB,0 B
2026-06-03 03:13:30,47.2 MiB,49.1 MiB,0 B,32.6 MiB,32.6 MiB,0 B
2026-06-03 03:13:45,47.5 MiB,49.4 MiB,0 B,32.8 MiB,32.9 MiB,0 B
2026-06-03 03:14:00,47.9 MiB,49.8 MiB,0 B,33.2 MiB,33.2 MiB,0 B
2026-06-03 03:14:15,48.2 MiB,50.1 MiB,0 B,33.5 MiB,33.5 MiB,0 B
2026-06-03 03:14:30,48.4 MiB,50.3 MiB,0 B,33.6 MiB,33.7 MiB,0 B
2026-06-03 03:14:45,48.8 MiB,50.7 MiB,0 B,34.0 MiB,34.0 MiB,0 B
2026-06-03 03:15:00,49.2 MiB,51.1 MiB,0 B,34.3 MiB,34.3 MiB,0 B
2026-06-03 03:15:15,49.6 MiB,51.6 MiB,0 B,34.6 MiB,34.6 MiB,0 B
2026-06-03 03:15:30,49.9 MiB,51.9 MiB,0 B,34.8 MiB,34.9 MiB,0 B
2026-06-03 03:15:45,50.4 MiB,52.4 MiB,0 B,35.1 MiB,35.2 MiB,0 B
2026-06-03 03:16:00,50.8 MiB,52.8 MiB,0 B,35.5 MiB,35.5 MiB,0 B
2026-06-03 03:16:15,51.2 MiB,53.2 MiB,0 B,35.8 MiB,35.8 MiB,0 B
2026-06-03 03:16:30,51.7 MiB,53.8 MiB,0 B,36.1 MiB,36.1 MiB,0 B
2026-06-03 03:16:45,52.2 MiB,54.2 MiB,0 B,36.4 MiB,36.4 MiB,0 B
2026-06-03 03:17:00,52.7 MiB,54.8 MiB,0 B,36.7 MiB,36.7 MiB,0 B
2026-06-03 03:17:15,53.2 MiB,55.3 MiB,0 B,37.0 MiB,37.0 MiB,0 B
2026-06-03 03:17:30,53.6 MiB,55.7 MiB,0 B,37.3 MiB,37.3 MiB,0 B
2026-06-03 03:17:45,54.0 MiB,56.1 MiB,0 B,37.6 MiB,37.7 MiB,0 B
2026-06-03 03:18:00,54.5 MiB,56.6 MiB,0 B,37.9 MiB,38.0 MiB,0 B
2026-06-03 03:18:15,54.9 MiB,57.1 MiB,0 B,38.2 MiB,38.3 MiB,0 B
2026-06-03 03:18:30,55.4 MiB,57.6 MiB,0 B,38.5 MiB,38.6 MiB,0 B
2026-06-03 03:18:45,56.0 MiB,58.2 MiB,0 B,38.8 MiB,38.8 MiB,0 B
2026-06-03 03:19:00,56.4 MiB,58.7 MiB,0 B,39.1 MiB,39.2 MiB,0 B
2026-06-03 03:19:15,56.8 MiB,59.0 MiB,0 B,39.5 MiB,39.5 MiB,0 B
2026-06-03 03:19:30,57.3 MiB,59.5 MiB,0 B,39.8 MiB,39.8 MiB,0 B
2026-06-03 03:19:45,57.8 MiB,60.0 MiB,0 B,40.1 MiB,40.1 MiB,0 B
2026-06-03 03:20:00,58.3 MiB,60.6 MiB,0 B,40.3 MiB,40.3 MiB,0 B
2026-06-03 03:20:15,58.7 MiB,61.0 MiB,0 B,40.5 MiB,40.5 MiB,0 B
2026-06-03 03:20:30,59.0 MiB,61.3 MiB,0 B,40.6 MiB,40.7 MiB,0 B
2026-06-03 03:20:45,59.4 MiB,61.8 MiB,0 B,40.8 MiB,40.9 MiB,0 B
2026-06-03 03:21:00,59.6 MiB,62.0 MiB,0 B,41.0 MiB,41.1 MiB,0 B
2026-06-03 03:21:15,60.0 MiB,62.4 MiB,0 B,41.2 MiB,41.3 MiB,0 B
2026-06-03 03:21:30,60.4 MiB,62.7 MiB,0 B,41.3 MiB,41.4 MiB,0 B
2026-06-03 03:21:45,60.6 MiB,63.0 MiB,0 B,41.4 MiB,41.5 MiB,0 B
2026-06-03 03:22:00,61.2 MiB,63.6 MiB,0 B,41.7 MiB,41.8 MiB,0 B
2026-06-03 03:22:15,61.7 MiB,64.2 MiB,0 B,42.0 MiB,42.1 MiB,0 B
2026-06-03 03:22:30,62.3 MiB,64.7 MiB,0 B,42.3 MiB,42.3 MiB,0 B
2026-06-03 03:22:45,62.7 MiB,65.2 MiB,0 B,42.6 MiB,42.6 MiB,0 B
2026-06-03 03:23:00,63.2 MiB,65.7 MiB,0 B,42.9 MiB,42.9 MiB,0 B
2026-06-03 03:23:15,63.8 MiB,66.3 MiB,0 B,43.1 MiB,43.2 MiB,0 B
2026-06-03 03:23:30,64.2 MiB,66.7 MiB,0 B,43.3 MiB,43.4 MiB,0 B
2026-06-03 03:23:45,64.5 MiB,67.1 MiB,0 B,43.6 MiB,43.6 MiB,0 B
2026-06-03 03:24:00,64.7 MiB,67.3 MiB,0 B,43.7 MiB,43.7 MiB,0 B
2026-06-03 03:24:15,64.9 MiB,67.4 MiB,0 B,43.8 MiB,43.8 MiB,0 B
2026-06-03 03:24:30,65.4 MiB,68.0 MiB,0 B,44.0 MiB,44.1 MiB,0 B
2026-06-03 03:24:45,66.0 MiB,68.6 MiB,0 B,44.3 MiB,44.4 MiB,0 B
2026-06-03 03:25:00,66.5 MiB,69.1 MiB,0 B,44.5 MiB,44.6 MiB,0 B
2026-06-03 03:25:15,66.9 MiB,69.5 MiB,0 B,44.8 MiB,44.8 MiB,0 B
2026-06-03 03:25:30,67.4 MiB,70.1 MiB,0 B,45.0 MiB,45.1 MiB,0 B
2026-06-03 03:25:45,67.7 MiB,70.3 MiB,0 B,45.2 MiB,45.2 MiB,0 B
2026-06-03 03:26:00,68.2 MiB,70.9 MiB,0 B,45.4 MiB,45.5 MiB,0 B
2026-06-03 03:26:15,68.7 MiB,71.3 MiB,0 B,45.7 MiB,45.7 MiB,0 B
2026-06-03 03:26:30,69.3 MiB,72.0 MiB,0 B,46.0 MiB,46.0 MiB,0 B
2026-06-03 03:26:45,69.7 MiB,72.4 MiB,0 B,46.2 MiB,46.2 MiB,0 B
2026-06-03 03:27:00,69.9 MiB,72.7 MiB,0 B,46.4 MiB,46.4 MiB,0 B
2026-06-03 03:27:15,70.0 MiB,72.8 MiB,0 B,46.5 MiB,46.5 MiB,0 B
2026-06-03 03:27:30,70.3 MiB,73.0 MiB,0 B,46.6 MiB,46.6 MiB,0 B
2026-06-03 03:27:45,70.9 MiB,73.7 MiB,0 B,46.8 MiB,46.9 MiB,0 B
2026-06-03 03:28:00,71.4 MiB,74.1 MiB,0 B,47.0 MiB,47.1 MiB,0 B
2026-06-03 03:28:15,71.9 MiB,74.7 MiB,0 B,47.3 MiB,47.3 MiB,0 B
2026-06-03 03:28:30,72.2 MiB,75.0 MiB,0 B,47.5 MiB,47.5 MiB,0 B
2026-06-03 03:28:45,72.5 MiB,75.3 MiB,0 B,47.6 MiB,47.7 MiB,0 B
2026-06-03 03:29:00,72.8 MiB,75.7 MiB,0 B,47.8 MiB,47.9 MiB,0 B
2026-06-03 03:29:15,73.4 MiB,76.3 MiB,0 B,48.1 MiB,48.1 MiB,0 B
2026-06-03 03:29:30,73.8 MiB,76.7 MiB,0 B,48.3 MiB,48.3 MiB,0 B
2026-06-03 03:29:45,74.4 MiB,77.3 MiB,0 B,48.5 MiB,48.6 MiB,0 B
2026-06-03 03:30:00,75.0 MiB,78.0 MiB,0 B,48.8 MiB,48.9 MiB,0 B
2026-06-03 03:30:15,75.5 MiB,78.4 MiB,0 B,49.1 MiB,49.2 MiB,0 B
2026-06-03 03:30:30,76.0 MiB,78.9 MiB,0 B,49.4 MiB,49.5 MiB,0 B
2026-06-03 03:30:45,76.5 MiB,79.5 MiB,0 B,49.6 MiB,49.7 MiB,0 B
2026-06-03 03:31:00,77.0 MiB,80.0 MiB,0 B,49.8 MiB,49.9 MiB,0 B
2026-06-03 03:31:15,77.4 MiB,80.4 MiB,0 B,49.9 MiB,50.0 MiB,0 B
2026-06-03 03:31:30,77.6 MiB,80.7 MiB,0 B,50.1 MiB,50.1 MiB,0 B
2026-06-03 03:31:45,78.0 MiB,81.0 MiB,0 B,50.2 MiB,50.3 MiB,0 B
2026-06-03 03:32:00,78.2 MiB,81.3 MiB,0 B,50.3 MiB,50.4 MiB,0 B
2026-06-03 03:32:15,78.8 MiB,81.8 MiB,0 B,50.5 MiB,50.6 MiB,0 B
2026-06-03 03:32:30,79.1 MiB,82.1 MiB,0 B,50.8 MiB,50.8 MiB,0 B
2026-06-03 03:32:45,79.5 MiB,82.6 MiB,0 B,51.1 MiB,51.2 MiB,0 B
2026-06-03 03:33:00,80.0 MiB,83.1 MiB,0 B,51.4 MiB,51.5 MiB,0 B
2026-06-03 03:33:15,80.3 MiB,83.5 MiB,0 B,51.6 MiB,51.7 MiB,0 B
2026-06-03 03:33:30,80.9 MiB,84.0 MiB,0 B,51.9 MiB,52.0 MiB,0 B
2026-06-03 03:33:45,81.4 MiB,84.5 MiB,0 B,52.2 MiB,52.3 MiB,0 B
2026-06-03 03:34:00,81.8 MiB,85.0 MiB,0 B,52.5 MiB,52.5 MiB,0 B
2026-06-03 03:34:15,82.1 MiB,85.3 MiB,0 B,52.6 MiB,52.7 MiB,0 B
2026-06-03 03:34:30,82.5 MiB,85.7 MiB,0 B,53.0 MiB,53.0 MiB,0 B
2026-06-03 03:34:45,82.8 MiB,86.0 MiB,0 B,53.2 MiB,53.2 MiB,0 B
2026-06-03 03:35:00,83.3 MiB,86.5 MiB,0 B,53.5 MiB,53.5 MiB,0 B
2026-06-03 03:35:15,83.8 MiB,87.1 MiB,0 B,53.8 MiB,53.8 MiB,0 B
2026-06-03 03:35:30,84.1 MiB,87.4 MiB,0 B,54.0 MiB,54.1 MiB,0 B
2026-06-03 03:35:45,84.5 MiB,87.8 MiB,0 B,54.3 MiB,54.3 MiB,0 B
2026-06-03 03:36:00,84.9 MiB,88.2 MiB,0 B,54.6 MiB,54.6 MiB,0 B
2026-06-03 03:36:15,85.3 MiB,88.7 MiB,0 B,54.9 MiB,55.0 MiB,0 B
2026-06-03 03:36:30,85.8 MiB,89.2 MiB,0 B,55.2 MiB,55.2 MiB,0 B
2026-06-03 03:36:45,86.2 MiB,89.6 MiB,0 B,55.5 MiB,55.6 MiB,0 B
2026-06-03 03:37:00,86.7 MiB,90.1 MiB,0 B,55.8 MiB,55.9 MiB,0 B
2026-06-03 03:37:15,87.1 MiB,90.5 MiB,0 B,56.1 MiB,56.2 MiB,0 B
2026-06-03 03:37:30,87.5 MiB,90.9 MiB,0 B,56.5 MiB,56.5 MiB,0 B
2026-06-03 03:37:45,88.0 MiB,91.4 MiB,0 B,56.7 MiB,56.8 MiB,0 B
2026-06-03 03:38:00,88.5 MiB,91.9 MiB,0 B,57.1 MiB,57.1 MiB,0 B
2026-06-03 03:38:15,88.9 MiB,92.4 MiB,0 B,57.4 MiB,57.5 MiB,0 B
2026-06-03 03:38:30,89.4 MiB,92.8 MiB,0 B,57.7 MiB,57.8 MiB,0 B
2026-06-03 03:38:45,89.8 MiB,93.3 MiB,0 B,58.0 MiB,58.1 MiB,0 B
2026-06-03 03:39:00,90.4 MiB,93.9 MiB,0 B,58.3 MiB,58.4 MiB,0 B
2026-06-03 03:39:15,90.9 MiB,94.4 MiB,0 B,58.6 MiB,58.7 MiB,0 B
2026-06-03 03:39:30,91.4 MiB,94.9 MiB,0 B,58.9 MiB,58.9 MiB,0 B
2026-06-03 03:39:45,91.8 MiB,95.4 MiB,0 B,59.2 MiB,59.3 MiB,0 B
2026-06-03 03:40:00,92.2 MiB,95.8 MiB,0 B,59.5 MiB,59.6 MiB,0 B
2026-06-03 03:40:15,92.7 MiB,96.3 MiB,0 B,59.8 MiB,59.9 MiB,0 B
2026-06-03 03:40:30,93.1 MiB,96.8 MiB,0 B,60.2 MiB,60.2 MiB,0 B
2026-06-03 03:40:45,93.5 MiB,97.1 MiB,0 B,60.5 MiB,60.6 MiB,0 B
2026-06-03 03:41:00,94.0 MiB,97.7 MiB,0 B,60.8 MiB,60.8 MiB,0 B
2026-06-03 03:41:15,94.4 MiB,98.0 MiB,0 B,60.9 MiB,61.0 MiB,0 B
2026-06-03 03:41:30,94.9 MiB,98.6 MiB,0 B,61.3 MiB,61.3 MiB,0 B
2026-06-03 03:41:45,95.4 MiB,99.1 MiB,0 B,61.6 MiB,61.6 MiB,0 B
2026-06-03 03:42:00,95.8 MiB,99.5 MiB,0 B,61.9 MiB,61.9 MiB,0 B
2026-06-03 03:42:15,96.2 MiB,99.9 MiB,0 B,62.2 MiB,62.3 MiB,0 B
2026-06-03 03:42:30,96.6 MiB,100 MiB,0 B,62.5 MiB,62.6 MiB,0 B
2026-06-03 03:42:45,97.0 MiB,101 MiB,0 B,62.8 MiB,62.9 MiB,0 B
2026-06-03 03:43:00,97.6 MiB,101 MiB,0 B,63.1 MiB,63.2 MiB,0 B
2026-06-03 03:43:15,98.0 MiB,102 MiB,0 B,63.4 MiB,63.5 MiB,0 B
2026-06-03 03:43:30,98.5 MiB,102 MiB,0 B,63.8 MiB,63.8 MiB,0 B
2026-06-03 03:43:45,99.0 MiB,103 MiB,0 B,64.0 MiB,64.1 MiB,0 B
2026-06-03 03:44:00,99.5 MiB,103 MiB,0 B,64.3 MiB,64.3 MiB,0 B
2026-06-03 03:44:15,99.9 MiB,104 MiB,0 B,64.6 MiB,64.6 MiB,0 B
2026-06-03 03:44:30,100 MiB,104 MiB,0 B,64.8 MiB,64.9 MiB,0 B
2026-06-03 03:44:45,101 MiB,105 MiB,0 B,65.0 MiB,65.1 MiB,0 B
2026-06-03 03:45:00,101 MiB,105 MiB,0 B,65.3 MiB,65.4 MiB,0 B
2026-06-03 03:45:15,101 MiB,105 MiB,0 B,65.5 MiB,65.6 MiB,0 B
2026-06-03 03:45:30,102 MiB,106 MiB,0 B,65.8 MiB,65.8 MiB,0 B
2026-06-03 03:45:45,102 MiB,106 MiB,0 B,66.0 MiB,66.1 MiB,0 B
2026-06-03 03:46:00,103 MiB,107 MiB,0 B,66.3 MiB,66.4 MiB,0 B
2026-06-03 03:46:15,103 MiB,107 MiB,0 B,66.6 MiB,66.7 MiB,0 B
2026-06-03 03:46:30,104 MiB,108 MiB,0 B,66.9 MiB,67.0 MiB,0 B
2026-06-03 03:46:45,104 MiB,108 MiB,0 B,67.2 MiB,67.3 MiB,0 B
2026-06-03 03:47:00,105 MiB,109 MiB,0 B,67.5 MiB,67.6 MiB,0 B
2026-06-03 03:47:15,105 MiB,109 MiB,0 B,67.9 MiB,67.9 MiB,0 B
2026-06-03 03:47:30,106 MiB,110 MiB,0 B,68.2 MiB,68.2 MiB,0 B
2026-06-03 03:47:45,106 MiB,110 MiB,0 B,68.4 MiB,68.5 MiB,0 B
2026-06-03 03:48:00,106 MiB,110 MiB,0 B,68.7 MiB,68.8 MiB,0 B
2026-06-03 03:48:15,107 MiB,111 MiB,0 B,69.0 MiB,69.1 MiB,0 B
2026-06-03 03:48:30,107 MiB,112 MiB,0 B,69.3 MiB,69.4 MiB,0 B
2026-06-03 03:48:45,108 MiB,112 MiB,0 B,69.7 MiB,69.7 MiB,0 B
2026-06-03 03:49:00,108 MiB,112 MiB,0 B,69.9 MiB,70.0 MiB,0 B
2026-06-03 03:49:15,109 MiB,113 MiB,0 B,70.1 MiB,70.2 MiB,0 B
2026-06-03 03:49:30,109 MiB,113 MiB,0 B,70.4 MiB,70.4 MiB,0 B
2026-06-03 03:49:45,109 MiB,113 MiB,0 B,70.7 MiB,70.7 MiB,0 B
2026-06-03 03:50:00,110 MiB,114 MiB,0 B,71.0 MiB,71.0 MiB,0 B
2026-06-03 03:50:15,110 MiB,114 MiB,0 B,71.3 MiB,71.4 MiB,0 B
2026-06-03 03:50:30,110 MiB,115 MiB,0 B,71.5 MiB,71.6 MiB,0 B
2026-06-03 03:50:45,111 MiB,115 MiB,0 B,71.8 MiB,71.9 MiB,0 B
2026-06-03 03:51:00,111 MiB,116 MiB,0 B,72.1 MiB,72.1 MiB,0 B
2026-06-03 03:51:15,112 MiB,116 MiB,0 B,72.5 MiB,72.6 MiB,0 B
2026-06-03 03:51:30,112 MiB,116 MiB,0 B,72.8 MiB,72.9 MiB,0 B
2026-06-03 03:51:45,112 MiB,117 MiB,0 B,73.0 MiB,73.1 MiB,0 B
2026-06-03 03:52:00,113 MiB,117 MiB,0 B,73.3 MiB,73.4 MiB,0 B
2026-06-03 03:52:15,113 MiB,118 MiB,0 B,73.7 MiB,73.7 MiB,0 B
2026-06-03 03:52:30,114 MiB,118 MiB,0 B,73.9 MiB,74.0 MiB,0 B
2026-06-03 03:52:45,114 MiB,119 MiB,0 B,74.2 MiB,74.3 MiB,0 B
2026-06-03 03:53:00,115 MiB,119 MiB,0 B,74.6 MiB,74.7 MiB,0 B
2026-06-03 03:53:15,115 MiB,120 MiB,0 B,74.9 MiB,74.9 MiB,0 B
2026-06-03 03:53:30,116 MiB,120 MiB,0 B,75.2 MiB,75.3 MiB,0 B
2026-06-03 03:53:45,116 MiB,121 MiB,0 B,75.5 MiB,75.6 MiB,0 B
2026-06-03 03:54:00,116 MiB,121 MiB,0 B,75.7 MiB,75.7 MiB,0 B
2026-06-03 03:54:15,117 MiB,121 MiB,0 B,76.0 MiB,76.1 MiB,0 B
2026-06-03 03:54:30,117 MiB,122 MiB,0 B,76.2 MiB,76.3 MiB,0 B
2026-06-03 03:54:45,118 MiB,122 MiB,0 B,76.5 MiB,76.6 MiB,0 B
2026-06-03 03:55:00,118 MiB,123 MiB,0 B,76.8 MiB,76.8 MiB,0 B
2026-06-03 03:55:15,119 MiB,123 MiB,0 B,77.1 MiB,77.2 MiB,0 B
2026-06-03 03:55:30,119 MiB,124 MiB,0 B,77.4 MiB,77.5 MiB,0 B
2026-06-03 03:55:45,119 MiB,124 MiB,0 B,77.7 MiB,77.8 MiB,0 B
2026-06-03 03:56:00,120 MiB,125 MiB,0 B,78.0 MiB,78.1 MiB,0 B
2026-06-03 03:56:15,120 MiB,125 MiB,0 B,78.3 MiB,78.4 MiB,0 B
2026-06-03 03:56:30,121 MiB,126 MiB,0 B,78.6 MiB,78.7 MiB,0 B
2026-06-03 03:56:45,121 MiB,126 MiB,0 B,78.9 MiB,79.0 MiB,0 B
2026-06-03 03:57:00,122 MiB,126 MiB,0 B,79.3 MiB,79.3 MiB,0 B
2026-06-03 03:57:15,122 MiB,127 MiB,0 B,79.5 MiB,79.6 MiB,0 B
2026-06-03 03:57:30,123 MiB,127 MiB,0 B,79.9 MiB,80.0 MiB,0 B
2026-06-03 03:57:45,123 MiB,128 MiB,0 B,80.2 MiB,80.3 MiB,0 B
2026-06-03 03:58:00,123 MiB,128 MiB,0 B,80.5 MiB,80.6 MiB,0 B
2026-06-03 03:58:15,124 MiB,129 MiB,0 B,80.9 MiB,81.0 MiB,0 B
2026-06-03 03:58:30,124 MiB,129 MiB,0 B,81.2 MiB,81.3 MiB,0 B
2026-06-03 03:58:45,125 MiB,130 MiB,0 B,81.5 MiB,81.6 MiB,0 B
2026-06-03 03:59:00,125 MiB,130 MiB,0 B,81.8 MiB,81.9 MiB,0 B
2026-06-03 03:59:15,126 MiB,130 MiB,0 B,82.1 MiB,82.2 MiB,0 B
2026-06-03 03:59:30,126 MiB,131 MiB,0 B,82.3 MiB,82.4 MiB,0 B
2026-06-03 03:59:45,126 MiB,131 MiB,0 B,82.6 MiB,82.7 MiB,0 B
2026-06-03 04:00:00,127 MiB,132 MiB,0 B,82.9 MiB,83.0 MiB,0 B
2026-06-03 04:00:15,127 MiB,132 MiB,0 B,83.2 MiB,83.3 MiB,0 B
2026-06-03 04:00:30,128 MiB,133 MiB,0 B,83.5 MiB,83.6 MiB,0 B
2026-06-03 04:00:45,128 MiB,133 MiB,0 B,83.9 MiB,84.0 MiB,0 B
2026-06-03 04:01:00,128 MiB,133 MiB,0 B,84.0 MiB,84.1 MiB,0 B
2026-06-03 04:01:15,129 MiB,134 MiB,0 B,84.3 MiB,84.4 MiB,0 B
2026-06-03 04:01:30,129 MiB,134 MiB,0 B,84.5 MiB,84.6 MiB,0 B
2026-06-03 04:01:45,130 MiB,135 MiB,0 B,84.8 MiB,84.9 MiB,0 B
2026-06-03 04:02:00,130 MiB,135 MiB,0 B,85.2 MiB,85.3 MiB,0 B
2026-06-03 04:02:15,130 MiB,135 MiB,0 B,85.5 MiB,85.6 MiB,0 B
2026-06-03 04:02:30,131 MiB,136 MiB,0 B,85.8 MiB,85.9 MiB,0 B
2026-06-03 04:02:45,131 MiB,136 MiB,0 B,86.1 MiB,86.2 MiB,0 B
2026-06-03 04:03:00,132 MiB,137 MiB,0 B,86.5 MiB,86.6 MiB,0 B
2026-06-03 04:03:15,132 MiB,137 MiB,0 B,86.8 MiB,86.9 MiB,0 B
2026-06-03 04:03:30,133 MiB,138 MiB,0 B,87.1 MiB,87.2 MiB,0 B
2026-06-03 04:03:45,133 MiB,138 MiB,0 B,87.4 MiB,87.5 MiB,0 B
2026-06-03 04:04:00,134 MiB,139 MiB,0 B,87.7 MiB,87.8 MiB,0 B
2026-06-03 04:04:15,134 MiB,139 MiB,0 B,88.0 MiB,88.1 MiB,0 B
2026-06-03 04:04:30,135 MiB,140 MiB,0 B,88.3 MiB,88.4 MiB,0 B
2026-06-03 04:04:45,135 MiB,140 MiB,0 B,88.6 MiB,88.7 MiB,0 B
2026-06-03 04:05:00,135 MiB,141 MiB,0 B,89.0 MiB,89.1 MiB,0 B
2026-06-03 04:05:15,136 MiB,141 MiB,0 B,89.3 MiB,89.4 MiB,0 B
2026-06-03 04:05:30,136 MiB,142 MiB,0 B,89.6 MiB,89.7 MiB,0 B
2026-06-03 04:05:45,137 MiB,142 MiB,0 B,89.9 MiB,90.0 MiB,0 B
2026-06-03 04:06:00,137 MiB,143 MiB,0 B,90.2 MiB,90.3 MiB,0 B
2026-06-03 04:06:15,138 MiB,143 MiB,0 B,90.6 MiB,90.7 MiB,0 B
2026-06-03 04:06:30,138 MiB,144 MiB,0 B,90.9 MiB,91.0 MiB,0 B
2026-06-03 04:06:45,139 MiB,144 MiB,0 B,91.2 MiB,91.3 MiB,0 B
2026-06-03 04:07:00,139 MiB,145 MiB,0 B,91.5 MiB,91.6 MiB,0 B
2026-06-03 04:07:15,140 MiB,145 MiB,0 B,91.8 MiB,91.9 MiB,0 B
2026-06-03 04:07:30,140 MiB,146 MiB,0 B,92.1 MiB,92.2 MiB,0 B
2026-06-03 04:07:45,140 MiB,146 MiB,0 B,92.4 MiB,92.5 MiB,0 B
2026-06-03 04:08:00,141 MiB,146 MiB,0 B,92.7 MiB,92.8 MiB,0 B
2026-06-03 04:08:15,141 MiB,147 MiB,0 B,93.0 MiB,93.1 MiB,0 B
2026-06-03 04:08:30,142 MiB,147 MiB,0 B,93.4 MiB,93.5 MiB,0 B
2026-06-03 04:08:45,142 MiB,148 MiB,0 B,93.7 MiB,93.8 MiB,0 B
2026-06-03 04:09:00,143 MiB,148 MiB,0 B,94.0 MiB,94.1 MiB,0 B
2026-06-03 04:09:15,143 MiB,149 MiB,0 B,94.3 MiB,94.4 MiB,0 B
2026-06-03 04:09:30,144 MiB,149 MiB,0 B,94.6 MiB,94.7 MiB,0 B
2026-06-03 04:09:45,144 MiB,150 MiB,0 B,94.9 MiB,95.0 MiB,0 B
2026-06-03 04:10:00,145 MiB,150 MiB,0 B,95.2 MiB,95.3 MiB,0 B
2026-06-03 04:10:15,145 MiB,151 MiB,0 B,95.5 MiB,95.6 MiB,0 B
2026-06-03 04:10:30,146 MiB,151 MiB,0 B,95.8 MiB,95.9 MiB,0 B
2026-06-03 04:10:45,146 MiB,152 MiB,0 B,96.2 MiB,96.3 MiB,0 B
2026-06-03 04:11:00,146 MiB,152 MiB,0 B,96.5 MiB,96.6 MiB,0 B
2026-06-03 04:11:15,147 MiB,153 MiB,0 B,96.8 MiB,96.9 MiB,0 B
2026-06-03 04:11:30,147 MiB,153 MiB,0 B,97.1 MiB,97.2 MiB,0 B
2026-06-03 04:11:45,148 MiB,153 MiB,0 B,97.4 MiB,97.6 MiB,0 B
2026-06-03 04:12:00,148 MiB,154 MiB,0 B,97.7 MiB,97.8 MiB,0 B
2026-06-03 04:12:15,149 MiB,154 MiB,0 B,98.0 MiB,98.1 MiB,0 B
2026-06-03 04:12:30,149 MiB,155 MiB,0 B,98.3 MiB,98.4 MiB,0 B
2026-06-03 04:12:45,150 MiB,155 MiB,0 B,98.6 MiB,98.7 MiB,0 B
2026-06-03 04:13:00,150 MiB,156 MiB,0 B,98.9 MiB,99.0 MiB,0 B
2026-06-03 04:13:15,151 MiB,156 MiB,0 B,99.2 MiB,99.3 MiB,0 B
2026-06-03 04:13:30,151 MiB,157 MiB,0 B,99.5 MiB,99.6 MiB,0 B
2026-06-03 04:13:45,151 MiB,157 MiB,0 B,99.8 MiB,99.9 MiB,0 B
2026-06-03 04:14:00,152 MiB,158 MiB,0 B,100 MiB,100 MiB,0 B
2026-06-03 04:14:15,152 MiB,158 MiB,0 B,100 MiB,101 MiB,0 B
2026-06-03 04:14:30,153 MiB,159 MiB,0 B,101 MiB,101 MiB,0 B
2026-06-03 04:14:45,153 MiB,159 MiB,0 B,101 MiB,101 MiB,0 B
2026-06-03 04:15:00,154 MiB,160 MiB,0 B,101 MiB,101 MiB,0 B
2026-06-03 04:15:15,154 MiB,160 MiB,0 B,101 MiB,102 MiB,0 B
2026-06-03 04:15:30,154 MiB,160 MiB,0 B,102 MiB,102 MiB,0 B
2026-06-03 04:15:45,155 MiB,161 MiB,0 B,102 MiB,102 MiB,0 B
2026-06-03 04:16:00,155 MiB,161 MiB,0 B,102 MiB,102 MiB,0 B
2026-06-03 04:16:15,155 MiB,161 MiB,0 B,102 MiB,102 MiB,0 B
2026-06-03 04:16:30,156 MiB,162 MiB,0 B,102 MiB,103 MiB,0 B
2026-06-03 04:16:45,156 MiB,162 MiB,0 B,103 MiB,103 MiB,0 B
2026-06-03 04:17:00,157 MiB,163 MiB,0 B,103 MiB,103 MiB,0 B
2026-06-03 04:17:15,157 MiB,163 MiB,0 B,103 MiB,104 MiB,0 B
2026-06-03 04:17:30,158 MiB,164 MiB,0 B,104 MiB,104 MiB,0 B
2026-06-03 04:17:45,158 MiB,164 MiB,0 B,104 MiB,104 MiB,0 B
2026-06-03 04:18:00,158 MiB,165 MiB,0 B,104 MiB,104 MiB,0 B
2026-06-03 04:18:15,159 MiB,165 MiB,0 B,105 MiB,105 MiB,0 B
2026-06-03 04:18:30,159 MiB,166 MiB,0 B,105 MiB,105 MiB,0 B
2026-06-03 04:18:45,160 MiB,166 MiB,0 B,105 MiB,105 MiB,0 B
2026-06-03 04:19:00,160 MiB,167 MiB,0 B,106 MiB,106 MiB,0 B
2026-06-03 04:19:15,161 MiB,167 MiB,0 B,106 MiB,106 MiB,0 B
2026-06-03 04:19:30,161 MiB,168 MiB,0 B,106 MiB,106 MiB,0 B
2026-06-03 04:19:45,162 MiB,168 MiB,0 B,106 MiB,107 MiB,0 B
2026-06-03 04:20:00,162 MiB,169 MiB,0 B,107 MiB,107 MiB,0 B
2026-06-03 04:20:15,163 MiB,169 MiB,0 B,107 MiB,107 MiB,0 B
2026-06-03 04:20:30,163 MiB,169 MiB,0 B,107 MiB,107 MiB,0 B
2026-06-03 04:20:45,164 MiB,170 MiB,0 B,108 MiB,108 MiB,0 B
2026-06-03 04:21:00,164 MiB,170 MiB,0 B,108 MiB,108 MiB,0 B
2026-06-03 04:21:15,164 MiB,171 MiB,0 B,108 MiB,108 MiB,0 B
2026-06-03 04:21:30,165 MiB,171 MiB,0 B,108 MiB,109 MiB,0 B
2026-06-03 04:21:45,165 MiB,172 MiB,0 B,109 MiB,109 MiB,0 B
2026-06-03 04:22:00,166 MiB,172 MiB,0 B,109 MiB,109 MiB,0 B
2026-06-03 04:22:15,166 MiB,173 MiB,0 B,109 MiB,109 MiB,0 B
2026-06-03 04:22:30,167 MiB,173 MiB,0 B,110 MiB,110 MiB,0 B
2026-06-03 04:22:45,167 MiB,173 MiB,0 B,110 MiB,110 MiB,0 B
2026-06-03 04:23:00,167 MiB,174 MiB,0 B,110 MiB,110 MiB,0 B
2026-06-03 04:23:15,168 MiB,174 MiB,0 B,111 MiB,111 MiB,0 B
2026-06-03 04:23:30,168 MiB,175 MiB,0 B,111 MiB,111 MiB,0 B
2026-06-03 04:23:45,169 MiB,175 MiB,0 B,111 MiB,111 MiB,0 B
2026-06-03 04:24:00,169 MiB,176 MiB,0 B,111 MiB,112 MiB,0 B
2026-06-03 04:24:15,170 MiB,176 MiB,0 B,112 MiB,112 MiB,0 B
2026-06-03 04:24:30,170 MiB,177 MiB,0 B,112 MiB,112 MiB,0 B
2026-06-03 04:24:45,171 MiB,177 MiB,0 B,112 MiB,112 MiB,0 B
2026-06-03 04:25:00,171 MiB,178 MiB,0 B,113 MiB,113 MiB,0 B
2026-06-03 04:25:15,172 MiB,178 MiB,0 B,113 MiB,113 MiB,0 B
2026-06-03 04:25:30,172 MiB,179 MiB,0 B,113 MiB,113 MiB,0 B
2026-06-03 04:25:45,173 MiB,179 MiB,0 B,114 MiB,114 MiB,0 B
2026-06-03 04:26:00,173 MiB,180 MiB,0 B,114 MiB,114 MiB,0 B
2026-06-03 04:26:15,173 MiB,180 MiB,0 B,114 MiB,114 MiB,0 B
2026-06-03 04:26:30,174 MiB,181 MiB,0 B,115 MiB,115 MiB,0 B
2026-06-03 04:26:45,174 MiB,181 MiB,0 B,115 MiB,115 MiB,0 B
2026-06-03 04:27:00,174 MiB,181 MiB,0 B,115 MiB,115 MiB,0 B
2026-06-03 04:27:15,175 MiB,182 MiB,0 B,115 MiB,116 MiB,0 B
2026-06-03 04:27:30,175 MiB,182 MiB,0 B,116 MiB,116 MiB,0 B
2026-06-03 04:27:45,176 MiB,183 MiB,0 B,116 MiB,116 MiB,0 B
2026-06-03 04:28:00,176 MiB,183 MiB,0 B,116 MiB,116 MiB,0 B
2026-06-03 04:28:15,176 MiB,183 MiB,0 B,116 MiB,117 MiB,0 B
2026-06-03 04:28:30,176 MiB,183 MiB,0 B,117 MiB,117 MiB,0 B
2026-06-03 04:28:45,177 MiB,183 MiB,0 B,117 MiB,117 MiB,0 B
2026-06-03 04:29:00,177 MiB,184 MiB,0 B,117 MiB,117 MiB,0 B
2026-06-03 04:29:15,177 MiB,184 MiB,0 B,117 MiB,117 MiB,0 B
2026-06-03 04:29:30,177 MiB,184 MiB,0 B,117 MiB,117 MiB,0 B
2026-06-03 04:29:45,178 MiB,185 MiB,0 B,118 MiB,118 MiB,0 B
2026-06-03 04:30:00,178 MiB,185 MiB,0 B,118 MiB,118 MiB,0 B
2026-06-03 04:30:15,179 MiB,186 MiB,0 B,118 MiB,118 MiB,0 B
2026-06-03 04:30:30,179 MiB,186 MiB,0 B,118 MiB,119 MiB,0 B
2026-06-03 04:30:45,179 MiB,186 MiB,0 B,119 MiB,119 MiB,0 B
2026-06-03 04:31:00,179 MiB,186 MiB,0 B,119 MiB,119 MiB,0 B
2026-06-03 04:31:15,180 MiB,187 MiB,0 B,119 MiB,119 MiB,0 B
2026-06-03 04:31:30,180 MiB,187 MiB,0 B,119 MiB,119 MiB,0 B
2026-06-03 04:31:45,180 MiB,187 MiB,0 B,119 MiB,119 MiB,0 B
2026-06-03 04:32:00,181 MiB,188 MiB,0 B,120 MiB,120 MiB,0 B
2026-06-03 04:32:15,181 MiB,188 MiB,0 B,120 MiB,120 MiB,0 B
2026-06-03 04:32:30,181 MiB,188 MiB,0 B,120 MiB,120 MiB,0 B
2026-06-03 04:32:45,181 MiB,189 MiB,0 B,120 MiB,120 MiB,0 B
2026-06-03 04:33:00,182 MiB,189 MiB,0 B,120 MiB,121 MiB,0 B
2026-06-03 04:33:15,182 MiB,190 MiB,0 B,121 MiB,121 MiB,0 B
2026-06-03 04:33:30,183 MiB,190 MiB,0 B,121 MiB,121 MiB,0 B
2026-06-03 04:33:45,183 MiB,190 MiB,0 B,121 MiB,122 MiB,0 B
2026-06-03 04:34:00,184 MiB,191 MiB,0 B,122 MiB,122 MiB,0 B
2026-06-03 04:34:15,184 MiB,192 MiB,0 B,122 MiB,122 MiB,0 B
2026-06-03 04:34:30,185 MiB,192 MiB,0 B,122 MiB,122 MiB,0 B
2026-06-03 04:34:45,185 MiB,193 MiB,0 B,122 MiB,123 MiB,0 B
2026-06-03 04:35:00,186 MiB,193 MiB,0 B,123 MiB,123 MiB,0 B
2026-06-03 04:35:15,186 MiB,193 MiB,0 B,123 MiB,123 MiB,0 B
2026-06-03 04:35:30,187 MiB,194 MiB,0 B,123 MiB,124 MiB,0 B
2026-06-03 04:35:45,187 MiB,194 MiB,0 B,124 MiB,124 MiB,0 B
2026-06-03 04:36:00,187 MiB,195 MiB,0 B,124 MiB,124 MiB,0 B
2026-06-03 04:36:15,188 MiB,195 MiB,0 B,124 MiB,124 MiB,0 B
2026-06-03 04:36:30,188 MiB,195 MiB,0 B,124 MiB,125 MiB,0 B
2026-06-03 04:36:45,188 MiB,196 MiB,0 B,125 MiB,125 MiB,0 B
2026-06-03 04:37:00,189 MiB,196 MiB,0 B,125 MiB,125 MiB,0 B
2026-06-03 04:37:15,189 MiB,196 MiB,0 B,125 MiB,125 MiB,0 B
2026-06-03 04:37:30,189 MiB,196 MiB,0 B,125 MiB,125 MiB,0 B
2026-06-03 04:37:45,189 MiB,197 MiB,0 B,126 MiB,126 MiB,0 B
2026-06-03 04:38:00,190 MiB,197 MiB,0 B,126 MiB,126 MiB,0 B
2026-06-03 04:38:15,190 MiB,198 MiB,0 B,126 MiB,126 MiB,0 B
2026-06-03 04:38:30,191 MiB,198 MiB,0 B,126 MiB,126 MiB,0 B
2026-06-03 04:38:45,191 MiB,198 MiB,0 B,127 MiB,127 MiB,0 B
2026-06-03 04:39:00,191 MiB,199 MiB,0 B,127 MiB,127 MiB,0 B
2026-06-03 04:39:15,192 MiB,199 MiB,0 B,127 MiB,127 MiB,0 B
2026-06-03 04:39:30,192 MiB,200 MiB,0 B,127 MiB,127 MiB,0 B
2026-06-03 04:39:45,192 MiB,200 MiB,0 B,128 MiB,128 MiB,0 B
2026-06-03 04:40:00,193 MiB,200 MiB,0 B,128 MiB,128 MiB,0 B
2026-06-03 04:40:15,193 MiB,201 MiB,0 B,128 MiB,128 MiB,0 B
2026-06-03 04:40:30,194 MiB,201 MiB,0 B,128 MiB,129 MiB,0 B
2026-06-03 04:40:45,194 MiB,202 MiB,0 B,129 MiB,129 MiB,0 B
2026-06-03 04:41:00,194 MiB,202 MiB,0 B,129 MiB,129 MiB,0 B
2026-06-03 04:41:15,195 MiB,203 MiB,0 B,129 MiB,130 MiB,0 B
2026-06-03 04:41:30,195 MiB,203 MiB,0 B,130 MiB,130 MiB,0 B
2026-06-03 04:41:45,196 MiB,203 MiB,0 B,130 MiB,130 MiB,0 B
2026-06-03 04:42:00,196 MiB,204 MiB,0 B,130 MiB,130 MiB,0 B
2026-06-03 04:42:15,197 MiB,204 MiB,0 B,131 MiB,131 MiB,0 B
2026-06-03 04:42:30,197 MiB,205 MiB,0 B,131 MiB,131 MiB,0 B
2026-06-03 04:42:45,197 MiB,205 MiB,0 B,131 MiB,131 MiB,0 B
2026-06-03 04:43:00,198 MiB,206 MiB,0 B,132 MiB,132 MiB,0 B
2026-06-03 04:43:15,198 MiB,206 MiB,0 B,132 MiB,132 MiB,0 B
2026-06-03 04:43:30,199 MiB,206 MiB,0 B,132 MiB,132 MiB,0 B
2026-06-03 04:43:45,199 MiB,207 MiB,0 B,132 MiB,132 MiB,0 B
2026-06-03 04:44:00,199 MiB,207 MiB,0 B,133 MiB,133 MiB,0 B
2026-06-03 04:44:15,200 MiB,208 MiB,0 B,133 MiB,133 MiB,0 B
2026-06-03 04:44:30,200 MiB,208 MiB,0 B,133 MiB,133 MiB,0 B
2026-06-03 04:44:45,201 MiB,209 MiB,0 B,134 MiB,134 MiB,0 B
2026-06-03 04:45:00,201 MiB,209 MiB,0 B,134 MiB,134 MiB,0 B
2026-06-03 04:45:15,202 MiB,210 MiB,0 B,134 MiB,134 MiB,0 B
2026-06-03 04:45:30,202 MiB,210 MiB,0 B,134 MiB,135 MiB,0 B
2026-06-03 04:45:45,203 MiB,211 MiB,0 B,135 MiB,135 MiB,0 B
2026-06-03 04:46:00,203 MiB,211 MiB,0 B,135 MiB,135 MiB,0 B
2026-06-03 04:46:15,203 MiB,211 MiB,0 B,135 MiB,135 MiB,0 B
2026-06-03 04:46:30,204 MiB,211 MiB,0 B,136 MiB,136 MiB,0 B
2026-06-03 04:46:45,204 MiB,212 MiB,0 B,136 MiB,136 MiB,0 B
2026-06-03 04:47:00,204 MiB,212 MiB,0 B,136 MiB,136 MiB,0 B
2026-06-03 04:47:15,205 MiB,213 MiB,0 B,136 MiB,137 MiB,0 B
2026-06-03 04:47:30,205 MiB,213 MiB,0 B,137 MiB,137 MiB,0 B
2026-06-03 04:47:45,206 MiB,214 MiB,0 B,137 MiB,137 MiB,0 B
2026-06-03 04:48:00,206 MiB,214 MiB,0 B,137 MiB,137 MiB,0 B
2026-06-03 04:48:15,207 MiB,215 MiB,0 B,138 MiB,138 MiB,0 B
2026-06-03 04:48:30,207 MiB,215 MiB,0 B,138 MiB,138 MiB,0 B
2026-06-03 04:48:45,207 MiB,215 MiB,0 B,138 MiB,138 MiB,0 B
2026-06-03 04:49:00,208 MiB,216 MiB,0 B,138 MiB,139 MiB,0 B
2026-06-03 04:49:15,208 MiB,217 MiB,0 B,139 MiB,139 MiB,0 B
2026-06-03 04:49:30,209 MiB,217 MiB,0 B,139 MiB,139 MiB,0 B
2026-06-03 04:49:45,209 MiB,218 MiB,0 B,139 MiB,140 MiB,0 B
2026-06-03 04:50:00,210 MiB,218 MiB,0 B,140 MiB,140 MiB,0 B
2026-06-03 04:50:15,210 MiB,218 MiB,0 B,140 MiB,140 MiB,0 B
2026-06-03 04:50:30,211 MiB,219 MiB,0 B,140 MiB,141 MiB,0 B
2026-06-03 04:50:45,211 MiB,219 MiB,0 B,141 MiB,141 MiB,0 B
2026-06-03 04:51:00,211 MiB,220 MiB,0 B,141 MiB,141 MiB,0 B
2026-06-03 04:51:15,212 MiB,220 MiB,0 B,142 MiB,142 MiB,0 B
2026-06-03 04:51:30,212 MiB,220 MiB,0 B,142 MiB,142 MiB,0 B
2026-06-03 04:51:45,212 MiB,221 MiB,0 B,142 MiB,142 MiB,0 B
2026-06-03 04:52:00,212 MiB,221 MiB,0 B,142 MiB,142 MiB,0 B
2026-06-03 04:52:15,213 MiB,221 MiB,0 B,142 MiB,142 MiB,0 B
2026-06-03 04:52:30,213 MiB,222 MiB,0 B,143 MiB,143 MiB,0 B
2026-06-03 04:52:45,214 MiB,222 MiB,0 B,143 MiB,143 MiB,0 B
2026-06-03 04:53:00,214 MiB,222 MiB,0 B,143 MiB,143 MiB,0 B
2026-06-03 04:53:15,214 MiB,223 MiB,0 B,143 MiB,144 MiB,0 B
2026-06-03 04:53:30,215 MiB,223 MiB,0 B,144 MiB,144 MiB,0 B
2026-06-03 04:53:45,215 MiB,223 MiB,0 B,144 MiB,144 MiB,0 B
2026-06-03 04:54:00,215 MiB,224 MiB,0 B,144 MiB,144 MiB,0 B
2026-06-03 04:54:15,216 MiB,224 MiB,0 B,144 MiB,145 MiB,0 B
2026-06-03 04:54:30,216 MiB,225 MiB,0 B,145 MiB,145 MiB,0 B
2026-06-03 04:54:45,217 MiB,225 MiB,0 B,145 MiB,145 MiB,0 B
2026-06-03 04:55:00,217 MiB,226 MiB,0 B,145 MiB,146 MiB,0 B
2026-06-03 04:55:15,218 MiB,226 MiB,0 B,146 MiB,146 MiB,0 B
2026-06-03 04:55:30,218 MiB,227 MiB,0 B,146 MiB,146 MiB,0 B
2026-06-03 04:55:45,219 MiB,227 MiB,0 B,146 MiB,146 MiB,0 B
2026-06-03 04:56:00,219 MiB,227 MiB,0 B,147 MiB,147 MiB,0 B
2026-06-03 04:56:15,219 MiB,228 MiB,0 B,147 MiB,147 MiB,0 B
2026-06-03 04:56:30,219 MiB,228 MiB,0 B,147 MiB,147 MiB,0 B
2026-06-03 04:56:45,220 MiB,228 MiB,0 B,147 MiB,148 MiB,0 B
2026-06-03 04:57:00,220 MiB,229 MiB,0 B,148 MiB,148 MiB,0 B
2026-06-03 04:57:15,221 MiB,229 MiB,0 B,148 MiB,148 MiB,0 B
2026-06-03 04:57:30,221 MiB,230 MiB,0 B,148 MiB,148 MiB,0 B
2026-06-03 04:57:45,221 MiB,230 MiB,0 B,148 MiB,149 MiB,0 B
2026-06-03 04:58:00,222 MiB,231 MiB,0 B,149 MiB,149 MiB,0 B
2026-06-03 04:58:15,222 MiB,231 MiB,0 B,149 MiB,149 MiB,0 B
2026-06-03 04:58:30,223 MiB,232 MiB,0 B,149 MiB,149 MiB,0 B
2026-06-03 04:58:45,223 MiB,232 MiB,0 B,150 MiB,150 MiB,0 B
2026-06-03 04:59:00,224 MiB,233 MiB,0 B,150 MiB,150 MiB,0 B
2026-06-03 04:59:15,224 MiB,233 MiB,0 B,150 MiB,150 MiB,0 B
2026-06-03 04:59:30,225 MiB,233 MiB,0 B,150 MiB,151 MiB,0 B
2026-06-03 04:59:45,225 MiB,234 MiB,0 B,151 MiB,151 MiB,0 B
2026-06-03 05:00:00,225 MiB,234 MiB,0 B,151 MiB,151 MiB,0 B
2026-06-03 05:00:15,226 MiB,234 MiB,0 B,151 MiB,151 MiB,0 B
2026-06-03 05:00:30,226 MiB,235 MiB,0 B,151 MiB,152 MiB,0 B
2026-06-03 05:00:45,226 MiB,235 MiB,0 B,152 MiB,152 MiB,0 B
2026-06-03 05:01:00,227 MiB,236 MiB,0 B,152 MiB,152 MiB,0 B
2026-06-03 05:01:15,227 MiB,236 MiB,0 B,152 MiB,153 MiB,0 B
2026-06-03 05:01:30,227 MiB,236 MiB,0 B,153 MiB,153 MiB,0 B
2026-06-03 05:01:45,228 MiB,237 MiB,0 B,153 MiB,153 MiB,0 B
2026-06-03 05:02:00,228 MiB,237 MiB,0 B,153 MiB,153 MiB,0 B
2026-06-03 05:02:15,229 MiB,238 MiB,0 B,153 MiB,153 MiB,0 B
2026-06-03 05:02:30,229 MiB,238 MiB,0 B,154 MiB,154 MiB,0 B
2026-06-03 05:02:45,229 MiB,238 MiB,0 B,154 MiB,154 MiB,0 B
2026-06-03 05:03:00,230 MiB,239 MiB,0 B,154 MiB,154 MiB,0 B
2026-06-03 05:03:15,230 MiB,239 MiB,0 B,154 MiB,154 MiB,0 B
2026-06-03 05:03:30,231 MiB,240 MiB,0 B,154 MiB,155 MiB,0 B
2026-06-03 05:03:45,231 MiB,240 MiB,0 B,155 MiB,155 MiB,0 B
2026-06-03 05:04:00,231 MiB,241 MiB,0 B,155 MiB,155 MiB,0 B
2026-06-03 05:04:15,232 MiB,241 MiB,0 B,155 MiB,155 MiB,0 B
2026-06-03 05:04:30,232 MiB,241 MiB,0 B,155 MiB,156 MiB,0 B
2026-06-03 05:04:45,232 MiB,241 MiB,0 B,156 MiB,156 MiB,0 B
2026-06-03 05:05:00,233 MiB,242 MiB,0 B,156 MiB,156 MiB,0 B
2026-06-03 05:05:15,233 MiB,242 MiB,0 B,156 MiB,156 MiB,0 B
2026-06-03 05:05:30,233 MiB,242 MiB,0 B,156 MiB,157 MiB,0 B
2026-06-03 05:05:45,234 MiB,243 MiB,0 B,157 MiB,157 MiB,0 B
2026-06-03 05:06:00,234 MiB,243 MiB,0 B,157 MiB,157 MiB,0 B
2026-06-03 05:06:15,235 MiB,244 MiB,0 B,157 MiB,158 MiB,0 B
2026-06-03 05:06:30,235 MiB,244 MiB,0 B,158 MiB,158 MiB,0 B
2026-06-03 05:06:45,236 MiB,245 MiB,0 B,158 MiB,158 MiB,0 B
2026-06-03 05:07:00,236 MiB,245 MiB,0 B,158 MiB,159 MiB,0 B
2026-06-03 05:07:15,236 MiB,246 MiB,0 B,159 MiB,159 MiB,0 B
2026-06-03 05:07:30,237 MiB,246 MiB,0 B,159 MiB,159 MiB,0 B
2026-06-03 05:07:45,237 MiB,246 MiB,0 B,159 MiB,159 MiB,0 B
2026-06-03 05:08:00,238 MiB,247 MiB,0 B,160 MiB,160 MiB,0 B
2026-06-03 05:08:15,238 MiB,247 MiB,0 B,160 MiB,160 MiB,0 B
2026-06-03 05:08:30,239 MiB,248 MiB,0 B,160 MiB,160 MiB,0 B
2026-06-03 05:08:45,239 MiB,249 MiB,0 B,160 MiB,161 MiB,0 B
2026-06-03 05:09:00,240 MiB,249 MiB,0 B,161 MiB,161 MiB,0 B
2026-06-03 05:09:15,240 MiB,249 MiB,0 B,161 MiB,161 MiB,0 B
2026-06-03 05:09:30,241 MiB,250 MiB,0 B,161 MiB,162 MiB,0 B
2026-06-03 05:09:45,241 MiB,250 MiB,0 B,162 MiB,162 MiB,0 B
2026-06-03 05:10:00,241 MiB,251 MiB,0 B,162 MiB,162 MiB,0 B
2026-06-03 05:10:15,242 MiB,251 MiB,0 B,162 MiB,162 MiB,0 B
2026-06-03 05:10:30,242 MiB,252 MiB,0 B,163 MiB,163 MiB,0 B
2026-06-03 05:10:45,243 MiB,252 MiB,0 B,163 MiB,163 MiB,0 B
2026-06-03 05:11:00,243 MiB,253 MiB,0 B,163 MiB,163 MiB,0 B
2026-06-03 05:11:15,244 MiB,253 MiB,0 B,164 MiB,164 MiB,0 B
2026-06-03 05:11:30,244 MiB,254 MiB,0 B,164 MiB,164 MiB,0 B
2026-06-03 05:11:45,245 MiB,254 MiB,0 B,164 MiB,164 MiB,0 B
2026-06-03 05:12:00,245 MiB,255 MiB,0 B,165 MiB,165 MiB,0 B
2026-06-03 05:12:15,246 MiB,255 MiB,0 B,165 MiB,165 MiB,0 B
2026-06-03 05:12:30,246 MiB,256 MiB,0 B,165 MiB,165 MiB,0 B
2026-06-03 05:12:45,246 MiB,256 MiB,0 B,165 MiB,166 MiB,0 B
2026-06-03 05:13:00,247 MiB,257 MiB,0 B,166 MiB,166 MiB,0 B
2026-06-03 05:13:15,247 MiB,257 MiB,0 B,166 MiB,166 MiB,0 B
2026-06-03 05:13:30,248 MiB,258 MiB,0 B,166 MiB,167 MiB,0 B
2026-06-03 05:13:45,248 MiB,258 MiB,0 B,167 MiB,167 MiB,0 B
2026-06-03 05:14:00,249 MiB,259 MiB,0 B,167 MiB,167 MiB,0 B
2026-06-03 05:14:15,249 MiB,259 MiB,0 B,167 MiB,168 MiB,0 B
2026-06-03 05:14:30,250 MiB,259 MiB,0 B,168 MiB,168 MiB,0 B
2026-06-03 05:14:45,250 MiB,260 MiB,0 B,168 MiB,168 MiB,0 B
2026-06-03 05:15:00,251 MiB,260 MiB,0 B,168 MiB,168 MiB,0 B
2026-06-03 05:15:15,251 MiB,261 MiB,0 B,168 MiB,169 MiB,0 B
2026-06-03 05:15:30,251 MiB,261 MiB,0 B,169 MiB,169 MiB,0 B
2026-06-03 05:15:45,252 MiB,262 MiB,0 B,169 MiB,169 MiB,0 B
2026-06-03 05:16:00,252 MiB,262 MiB,0 B,169 MiB,169 MiB,0 B
2026-06-03 05:16:15,252 MiB,262 MiB,0 B,170 MiB,170 MiB,0 B
2026-06-03 05:16:30,253 MiB,263 MiB,0 B,170 MiB,170 MiB,0 B
2026-06-03 05:16:45,253 MiB,263 MiB,0 B,170 MiB,170 MiB,0 B
2026-06-03 05:17:00,254 MiB,264 MiB,0 B,170 MiB,171 MiB,0 B
2026-06-03 05:17:15,254 MiB,264 MiB,0 B,171 MiB,171 MiB,0 B
2026-06-03 05:17:30,255 MiB,265 MiB,0 B,171 MiB,171 MiB,0 B
2026-06-03 05:17:45,255 MiB,265 MiB,0 B,171 MiB,171 MiB,0 B
2026-06-03 05:18:00,255 MiB,265 MiB,0 B,172 MiB,172 MiB,0 B
2026-06-03 05:18:15,256 MiB,266 MiB,0 B,172 MiB,172 MiB,0 B
2026-06-03 05:18:30,256 MiB,266 MiB,0 B,172 MiB,172 MiB,0 B
2026-06-03 05:18:45,257 MiB,267 MiB,0 B,172 MiB,173 MiB,0 B
2026-06-03 05:19:00,257 MiB,267 MiB,0 B,173 MiB,173 MiB,0 B
2026-06-03 05:19:15,258 MiB,268 MiB,0 B,173 MiB,173 MiB,0 B
2026-06-03 05:19:30,258 MiB,268 MiB,0 B,173 MiB,174 MiB,0 B
2026-06-03 05:19:45,259 MiB,269 MiB,0 B,174 MiB,174 MiB,0 B
2026-06-03 05:20:00,259 MiB,269 MiB,0 B,174 MiB,174 MiB,0 B
2026-06-03 05:20:15,260 MiB,270 MiB,0 B,174 MiB,174 MiB,0 B
2026-06-03 05:20:30,260 MiB,270 MiB,0 B,175 MiB,175 MiB,0 B
2026-06-03 05:20:45,260 MiB,271 MiB,0 B,175 MiB,175 MiB,0 B
2026-06-03 05:21:00,261 MiB,271 MiB,0 B,175 MiB,175 MiB,0 B
2026-06-03 05:21:15,262 MiB,272 MiB,0 B,176 MiB,176 MiB,0 B
2026-06-03 05:21:30,262 MiB,272 MiB,0 B,176 MiB,176 MiB,0 B
2026-06-03 05:21:45,262 MiB,273 MiB,0 B,176 MiB,176 MiB,0 B
2026-06-03 05:22:00,263 MiB,273 MiB,0 B,176 MiB,177 MiB,0 B
2026-06-03 05:22:15,263 MiB,273 MiB,0 B,177 MiB,177 MiB,0 B
2026-06-03 05:22:30,264 MiB,274 MiB,0 B,177 MiB,177 MiB,0 B
2026-06-03 05:22:45,264 MiB,275 MiB,0 B,177 MiB,177 MiB,0 B
2026-06-03 05:23:00,265 MiB,275 MiB,0 B,177 MiB,178 MiB,0 B
2026-06-03 05:23:15,265 MiB,275 MiB,0 B,178 MiB,178 MiB,0 B
2026-06-03 05:23:30,265 MiB,276 MiB,0 B,178 MiB,178 MiB,0 B
2026-06-03 05:23:45,266 MiB,276 MiB,0 B,178 MiB,178 MiB,0 B
2026-06-03 05:24:00,266 MiB,276 MiB,0 B,178 MiB,179 MiB,0 B
2026-06-03 05:24:15,266 MiB,277 MiB,0 B,179 MiB,179 MiB,0 B
2026-06-03 05:24:30,267 MiB,277 MiB,0 B,179 MiB,179 MiB,0 B
2026-06-03 05:24:45,267 MiB,278 MiB,0 B,179 MiB,180 MiB,0 B
2026-06-03 05:25:00,268 MiB,278 MiB,0 B,180 MiB,180 MiB,0 B
2026-06-03 05:25:15,268 MiB,279 MiB,0 B,180 MiB,180 MiB,0 B
2026-06-03 05:25:30,268 MiB,279 MiB,0 B,180 MiB,180 MiB,0 B
2026-06-03 05:25:45,269 MiB,279 MiB,0 B,180 MiB,181 MiB,0 B
2026-06-03 05:26:00,269 MiB,280 MiB,0 B,181 MiB,181 MiB,0 B
2026-06-03 05:26:15,269 MiB,280 MiB,0 B,181 MiB,181 MiB,0 B
2026-06-03 05:26:30,270 MiB,280 MiB,0 B,181 MiB,181 MiB,0 B
2026-06-03 05:26:45,270 MiB,281 MiB,0 B,181 MiB,182 MiB,0 B
2026-06-03 05:27:00,270 MiB,281 MiB,0 B,182 MiB,182 MiB,0 B
2026-06-03 05:27:15,271 MiB,281 MiB,0 B,182 MiB,182 MiB,0 B
2026-06-03 05:27:30,271 MiB,282 MiB,0 B,182 MiB,182 MiB,0 B
2026-06-03 05:27:45,271 MiB,282 MiB,0 B,182 MiB,183 MiB,0 B
2026-06-03 05:28:00,271 MiB,282 MiB,0 B,182 MiB,183 MiB,0 B
2026-06-03 05:28:15,271 MiB,282 MiB,0 B,182 MiB,183 MiB,0 B
2026-06-03 05:28:30,271 MiB,282 MiB,0 B,182 MiB,183 MiB,0 B
2026-06-03 05:28:45,271 MiB,282 MiB,0 B,182 MiB,183 MiB,0 B
2026-06-03 05:29:00,271 MiB,282 MiB,0 B,182 MiB,183 MiB,0 B
2026-06-03 05:29:15,271 MiB,282 MiB,0 B,182 MiB,183 MiB,0 B
2026-06-03 05:29:30,271 MiB,282 MiB,0 B,182 MiB,183 MiB,0 B
2026-06-03 05:29:45,271 MiB,282 MiB,0 B,182 MiB,183 MiB,0 B
2026-06-03 05:30:00,271 MiB,282 MiB,0 B,182 MiB,183 MiB,0 B
2026-06-03 05:30:15,271 MiB,282 MiB,0 B,182 MiB,183 MiB,0 B
2026-06-03 05:30:30,271 MiB,282 MiB,0 B,183 MiB,183 MiB,0 B
2026-06-03 05:30:45,271 MiB,282 MiB,0 B,183 MiB,183 MiB,0 B
2026-06-03 05:31:00,271 MiB,282 MiB,0 B,183 MiB,183 MiB,0 B
2026-06-03 05:31:15,271 MiB,282 MiB,0 B,183 MiB,183 MiB,0 B
2026-06-03 05:31:30,271 MiB,282 MiB,0 B,183 MiB,183 MiB,0 B
2026-06-03 05:31:45,271 MiB,282 MiB,0 B,183 MiB,183 MiB,0 B
2026-06-03 05:32:00,271 MiB,282 MiB,0 B,183 MiB,183 MiB,0 B
2026-06-03 05:32:15,271 MiB,282 MiB,0 B,183 MiB,183 MiB,0 B
2026-06-03 05:32:30,271 MiB,282 MiB,0 B,183 MiB,183 MiB,0 B
2026-06-03 05:32:45,271 MiB,282 MiB,0 B,183 MiB,183 MiB,0 B
2026-06-03 05:33:00,271 MiB,282 MiB,0 B,183 MiB,183 MiB,0 B
2026-06-03 05:33:15,271 MiB,282 MiB,0 B,183 MiB,183 MiB,0 B
2026-06-03 05:33:30,272 MiB,282 MiB,0 B,183 MiB,183 MiB,0 B
2026-06-03 05:33:45,272 MiB,282 MiB,0 B,183 MiB,183 MiB,0 B
2026-06-03 05:34:00,272 MiB,282 MiB,0 B,183 MiB,183 MiB,0 B
2026-06-03 05:34:15,272 MiB,282 MiB,0 B,183 MiB,183 MiB,0 B
2026-06-03 05:34:30,272 MiB,282 MiB,0 B,183 MiB,183 MiB,0 B
2026-06-03 05:34:45,272 MiB,282 MiB,0 B,183 MiB,183 MiB,0 B
2026-06-03 05:35:00,272 MiB,282 MiB,0 B,183 MiB,183 MiB,0 B
2026-06-03 05:35:15,272 MiB,282 MiB,0 B,183 MiB,183 MiB,0 B