"Time","172.212.226.225:9100 eth0 rx","20.29.43.19:9100 eth0 rx","172.212.226.225:9100 eth0 tx","20.29.43.19:9100 eth0 tx"
2026-04-24 16:31:30,331 kB/s,331 kB/s,2.84 kB/s,2.97 kB/s
2026-04-24 16:31:45,331 kB/s,332 kB/s,3.08 kB/s,3.58 kB/s
2026-04-24 16:32:00,331 kB/s,332 kB/s,3.11 kB/s,3.64 kB/s
2026-04-24 16:32:15,414 kB/s,414 kB/s,3.46 kB/s,3.90 kB/s
2026-04-24 16:32:30,497 kB/s,497 kB/s,3.90 kB/s,4.44 kB/s
2026-04-24 16:32:45,497 kB/s,497 kB/s,4.17 kB/s,4.73 kB/s
2026-04-24 16:33:00,497 kB/s,497 kB/s,4.94 kB/s,4.78 kB/s
2026-04-24 16:33:15,498 kB/s,497 kB/s,5.04 kB/s,4.77 kB/s
2026-04-24 16:33:30,662 kB/s,662 kB/s,5.51 kB/s,5.38 kB/s
2026-04-24 16:33:45,663 kB/s,662 kB/s,5.96 kB/s,5.73 kB/s
2026-04-24 16:34:00,663 kB/s,662 kB/s,6.16 kB/s,5.83 kB/s
2026-04-24 16:34:15,663 kB/s,662 kB/s,6.25 kB/s,5.83 kB/s
2026-04-24 16:34:30,663 kB/s,662 kB/s,6.23 kB/s,5.85 kB/s
2026-04-24 16:34:45,663 kB/s,662 kB/s,6.24 kB/s,5.81 kB/s
2026-04-24 16:35:00,576 kB/s,580 kB/s,5.88 kB/s,5.55 kB/s
2026-04-24 16:35:15,580 kB/s,580 kB/s,5.74 kB/s,5.28 kB/s
2026-04-24 16:35:30,580 kB/s,580 kB/s,5.59 kB/s,5.65 kB/s
2026-04-24 16:35:45,1.08 MB/s,580 kB/s,6.06 kB/s,5.59 kB/s
2026-04-24 16:36:00,10.5 MB/s,9.08 MB/s,9.45 MB/s,8.98 MB/s
2026-04-24 16:36:15,19.8 MB/s,18.0 MB/s,18.9 MB/s,18.1 MB/s
2026-04-24 16:36:30,28.8 MB/s,27.3 MB/s,27.9 MB/s,27.4 MB/s
2026-04-24 16:36:45,37.7 MB/s,36.3 MB/s,36.8 MB/s,36.4 MB/s
2026-04-24 16:37:00,46.6 MB/s,45.2 MB/s,45.8 MB/s,45.4 MB/s
2026-04-24 16:37:15,56.0 MB/s,54.5 MB/s,55.2 MB/s,54.8 MB/s
2026-04-24 16:37:30,64.0 MB/s,62.6 MB/s,63.3 MB/s,62.8 MB/s
2026-04-24 16:37:45,73.0 MB/s,71.5 MB/s,72.2 MB/s,71.8 MB/s
2026-04-24 16:38:00,82.4 MB/s,81.0 MB/s,81.7 MB/s,81.3 MB/s
2026-04-24 16:38:15,90.8 MB/s,89.8 MB/s,90.7 MB/s,90.2 MB/s
2026-04-24 16:38:30,99.7 MB/s,98.1 MB/s,99.1 MB/s,98.6 MB/s
2026-04-24 16:38:45,109 MB/s,107 MB/s,108 MB/s,108 MB/s
2026-04-24 16:39:00,118 MB/s,116 MB/s,117 MB/s,117 MB/s
2026-04-24 16:39:15,126 MB/s,125 MB/s,126 MB/s,125 MB/s
2026-04-24 16:39:30,135 MB/s,134 MB/s,135 MB/s,134 MB/s
2026-04-24 16:39:45,144 MB/s,143 MB/s,144 MB/s,143 MB/s
2026-04-24 16:40:00,153 MB/s,151 MB/s,152 MB/s,152 MB/s
2026-04-24 16:40:15,162 MB/s,160 MB/s,161 MB/s,161 MB/s
2026-04-24 16:40:30,170 MB/s,169 MB/s,170 MB/s,170 MB/s
2026-04-24 16:40:45,170 MB/s,170 MB/s,170 MB/s,170 MB/s
2026-04-24 16:41:00,170 MB/s,170 MB/s,169 MB/s,170 MB/s
2026-04-24 16:41:15,170 MB/s,169 MB/s,169 MB/s,170 MB/s
2026-04-24 16:41:30,170 MB/s,169 MB/s,170 MB/s,170 MB/s
2026-04-24 16:41:45,170 MB/s,169 MB/s,169 MB/s,170 MB/s
2026-04-24 16:42:00,170 MB/s,169 MB/s,169 MB/s,169 MB/s
2026-04-24 16:42:15,170 MB/s,170 MB/s,170 MB/s,171 MB/s
2026-04-24 16:42:30,170 MB/s,170 MB/s,170 MB/s,170 MB/s
2026-04-24 16:42:45,170 MB/s,170 MB/s,170 MB/s,170 MB/s
2026-04-24 16:43:00,171 MB/s,170 MB/s,170 MB/s,170 MB/s
2026-04-24 16:43:15,171 MB/s,171 MB/s,171 MB/s,171 MB/s
2026-04-24 16:43:30,171 MB/s,170 MB/s,171 MB/s,171 MB/s
2026-04-24 16:43:45,171 MB/s,171 MB/s,171 MB/s,171 MB/s
2026-04-24 16:44:00,172 MB/s,172 MB/s,172 MB/s,172 MB/s
2026-04-24 16:44:15,171 MB/s,171 MB/s,171 MB/s,171 MB/s
2026-04-24 16:44:30,172 MB/s,172 MB/s,172 MB/s,172 MB/s
2026-04-24 16:44:45,173 MB/s,172 MB/s,173 MB/s,172 MB/s
2026-04-24 16:45:00,172 MB/s,172 MB/s,172 MB/s,172 MB/s
2026-04-24 16:45:15,172 MB/s,172 MB/s,172 MB/s,172 MB/s
2026-04-24 16:45:30,172 MB/s,172 MB/s,172 MB/s,172 MB/s
2026-04-24 16:45:45,173 MB/s,173 MB/s,173 MB/s,173 MB/s
2026-04-24 16:46:00,173 MB/s,173 MB/s,173 MB/s,173 MB/s
2026-04-24 16:46:15,172 MB/s,173 MB/s,172 MB/s,173 MB/s
2026-04-24 16:46:30,173 MB/s,173 MB/s,173 MB/s,173 MB/s
2026-04-24 16:46:45,173 MB/s,173 MB/s,173 MB/s,173 MB/s
2026-04-24 16:47:00,173 MB/s,173 MB/s,173 MB/s,173 MB/s
2026-04-24 16:47:15,173 MB/s,173 MB/s,173 MB/s,174 MB/s
2026-04-24 16:47:30,173 MB/s,173 MB/s,173 MB/s,173 MB/s
2026-04-24 16:47:45,173 MB/s,173 MB/s,173 MB/s,173 MB/s
2026-04-24 16:48:00,173 MB/s,173 MB/s,173 MB/s,173 MB/s
2026-04-24 16:48:15,173 MB/s,174 MB/s,173 MB/s,174 MB/s
2026-04-24 16:48:30,173 MB/s,173 MB/s,173 MB/s,173 MB/s
2026-04-24 16:48:45,173 MB/s,173 MB/s,173 MB/s,173 MB/s
2026-04-24 16:49:00,174 MB/s,174 MB/s,174 MB/s,174 MB/s
2026-04-24 16:49:15,173 MB/s,173 MB/s,173 MB/s,173 MB/s
2026-04-24 16:49:30,173 MB/s,173 MB/s,173 MB/s,173 MB/s
2026-04-24 16:49:45,174 MB/s,174 MB/s,174 MB/s,174 MB/s
2026-04-24 16:50:00,173 MB/s,173 MB/s,173 MB/s,173 MB/s
2026-04-24 16:50:15,174 MB/s,174 MB/s,174 MB/s,174 MB/s
2026-04-24 16:50:30,174 MB/s,173 MB/s,174 MB/s,174 MB/s
2026-04-24 16:50:45,173 MB/s,174 MB/s,174 MB/s,174 MB/s
2026-04-24 16:51:00,174 MB/s,174 MB/s,174 MB/s,174 MB/s
2026-04-24 16:51:15,174 MB/s,174 MB/s,174 MB/s,174 MB/s
2026-04-24 16:51:30,174 MB/s,174 MB/s,175 MB/s,175 MB/s
2026-04-24 16:51:45,174 MB/s,174 MB/s,174 MB/s,174 MB/s
2026-04-24 16:52:00,174 MB/s,174 MB/s,174 MB/s,174 MB/s
2026-04-24 16:52:15,175 MB/s,175 MB/s,175 MB/s,175 MB/s
2026-04-24 16:52:30,174 MB/s,174 MB/s,174 MB/s,174 MB/s
2026-04-24 16:52:45,174 MB/s,174 MB/s,174 MB/s,174 MB/s
2026-04-24 16:53:00,174 MB/s,174 MB/s,174 MB/s,174 MB/s
2026-04-24 16:53:15,174 MB/s,174 MB/s,174 MB/s,174 MB/s
2026-04-24 16:53:30,174 MB/s,174 MB/s,174 MB/s,174 MB/s
2026-04-24 16:53:45,174 MB/s,174 MB/s,174 MB/s,174 MB/s
2026-04-24 16:54:00,174 MB/s,174 MB/s,174 MB/s,174 MB/s
2026-04-24 16:54:15,174 MB/s,174 MB/s,174 MB/s,174 MB/s
2026-04-24 16:54:30,174 MB/s,174 MB/s,174 MB/s,174 MB/s
2026-04-24 16:54:45,174 MB/s,174 MB/s,174 MB/s,174 MB/s
2026-04-24 16:55:00,174 MB/s,174 MB/s,174 MB/s,174 MB/s
2026-04-24 16:55:15,174 MB/s,174 MB/s,174 MB/s,174 MB/s
2026-04-24 16:55:30,174 MB/s,174 MB/s,174 MB/s,174 MB/s
2026-04-24 16:55:45,174 MB/s,174 MB/s,174 MB/s,174 MB/s
2026-04-24 16:56:00,174 MB/s,174 MB/s,174 MB/s,174 MB/s
2026-04-24 16:56:15,174 MB/s,173 MB/s,174 MB/s,174 MB/s
2026-04-24 16:56:30,174 MB/s,174 MB/s,174 MB/s,174 MB/s
2026-04-24 16:56:45,174 MB/s,174 MB/s,174 MB/s,174 MB/s
2026-04-24 16:57:00,174 MB/s,174 MB/s,174 MB/s,174 MB/s
2026-04-24 16:57:15,174 MB/s,174 MB/s,174 MB/s,174 MB/s
2026-04-24 16:57:30,174 MB/s,174 MB/s,174 MB/s,174 MB/s
2026-04-24 16:57:45,174 MB/s,174 MB/s,174 MB/s,174 MB/s
2026-04-24 16:58:00,175 MB/s,174 MB/s,175 MB/s,174 MB/s
2026-04-24 16:58:15,174 MB/s,174 MB/s,174 MB/s,174 MB/s
2026-04-24 16:58:30,174 MB/s,174 MB/s,174 MB/s,174 MB/s
2026-04-24 16:58:45,174 MB/s,174 MB/s,174 MB/s,174 MB/s
2026-04-24 16:59:00,174 MB/s,174 MB/s,174 MB/s,174 MB/s
2026-04-24 16:59:15,174 MB/s,174 MB/s,174 MB/s,174 MB/s
2026-04-24 16:59:30,174 MB/s,174 MB/s,174 MB/s,174 MB/s
2026-04-24 16:59:45,174 MB/s,174 MB/s,174 MB/s,174 MB/s
2026-04-24 17:00:00,174 MB/s,173 MB/s,174 MB/s,173 MB/s
2026-04-24 17:00:15,174 MB/s,174 MB/s,174 MB/s,174 MB/s
2026-04-24 17:00:30,174 MB/s,174 MB/s,174 MB/s,174 MB/s
2026-04-24 17:00:45,173 MB/s,173 MB/s,173 MB/s,173 MB/s
2026-04-24 17:01:00,173 MB/s,174 MB/s,173 MB/s,174 MB/s
2026-04-24 17:01:15,174 MB/s,173 MB/s,174 MB/s,173 MB/s
2026-04-24 17:01:30,173 MB/s,174 MB/s,173 MB/s,174 MB/s
2026-04-24 17:01:45,173 MB/s,173 MB/s,173 MB/s,173 MB/s
2026-04-24 17:02:00,174 MB/s,173 MB/s,174 MB/s,173 MB/s
2026-04-24 17:02:15,174 MB/s,174 MB/s,174 MB/s,174 MB/s
2026-04-24 17:02:30,173 MB/s,173 MB/s,173 MB/s,173 MB/s
2026-04-24 17:02:45,173 MB/s,173 MB/s,173 MB/s,173 MB/s
2026-04-24 17:03:00,174 MB/s,174 MB/s,174 MB/s,174 MB/s
2026-04-24 17:03:15,173 MB/s,173 MB/s,173 MB/s,173 MB/s
2026-04-24 17:03:30,173 MB/s,173 MB/s,173 MB/s,173 MB/s
2026-04-24 17:03:45,173 MB/s,173 MB/s,173 MB/s,173 MB/s
2026-04-24 17:04:00,173 MB/s,173 MB/s,173 MB/s,173 MB/s
2026-04-24 17:04:15,173 MB/s,173 MB/s,173 MB/s,173 MB/s
2026-04-24 17:04:30,173 MB/s,173 MB/s,173 MB/s,173 MB/s
2026-04-24 17:04:45,174 MB/s,174 MB/s,174 MB/s,174 MB/s
2026-04-24 17:05:00,173 MB/s,173 MB/s,173 MB/s,173 MB/s
2026-04-24 17:05:15,173 MB/s,173 MB/s,173 MB/s,173 MB/s
2026-04-24 17:05:30,174 MB/s,174 MB/s,174 MB/s,174 MB/s
2026-04-24 17:05:45,173 MB/s,173 MB/s,173 MB/s,173 MB/s
2026-04-24 17:06:00,173 MB/s,174 MB/s,173 MB/s,174 MB/s
2026-04-24 17:06:15,174 MB/s,173 MB/s,174 MB/s,173 MB/s
2026-04-24 17:06:30,173 MB/s,173 MB/s,173 MB/s,173 MB/s
2026-04-24 17:06:45,173 MB/s,174 MB/s,173 MB/s,174 MB/s
2026-04-24 17:07:00,173 MB/s,173 MB/s,173 MB/s,173 MB/s
2026-04-24 17:07:15,174 MB/s,174 MB/s,174 MB/s,174 MB/s
2026-04-24 17:07:30,173 MB/s,174 MB/s,173 MB/s,174 MB/s
2026-04-24 17:07:45,173 MB/s,173 MB/s,173 MB/s,173 MB/s
2026-04-24 17:08:00,174 MB/s,174 MB/s,174 MB/s,174 MB/s
2026-04-24 17:08:15,174 MB/s,173 MB/s,174 MB/s,173 MB/s
2026-04-24 17:08:30,173 MB/s,173 MB/s,173 MB/s,173 MB/s
2026-04-24 17:08:45,174 MB/s,174 MB/s,174 MB/s,174 MB/s
2026-04-24 17:09:00,173 MB/s,173 MB/s,173 MB/s,173 MB/s
2026-04-24 17:09:15,173 MB/s,173 MB/s,173 MB/s,173 MB/s
2026-04-24 17:09:30,173 MB/s,174 MB/s,173 MB/s,174 MB/s
2026-04-24 17:09:45,174 MB/s,174 MB/s,174 MB/s,174 MB/s
2026-04-24 17:10:00,173 MB/s,173 MB/s,173 MB/s,173 MB/s
2026-04-24 17:10:15,173 MB/s,174 MB/s,173 MB/s,174 MB/s
2026-04-24 17:10:30,174 MB/s,174 MB/s,174 MB/s,174 MB/s
2026-04-24 17:10:45,173 MB/s,173 MB/s,173 MB/s,173 MB/s
2026-04-24 17:11:00,173 MB/s,173 MB/s,173 MB/s,173 MB/s
2026-04-24 17:11:15,174 MB/s,174 MB/s,174 MB/s,174 MB/s
2026-04-24 17:11:30,173 MB/s,173 MB/s,173 MB/s,173 MB/s
2026-04-24 17:11:45,173 MB/s,173 MB/s,173 MB/s,173 MB/s
2026-04-24 17:12:00,173 MB/s,173 MB/s,173 MB/s,173 MB/s
2026-04-24 17:12:15,173 MB/s,173 MB/s,173 MB/s,173 MB/s
2026-04-24 17:12:30,173 MB/s,173 MB/s,173 MB/s,173 MB/s
2026-04-24 17:12:45,173 MB/s,173 MB/s,173 MB/s,173 MB/s
2026-04-24 17:13:00,173 MB/s,173 MB/s,173 MB/s,173 MB/s
2026-04-24 17:13:15,173 MB/s,173 MB/s,173 MB/s,173 MB/s
2026-04-24 17:13:30,172 MB/s,172 MB/s,172 MB/s,172 MB/s
2026-04-24 17:13:45,173 MB/s,173 MB/s,173 MB/s,173 MB/s
2026-04-24 17:14:00,172 MB/s,172 MB/s,172 MB/s,172 MB/s
2026-04-24 17:14:15,172 MB/s,172 MB/s,172 MB/s,172 MB/s
2026-04-24 17:14:30,172 MB/s,172 MB/s,172 MB/s,172 MB/s
2026-04-24 17:14:45,172 MB/s,173 MB/s,173 MB/s,173 MB/s
2026-04-24 17:15:00,172 MB/s,172 MB/s,172 MB/s,172 MB/s
2026-04-24 17:15:15,172 MB/s,172 MB/s,172 MB/s,172 MB/s
2026-04-24 17:15:30,172 MB/s,172 MB/s,172 MB/s,172 MB/s
2026-04-24 17:15:45,172 MB/s,172 MB/s,172 MB/s,172 MB/s
2026-04-24 17:16:00,172 MB/s,172 MB/s,172 MB/s,172 MB/s
2026-04-24 17:16:15,172 MB/s,172 MB/s,172 MB/s,172 MB/s
2026-04-24 17:16:30,172 MB/s,172 MB/s,172 MB/s,172 MB/s
2026-04-24 17:16:45,172 MB/s,172 MB/s,172 MB/s,172 MB/s
2026-04-24 17:17:00,172 MB/s,172 MB/s,172 MB/s,172 MB/s
2026-04-24 17:17:15,172 MB/s,172 MB/s,172 MB/s,172 MB/s
2026-04-24 17:17:30,163 MB/s,164 MB/s,163 MB/s,164 MB/s
2026-04-24 17:17:45,173 MB/s,155 MB/s,154 MB/s,171 MB/s
2026-04-24 17:18:00,191 MB/s,146 MB/s,145 MB/s,189 MB/s
2026-04-24 17:18:15,208 MB/s,137 MB/s,137 MB/s,206 MB/s
2026-04-24 17:18:30,224 MB/s,128 MB/s,127 MB/s,222 MB/s
2026-04-24 17:18:45,242 MB/s,120 MB/s,119 MB/s,240 MB/s
2026-04-24 17:19:00,258 MB/s,110 MB/s,109 MB/s,257 MB/s
2026-04-24 17:19:15,276 MB/s,101 MB/s,100 MB/s,274 MB/s
2026-04-24 17:19:30,293 MB/s,91.7 MB/s,90.8 MB/s,290 MB/s
2026-04-24 17:19:45,310 MB/s,83.2 MB/s,82.3 MB/s,308 MB/s
2026-04-24 17:20:00,326 MB/s,73.9 MB/s,72.9 MB/s,324 MB/s
2026-04-24 17:20:15,343 MB/s,64.8 MB/s,64.0 MB/s,341 MB/s
2026-04-24 17:20:30,360 MB/s,56.2 MB/s,55.0 MB/s,359 MB/s
2026-04-24 17:20:45,377 MB/s,46.9 MB/s,46.1 MB/s,375 MB/s
2026-04-24 17:21:00,394 MB/s,38.0 MB/s,37.1 MB/s,392 MB/s
2026-04-24 17:21:15,411 MB/s,29.0 MB/s,28.2 MB/s,410 MB/s
2026-04-24 17:21:30,428 MB/s,20.1 MB/s,19.2 MB/s,427 MB/s
2026-04-24 17:21:45,445 MB/s,10.7 MB/s,9.81 MB/s,443 MB/s
2026-04-24 17:22:00,462 MB/s,1.72 MB/s,858 kB/s,460 MB/s
2026-04-24 17:22:15,488 MB/s,319 kB/s,408 kB/s,485 MB/s
2026-04-24 17:22:30,494 MB/s,326 kB/s,413 kB/s,495 MB/s
2026-04-24 17:22:45,494 MB/s,326 kB/s,413 kB/s,494 MB/s
2026-04-24 17:23:00,494 MB/s,326 kB/s,414 kB/s,494 MB/s
2026-04-24 17:23:15,494 MB/s,326 kB/s,414 kB/s,494 MB/s
2026-04-24 17:23:30,494 MB/s,327 kB/s,415 kB/s,494 MB/s
2026-04-24 17:23:45,494 MB/s,327 kB/s,415 kB/s,494 MB/s
2026-04-24 17:24:00,494 MB/s,327 kB/s,415 kB/s,494 MB/s
2026-04-24 17:24:15,494 MB/s,328 kB/s,416 kB/s,494 MB/s
2026-04-24 17:24:30,494 MB/s,328 kB/s,416 kB/s,494 MB/s
2026-04-24 17:24:45,494 MB/s,328 kB/s,416 kB/s,494 MB/s
2026-04-24 17:25:00,494 MB/s,328 kB/s,417 kB/s,494 MB/s
2026-04-24 17:25:15,494 MB/s,328 kB/s,417 kB/s,494 MB/s
2026-04-24 17:25:30,494 MB/s,328 kB/s,417 kB/s,494 MB/s
2026-04-24 17:25:45,494 MB/s,329 kB/s,417 kB/s,495 MB/s
2026-04-24 17:26:00,494 MB/s,329 kB/s,417 kB/s,494 MB/s
2026-04-24 17:26:15,494 MB/s,329 kB/s,417 kB/s,494 MB/s
2026-04-24 17:26:30,494 MB/s,329 kB/s,417 kB/s,494 MB/s
2026-04-24 17:26:45,494 MB/s,329 kB/s,417 kB/s,494 MB/s
2026-04-24 17:27:00,494 MB/s,329 kB/s,418 kB/s,494 MB/s
2026-04-24 17:27:15,494 MB/s,330 kB/s,419 kB/s,494 MB/s
2026-04-24 17:27:30,494 MB/s,331 kB/s,420 kB/s,495 MB/s
2026-04-24 17:27:45,494 MB/s,331 kB/s,421 kB/s,495 MB/s
2026-04-24 17:28:00,494 MB/s,332 kB/s,422 kB/s,495 MB/s
2026-04-24 17:28:15,494 MB/s,333 kB/s,422 kB/s,495 MB/s
2026-04-24 17:28:30,495 MB/s,333 kB/s,423 kB/s,495 MB/s
2026-04-24 17:28:45,494 MB/s,334 kB/s,424 kB/s,495 MB/s
2026-04-24 17:29:00,494 MB/s,334 kB/s,425 kB/s,495 MB/s
2026-04-24 17:29:15,495 MB/s,335 kB/s,426 kB/s,495 MB/s
2026-04-24 17:29:30,495 MB/s,336 kB/s,427 kB/s,495 MB/s
2026-04-24 17:29:45,495 MB/s,336 kB/s,427 kB/s,495 MB/s
2026-04-24 17:30:00,495 MB/s,337 kB/s,428 kB/s,496 MB/s
2026-04-24 17:30:15,495 MB/s,338 kB/s,429 kB/s,496 MB/s
2026-04-24 17:30:30,495 MB/s,339 kB/s,430 kB/s,495 MB/s
2026-04-24 17:30:45,495 MB/s,339 kB/s,430 kB/s,496 MB/s
2026-04-24 17:31:00,496 MB/s,339 kB/s,431 kB/s,496 MB/s
2026-04-24 17:31:15,496 MB/s,340 kB/s,432 kB/s,496 MB/s
2026-04-24 17:31:30,496 MB/s,340 kB/s,432 kB/s,496 MB/s
2026-04-24 17:31:45,496 MB/s,341 kB/s,433 kB/s,497 MB/s
2026-04-24 17:32:00,497 MB/s,341 kB/s,433 kB/s,497 MB/s
2026-04-24 17:32:15,483 MB/s,5.99 MB/s,7.03 MB/s,485 MB/s
2026-04-24 17:32:30,466 MB/s,15.4 MB/s,16.5 MB/s,468 MB/s
2026-04-24 17:32:45,449 MB/s,24.4 MB/s,25.4 MB/s,451 MB/s
2026-04-24 17:33:00,432 MB/s,33.3 MB/s,34.3 MB/s,434 MB/s
2026-04-24 17:33:15,415 MB/s,42.3 MB/s,43.3 MB/s,417 MB/s
2026-04-24 17:33:30,398 MB/s,51.7 MB/s,52.7 MB/s,400 MB/s
2026-04-24 17:33:45,381 MB/s,60.6 MB/s,61.2 MB/s,383 MB/s
2026-04-24 17:34:00,364 MB/s,69.6 MB/s,70.6 MB/s,366 MB/s
2026-04-24 17:34:15,347 MB/s,78.5 MB/s,79.6 MB/s,349 MB/s
2026-04-24 17:34:30,330 MB/s,87.9 MB/s,89.0 MB/s,332 MB/s
2026-04-24 17:34:45,312 MB/s,96.4 MB/s,97.5 MB/s,314 MB/s
2026-04-24 17:35:00,296 MB/s,105 MB/s,107 MB/s,297 MB/s
2026-04-24 17:35:15,278 MB/s,115 MB/s,116 MB/s,281 MB/s
2026-04-24 17:35:30,261 MB/s,123 MB/s,125 MB/s,263 MB/s
2026-04-24 17:35:45,244 MB/s,133 MB/s,134 MB/s,246 MB/s
2026-04-24 17:36:00,227 MB/s,142 MB/s,143 MB/s,229 MB/s
2026-04-24 17:36:15,210 MB/s,151 MB/s,152 MB/s,212 MB/s
2026-04-24 17:36:30,193 MB/s,160 MB/s,161 MB/s,195 MB/s
2026-04-24 17:36:45,176 MB/s,169 MB/s,170 MB/s,177 MB/s
2026-04-24 17:37:00,172 MB/s,172 MB/s,172 MB/s,172 MB/s
2026-04-24 17:37:15,172 MB/s,171 MB/s,172 MB/s,171 MB/s
2026-04-24 17:37:30,172 MB/s,172 MB/s,172 MB/s,172 MB/s
2026-04-24 17:37:45,172 MB/s,172 MB/s,172 MB/s,172 MB/s
2026-04-24 17:38:00,172 MB/s,172 MB/s,172 MB/s,172 MB/s
2026-04-24 17:38:15,171 MB/s,171 MB/s,171 MB/s,171 MB/s
2026-04-24 17:38:30,172 MB/s,171 MB/s,172 MB/s,172 MB/s
2026-04-24 17:38:45,171 MB/s,172 MB/s,171 MB/s,172 MB/s
2026-04-24 17:39:00,171 MB/s,171 MB/s,171 MB/s,171 MB/s
2026-04-24 17:39:15,171 MB/s,171 MB/s,171 MB/s,172 MB/s
2026-04-24 17:39:30,172 MB/s,172 MB/s,172 MB/s,172 MB/s
2026-04-24 17:39:45,171 MB/s,172 MB/s,171 MB/s,172 MB/s
2026-04-24 17:40:00,171 MB/s,171 MB/s,171 MB/s,171 MB/s
2026-04-24 17:40:15,172 MB/s,172 MB/s,172 MB/s,172 MB/s
2026-04-24 17:40:30,171 MB/s,171 MB/s,171 MB/s,171 MB/s
2026-04-24 17:40:45,171 MB/s,171 MB/s,171 MB/s,171 MB/s
2026-04-24 17:41:00,172 MB/s,171 MB/s,172 MB/s,172 MB/s
2026-04-24 17:41:15,171 MB/s,172 MB/s,172 MB/s,172 MB/s
2026-04-24 17:41:30,171 MB/s,172 MB/s,171 MB/s,172 MB/s
2026-04-24 17:41:45,171 MB/s,171 MB/s,171 MB/s,171 MB/s
2026-04-24 17:42:00,172 MB/s,172 MB/s,172 MB/s,172 MB/s
2026-04-24 17:42:15,171 MB/s,171 MB/s,171 MB/s,171 MB/s
2026-04-24 17:42:30,172 MB/s,172 MB/s,172 MB/s,172 MB/s
2026-04-24 17:42:45,172 MB/s,172 MB/s,172 MB/s,172 MB/s
2026-04-24 17:43:00,172 MB/s,172 MB/s,172 MB/s,172 MB/s
2026-04-24 17:43:15,171 MB/s,172 MB/s,171 MB/s,172 MB/s
2026-04-24 17:43:30,172 MB/s,171 MB/s,172 MB/s,172 MB/s
2026-04-24 17:43:45,172 MB/s,172 MB/s,172 MB/s,172 MB/s
2026-04-24 17:44:00,171 MB/s,171 MB/s,171 MB/s,171 MB/s
2026-04-24 17:44:15,172 MB/s,172 MB/s,172 MB/s,172 MB/s
2026-04-24 17:44:30,172 MB/s,172 MB/s,172 MB/s,172 MB/s
2026-04-24 17:44:45,171 MB/s,171 MB/s,171 MB/s,171 MB/s
2026-04-24 17:45:00,171 MB/s,171 MB/s,171 MB/s,171 MB/s
2026-04-24 17:45:15,171 MB/s,171 MB/s,171 MB/s,171 MB/s
2026-04-24 17:45:30,171 MB/s,171 MB/s,171 MB/s,171 MB/s
2026-04-24 17:45:45,171 MB/s,171 MB/s,171 MB/s,171 MB/s
2026-04-24 17:46:00,171 MB/s,171 MB/s,171 MB/s,171 MB/s
2026-04-24 17:46:15,171 MB/s,171 MB/s,171 MB/s,171 MB/s
2026-04-24 17:46:30,171 MB/s,171 MB/s,171 MB/s,171 MB/s
2026-04-24 17:46:45,171 MB/s,171 MB/s,171 MB/s,171 MB/s
2026-04-24 17:47:00,171 MB/s,171 MB/s,171 MB/s,171 MB/s
2026-04-24 17:47:15,171 MB/s,170 MB/s,171 MB/s,171 MB/s
2026-04-24 17:47:30,171 MB/s,171 MB/s,171 MB/s,171 MB/s
2026-04-24 17:47:45,171 MB/s,171 MB/s,171 MB/s,171 MB/s
2026-04-24 17:48:00,171 MB/s,171 MB/s,171 MB/s,171 MB/s
2026-04-24 17:48:15,171 MB/s,171 MB/s,171 MB/s,171 MB/s
2026-04-24 17:48:30,171 MB/s,170 MB/s,170 MB/s,171 MB/s
2026-04-24 17:48:45,171 MB/s,171 MB/s,171 MB/s,171 MB/s
2026-04-24 17:49:00,170 MB/s,170 MB/s,170 MB/s,171 MB/s
2026-04-24 17:49:15,171 MB/s,170 MB/s,171 MB/s,171 MB/s
2026-04-24 17:49:30,172 MB/s,172 MB/s,172 MB/s,172 MB/s
2026-04-24 17:49:45,171 MB/s,171 MB/s,171 MB/s,171 MB/s
2026-04-24 17:50:00,171 MB/s,171 MB/s,171 MB/s,171 MB/s
2026-04-24 17:50:15,171 MB/s,171 MB/s,171 MB/s,171 MB/s
2026-04-24 17:50:30,171 MB/s,171 MB/s,171 MB/s,171 MB/s
2026-04-24 17:50:45,171 MB/s,171 MB/s,171 MB/s,171 MB/s
2026-04-24 17:51:00,171 MB/s,171 MB/s,171 MB/s,171 MB/s
2026-04-24 17:51:15,171 MB/s,171 MB/s,171 MB/s,171 MB/s
2026-04-24 17:51:30,171 MB/s,170 MB/s,171 MB/s,171 MB/s
2026-04-24 17:51:45,171 MB/s,171 MB/s,171 MB/s,171 MB/s
2026-04-24 17:52:00,171 MB/s,171 MB/s,171 MB/s,171 MB/s
2026-04-24 17:52:15,171 MB/s,171 MB/s,171 MB/s,171 MB/s
2026-04-24 17:52:30,171 MB/s,171 MB/s,171 MB/s,171 MB/s
2026-04-24 17:52:45,171 MB/s,171 MB/s,171 MB/s,171 MB/s
2026-04-24 17:53:00,171 MB/s,171 MB/s,171 MB/s,171 MB/s
2026-04-24 17:53:15,171 MB/s,171 MB/s,171 MB/s,171 MB/s
2026-04-24 17:53:30,171 MB/s,171 MB/s,171 MB/s,171 MB/s
2026-04-24 17:53:45,171 MB/s,171 MB/s,171 MB/s,171 MB/s
2026-04-24 17:54:00,171 MB/s,171 MB/s,171 MB/s,171 MB/s
2026-04-24 17:54:15,171 MB/s,171 MB/s,171 MB/s,171 MB/s
2026-04-24 17:54:30,171 MB/s,171 MB/s,171 MB/s,171 MB/s
2026-04-24 17:54:45,171 MB/s,171 MB/s,171 MB/s,171 MB/s
2026-04-24 17:55:00,171 MB/s,171 MB/s,171 MB/s,171 MB/s
2026-04-24 17:55:15,171 MB/s,171 MB/s,171 MB/s,171 MB/s
2026-04-24 17:55:30,171 MB/s,172 MB/s,172 MB/s,172 MB/s
2026-04-24 17:55:45,171 MB/s,171 MB/s,171 MB/s,171 MB/s
2026-04-24 17:56:00,171 MB/s,171 MB/s,171 MB/s,171 MB/s
2026-04-24 17:56:15,171 MB/s,172 MB/s,171 MB/s,172 MB/s
2026-04-24 17:56:30,171 MB/s,171 MB/s,171 MB/s,171 MB/s
2026-04-24 17:56:45,171 MB/s,171 MB/s,171 MB/s,171 MB/s
2026-04-24 17:57:00,171 MB/s,171 MB/s,171 MB/s,171 MB/s
2026-04-24 17:57:15,171 MB/s,171 MB/s,171 MB/s,171 MB/s
2026-04-24 17:57:30,171 MB/s,171 MB/s,171 MB/s,171 MB/s
2026-04-24 17:57:45,171 MB/s,171 MB/s,171 MB/s,171 MB/s
2026-04-24 17:58:00,171 MB/s,171 MB/s,171 MB/s,171 MB/s
2026-04-24 17:58:15,171 MB/s,171 MB/s,171 MB/s,171 MB/s
2026-04-24 17:58:30,171 MB/s,171 MB/s,171 MB/s,171 MB/s
2026-04-24 17:58:45,171 MB/s,171 MB/s,171 MB/s,171 MB/s
2026-04-24 17:59:00,171 MB/s,171 MB/s,171 MB/s,171 MB/s
2026-04-24 17:59:15,171 MB/s,171 MB/s,171 MB/s,171 MB/s
2026-04-24 17:59:30,171 MB/s,171 MB/s,171 MB/s,171 MB/s
2026-04-24 17:59:45,171 MB/s,171 MB/s,171 MB/s,171 MB/s
2026-04-24 18:00:00,171 MB/s,171 MB/s,171 MB/s,171 MB/s
2026-04-24 18:00:15,171 MB/s,171 MB/s,171 MB/s,171 MB/s
2026-04-24 18:00:30,172 MB/s,171 MB/s,172 MB/s,172 MB/s
2026-04-24 18:00:45,171 MB/s,171 MB/s,171 MB/s,171 MB/s
2026-04-24 18:01:00,171 MB/s,171 MB/s,171 MB/s,171 MB/s
2026-04-24 18:01:15,172 MB/s,172 MB/s,172 MB/s,172 MB/s
2026-04-24 18:01:30,171 MB/s,171 MB/s,171 MB/s,171 MB/s
2026-04-24 18:01:45,171 MB/s,171 MB/s,171 MB/s,171 MB/s
2026-04-24 18:02:00,172 MB/s,172 MB/s,172 MB/s,172 MB/s
2026-04-24 18:02:15,171 MB/s,171 MB/s,171 MB/s,171 MB/s
2026-04-24 18:02:30,171 MB/s,171 MB/s,171 MB/s,171 MB/s
2026-04-24 18:02:45,172 MB/s,172 MB/s,172 MB/s,172 MB/s
2026-04-24 18:03:00,172 MB/s,172 MB/s,172 MB/s,172 MB/s
2026-04-24 18:03:15,172 MB/s,172 MB/s,172 MB/s,172 MB/s
2026-04-24 18:03:30,172 MB/s,172 MB/s,172 MB/s,172 MB/s
2026-04-24 18:03:45,172 MB/s,172 MB/s,172 MB/s,172 MB/s
2026-04-24 18:04:00,172 MB/s,172 MB/s,172 MB/s,172 MB/s
2026-04-24 18:04:15,171 MB/s,171 MB/s,171 MB/s,171 MB/s
2026-04-24 18:04:30,172 MB/s,172 MB/s,172 MB/s,172 MB/s
2026-04-24 18:04:45,171 MB/s,171 MB/s,171 MB/s,172 MB/s
2026-04-24 18:05:00,171 MB/s,171 MB/s,171 MB/s,171 MB/s
2026-04-24 18:05:15,172 MB/s,172 MB/s,172 MB/s,172 MB/s
2026-04-24 18:05:30,172 MB/s,172 MB/s,172 MB/s,172 MB/s
2026-04-24 18:05:45,171 MB/s,171 MB/s,171 MB/s,171 MB/s
2026-04-24 18:06:00,171 MB/s,171 MB/s,171 MB/s,171 MB/s
2026-04-24 18:06:15,172 MB/s,172 MB/s,172 MB/s,172 MB/s
2026-04-24 18:06:30,171 MB/s,171 MB/s,171 MB/s,171 MB/s
2026-04-24 18:06:45,171 MB/s,171 MB/s,171 MB/s,171 MB/s
2026-04-24 18:07:00,171 MB/s,171 MB/s,171 MB/s,171 MB/s
2026-04-24 18:07:15,171 MB/s,171 MB/s,171 MB/s,171 MB/s
2026-04-24 18:07:30,171 MB/s,171 MB/s,171 MB/s,171 MB/s
2026-04-24 18:07:45,171 MB/s,171 MB/s,171 MB/s,171 MB/s
2026-04-24 18:08:00,171 MB/s,171 MB/s,171 MB/s,171 MB/s
2026-04-24 18:08:15,171 MB/s,171 MB/s,171 MB/s,171 MB/s
2026-04-24 18:08:30,171 MB/s,171 MB/s,171 MB/s,171 MB/s
2026-04-24 18:08:45,171 MB/s,171 MB/s,171 MB/s,171 MB/s
2026-04-24 18:09:00,171 MB/s,171 MB/s,171 MB/s,171 MB/s
2026-04-24 18:09:15,170 MB/s,171 MB/s,170 MB/s,171 MB/s
2026-04-24 18:09:30,171 MB/s,171 MB/s,171 MB/s,171 MB/s
2026-04-24 18:09:45,171 MB/s,171 MB/s,171 MB/s,171 MB/s
2026-04-24 18:10:00,170 MB/s,170 MB/s,170 MB/s,171 MB/s
2026-04-24 18:10:15,170 MB/s,170 MB/s,170 MB/s,171 MB/s
2026-04-24 18:10:30,171 MB/s,171 MB/s,171 MB/s,171 MB/s
2026-04-24 18:10:45,170 MB/s,170 MB/s,170 MB/s,171 MB/s
2026-04-24 18:11:00,170 MB/s,170 MB/s,170 MB/s,171 MB/s
2026-04-24 18:11:15,171 MB/s,171 MB/s,171 MB/s,171 MB/s
2026-04-24 18:11:30,170 MB/s,170 MB/s,170 MB/s,171 MB/s
2026-04-24 18:11:45,171 MB/s,170 MB/s,170 MB/s,171 MB/s
2026-04-24 18:12:00,171 MB/s,171 MB/s,171 MB/s,171 MB/s
2026-04-24 18:12:15,171 MB/s,171 MB/s,171 MB/s,171 MB/s
2026-04-24 18:12:30,171 MB/s,170 MB/s,171 MB/s,171 MB/s
2026-04-24 18:12:45,171 MB/s,171 MB/s,171 MB/s,171 MB/s
2026-04-24 18:13:00,171 MB/s,171 MB/s,171 MB/s,171 MB/s
2026-04-24 18:13:15,171 MB/s,171 MB/s,171 MB/s,171 MB/s
2026-04-24 18:13:30,171 MB/s,171 MB/s,171 MB/s,171 MB/s
2026-04-24 18:13:45,171 MB/s,171 MB/s,171 MB/s,171 MB/s
2026-04-24 18:14:00,174 MB/s,170 MB/s,170 MB/s,172 MB/s
2026-04-24 18:14:15,191 MB/s,161 MB/s,161 MB/s,189 MB/s
2026-04-24 18:14:30,208 MB/s,153 MB/s,151 MB/s,206 MB/s
2026-04-24 18:14:45,225 MB/s,144 MB/s,143 MB/s,223 MB/s
2026-04-24 18:15:00,242 MB/s,135 MB/s,134 MB/s,240 MB/s
2026-04-24 18:15:15,258 MB/s,126 MB/s,125 MB/s,257 MB/s
2026-04-24 18:15:30,276 MB/s,117 MB/s,116 MB/s,274 MB/s
2026-04-24 18:15:45,293 MB/s,108 MB/s,107 MB/s,291 MB/s
2026-04-24 18:16:00,309 MB/s,98.4 MB/s,97.5 MB/s,307 MB/s
2026-04-24 18:16:15,326 MB/s,89.8 MB/s,89.0 MB/s,324 MB/s
2026-04-24 18:16:30,343 MB/s,80.9 MB/s,80.0 MB/s,341 MB/s
2026-04-24 18:16:45,360 MB/s,71.5 MB/s,70.6 MB/s,358 MB/s
2026-04-24 18:17:00,376 MB/s,62.5 MB/s,61.7 MB/s,375 MB/s
2026-04-24 18:17:15,393 MB/s,54.0 MB/s,52.7 MB/s,392 MB/s
2026-04-24 18:17:30,410 MB/s,44.6 MB/s,43.8 MB/s,409 MB/s
2026-04-24 18:17:45,427 MB/s,35.7 MB/s,34.8 MB/s,426 MB/s
2026-04-24 18:18:00,444 MB/s,26.7 MB/s,25.9 MB/s,443 MB/s
2026-04-24 18:18:15,461 MB/s,17.8 MB/s,16.9 MB/s,460 MB/s
2026-04-24 18:18:30,478 MB/s,8.82 MB/s,7.98 MB/s,477 MB/s
2026-04-24 18:18:45,492 MB/s,336 kB/s,439 kB/s,493 MB/s
2026-04-24 18:19:00,492 MB/s,336 kB/s,427 kB/s,493 MB/s
2026-04-24 18:19:15,492 MB/s,336 kB/s,426 kB/s,493 MB/s
2026-04-24 18:19:30,492 MB/s,336 kB/s,427 kB/s,493 MB/s
2026-04-24 18:19:45,492 MB/s,336 kB/s,427 kB/s,493 MB/s
2026-04-24 18:20:00,492 MB/s,336 kB/s,426 kB/s,493 MB/s
2026-04-24 18:20:15,492 MB/s,336 kB/s,426 kB/s,493 MB/s
2026-04-24 18:20:30,492 MB/s,336 kB/s,426 kB/s,493 MB/s
2026-04-24 18:20:45,493 MB/s,336 kB/s,427 kB/s,493 MB/s
2026-04-24 18:21:00,493 MB/s,336 kB/s,426 kB/s,493 MB/s
2026-04-24 18:21:15,493 MB/s,336 kB/s,427 kB/s,493 MB/s
2026-04-24 18:21:30,493 MB/s,336 kB/s,427 kB/s,493 MB/s
2026-04-24 18:21:45,493 MB/s,336 kB/s,427 kB/s,493 MB/s
2026-04-24 18:22:00,493 MB/s,337 kB/s,427 kB/s,493 MB/s
2026-04-24 18:22:15,493 MB/s,337 kB/s,427 kB/s,493 MB/s
2026-04-24 18:22:30,493 MB/s,337 kB/s,427 kB/s,493 MB/s
2026-04-24 18:22:45,493 MB/s,336 kB/s,426 kB/s,493 MB/s
2026-04-24 18:23:00,493 MB/s,335 kB/s,425 kB/s,493 MB/s
2026-04-24 18:23:15,493 MB/s,334 kB/s,424 kB/s,493 MB/s
2026-04-24 18:23:30,493 MB/s,333 kB/s,423 kB/s,493 MB/s
2026-04-24 18:23:45,493 MB/s,333 kB/s,422 kB/s,494 MB/s
2026-04-24 18:24:00,493 MB/s,332 kB/s,421 kB/s,494 MB/s
2026-04-24 18:24:15,493 MB/s,331 kB/s,420 kB/s,494 MB/s
2026-04-24 18:24:30,493 MB/s,330 kB/s,419 kB/s,494 MB/s
2026-04-24 18:24:45,493 MB/s,329 kB/s,418 kB/s,494 MB/s
2026-04-24 18:25:00,493 MB/s,328 kB/s,417 kB/s,494 MB/s
2026-04-24 18:25:15,493 MB/s,328 kB/s,416 kB/s,494 MB/s
2026-04-24 18:25:30,493 MB/s,327 kB/s,414 kB/s,494 MB/s
2026-04-24 18:25:45,493 MB/s,325 kB/s,413 kB/s,493 MB/s
2026-04-24 18:26:00,493 MB/s,324 kB/s,412 kB/s,493 MB/s
2026-04-24 18:26:15,493 MB/s,324 kB/s,411 kB/s,493 MB/s
2026-04-24 18:26:30,493 MB/s,323 kB/s,409 kB/s,493 MB/s
2026-04-24 18:26:45,493 MB/s,322 kB/s,408 kB/s,493 MB/s
2026-04-24 18:27:00,493 MB/s,320 kB/s,406 kB/s,493 MB/s
2026-04-24 18:27:15,493 MB/s,319 kB/s,405 kB/s,493 MB/s
2026-04-24 18:27:30,493 MB/s,319 kB/s,405 kB/s,493 MB/s
2026-04-24 18:27:45,493 MB/s,319 kB/s,405 kB/s,493 MB/s
2026-04-24 18:28:00,493 MB/s,319 kB/s,405 kB/s,493 MB/s
2026-04-24 18:28:15,493 MB/s,318 kB/s,404 kB/s,493 MB/s
2026-04-24 18:28:30,493 MB/s,319 kB/s,404 kB/s,493 MB/s
2026-04-24 18:28:45,476 MB/s,7.86 MB/s,8.89 MB/s,478 MB/s
2026-04-24 18:29:00,459 MB/s,16.8 MB/s,17.8 MB/s,461 MB/s
2026-04-24 18:29:15,442 MB/s,26.2 MB/s,27.3 MB/s,445 MB/s
2026-04-24 18:29:30,425 MB/s,34.7 MB/s,35.7 MB/s,427 MB/s
2026-04-24 18:29:45,408 MB/s,43.7 MB/s,44.7 MB/s,410 MB/s
2026-04-24 18:30:00,391 MB/s,52.6 MB/s,53.6 MB/s,393 MB/s
2026-04-24 18:30:15,374 MB/s,61.1 MB/s,62.1 MB/s,376 MB/s
2026-04-24 18:30:30,358 MB/s,70.5 MB/s,71.5 MB/s,360 MB/s
2026-04-24 18:30:45,341 MB/s,79.5 MB/s,80.5 MB/s,343 MB/s
2026-04-24 18:31:00,324 MB/s,88.4 MB/s,89.4 MB/s,326 MB/s
2026-04-24 18:31:15,307 MB/s,97.4 MB/s,98.4 MB/s,309 MB/s
2026-04-24 18:31:30,290 MB/s,106 MB/s,107 MB/s,292 MB/s
2026-04-24 18:31:45,273 MB/s,115 MB/s,116 MB/s,275 MB/s
2026-04-24 18:32:00,256 MB/s,124 MB/s,125 MB/s,257 MB/s
2026-04-24 18:32:15,239 MB/s,133 MB/s,134 MB/s,241 MB/s
2026-04-24 18:32:30,222 MB/s,142 MB/s,143 MB/s,224 MB/s
2026-04-24 18:32:45,204 MB/s,151 MB/s,152 MB/s,206 MB/s
2026-04-24 18:33:00,188 MB/s,160 MB/s,161 MB/s,190 MB/s
2026-04-24 18:33:15,171 MB/s,169 MB/s,170 MB/s,173 MB/s
2026-04-24 18:33:30,170 MB/s,170 MB/s,170 MB/s,171 MB/s
2026-04-24 18:33:45,170 MB/s,170 MB/s,170 MB/s,170 MB/s
2026-04-24 18:34:00,170 MB/s,170 MB/s,170 MB/s,170 MB/s
2026-04-24 18:34:15,170 MB/s,170 MB/s,170 MB/s,171 MB/s
2026-04-24 18:34:30,170 MB/s,170 MB/s,170 MB/s,170 MB/s
2026-04-24 18:34:45,170 MB/s,170 MB/s,170 MB/s,171 MB/s
2026-04-24 18:35:00,171 MB/s,171 MB/s,171 MB/s,171 MB/s
2026-04-24 18:35:15,170 MB/s,170 MB/s,170 MB/s,171 MB/s
2026-04-24 18:35:30,170 MB/s,170 MB/s,170 MB/s,171 MB/s
2026-04-24 18:35:45,170 MB/s,170 MB/s,170 MB/s,171 MB/s
2026-04-24 18:36:00,170 MB/s,170 MB/s,170 MB/s,171 MB/s
2026-04-24 18:36:15,170 MB/s,170 MB/s,170 MB/s,170 MB/s
2026-04-24 18:36:30,170 MB/s,170 MB/s,170 MB/s,171 MB/s
2026-04-24 18:36:45,170 MB/s,171 MB/s,170 MB/s,171 MB/s
2026-04-24 18:37:00,170 MB/s,170 MB/s,170 MB/s,170 MB/s
2026-04-24 18:37:15,170 MB/s,170 MB/s,170 MB/s,171 MB/s
2026-04-24 18:37:30,171 MB/s,170 MB/s,171 MB/s,171 MB/s
2026-04-24 18:37:45,171 MB/s,170 MB/s,171 MB/s,171 MB/s
2026-04-24 18:38:00,170 MB/s,170 MB/s,170 MB/s,171 MB/s
2026-04-24 18:38:15,171 MB/s,170 MB/s,170 MB/s,171 MB/s
2026-04-24 18:38:30,171 MB/s,171 MB/s,171 MB/s,171 MB/s
2026-04-24 18:38:45,170 MB/s,170 MB/s,170 MB/s,171 MB/s
2026-04-24 18:39:00,170 MB/s,170 MB/s,170 MB/s,171 MB/s
2026-04-24 18:39:15,171 MB/s,171 MB/s,171 MB/s,171 MB/s
2026-04-24 18:39:30,170 MB/s,170 MB/s,170 MB/s,171 MB/s
2026-04-24 18:39:45,170 MB/s,170 MB/s,170 MB/s,171 MB/s
2026-04-24 18:40:00,171 MB/s,170 MB/s,170 MB/s,171 MB/s
2026-04-24 18:40:15,171 MB/s,171 MB/s,171 MB/s,171 MB/s
2026-04-24 18:40:30,170 MB/s,170 MB/s,170 MB/s,171 MB/s
2026-04-24 18:40:45,170 MB/s,170 MB/s,170 MB/s,171 MB/s
2026-04-24 18:41:00,171 MB/s,171 MB/s,171 MB/s,171 MB/s
2026-04-24 18:41:15,170 MB/s,170 MB/s,170 MB/s,171 MB/s
2026-04-24 18:41:30,170 MB/s,170 MB/s,170 MB/s,171 MB/s
2026-04-24 18:41:45,171 MB/s,171 MB/s,170 MB/s,171 MB/s
2026-04-24 18:42:00,170 MB/s,171 MB/s,170 MB/s,171 MB/s
2026-04-24 18:42:15,170 MB/s,170 MB/s,170 MB/s,171 MB/s
2026-04-24 18:42:30,170 MB/s,170 MB/s,170 MB/s,170 MB/s
2026-04-24 18:42:45,171 MB/s,171 MB/s,171 MB/s,171 MB/s
2026-04-24 18:43:00,170 MB/s,170 MB/s,170 MB/s,171 MB/s
2026-04-24 18:43:15,170 MB/s,170 MB/s,170 MB/s,170 MB/s
2026-04-24 18:43:30,171 MB/s,170 MB/s,170 MB/s,171 MB/s
2026-04-24 18:43:45,170 MB/s,170 MB/s,170 MB/s,171 MB/s
2026-04-24 18:44:00,170 MB/s,170 MB/s,170 MB/s,170 MB/s
2026-04-24 18:44:15,171 MB/s,170 MB/s,170 MB/s,171 MB/s
2026-04-24 18:44:30,170 MB/s,171 MB/s,171 MB/s,171 MB/s
2026-04-24 18:44:45,170 MB/s,170 MB/s,170 MB/s,171 MB/s
2026-04-24 18:45:00,170 MB/s,170 MB/s,170 MB/s,170 MB/s
2026-04-24 18:45:15,171 MB/s,171 MB/s,171 MB/s,171 MB/s
2026-04-24 18:45:30,170 MB/s,170 MB/s,170 MB/s,171 MB/s
2026-04-24 18:45:45,170 MB/s,170 MB/s,170 MB/s,170 MB/s
2026-04-24 18:46:00,171 MB/s,171 MB/s,171 MB/s,171 MB/s
2026-04-24 18:46:15,170 MB/s,170 MB/s,170 MB/s,171 MB/s
2026-04-24 18:46:30,170 MB/s,170 MB/s,170 MB/s,171 MB/s
2026-04-24 18:46:45,171 MB/s,170 MB/s,171 MB/s,171 MB/s
2026-04-24 18:47:00,171 MB/s,171 MB/s,171 MB/s,171 MB/s
2026-04-24 18:47:15,170 MB/s,170 MB/s,170 MB/s,171 MB/s
2026-04-24 18:47:30,170 MB/s,170 MB/s,170 MB/s,170 MB/s
2026-04-24 18:47:45,171 MB/s,171 MB/s,171 MB/s,171 MB/s
2026-04-24 18:48:00,170 MB/s,170 MB/s,170 MB/s,171 MB/s
2026-04-24 18:48:15,170 MB/s,170 MB/s,170 MB/s,171 MB/s
2026-04-24 18:48:30,171 MB/s,170 MB/s,171 MB/s,171 MB/s
2026-04-24 18:48:45,170 MB/s,170 MB/s,170 MB/s,171 MB/s
2026-04-24 18:49:00,170 MB/s,170 MB/s,170 MB/s,171 MB/s
2026-04-24 18:49:15,171 MB/s,170 MB/s,170 MB/s,170 MB/s
2026-04-24 18:49:30,171 MB/s,171 MB/s,171 MB/s,171 MB/s
2026-04-24 18:49:45,170 MB/s,170 MB/s,170 MB/s,171 MB/s
2026-04-24 18:50:00,170 MB/s,170 MB/s,170 MB/s,170 MB/s
2026-04-24 18:50:15,171 MB/s,170 MB/s,171 MB/s,171 MB/s
2026-04-24 18:50:30,170 MB/s,170 MB/s,170 MB/s,171 MB/s
2026-04-24 18:50:45,170 MB/s,170 MB/s,170 MB/s,170 MB/s
2026-04-24 18:51:00,171 MB/s,170 MB/s,170 MB/s,171 MB/s
2026-04-24 18:51:15,170 MB/s,171 MB/s,170 MB/s,171 MB/s
2026-04-24 18:51:30,170 MB/s,170 MB/s,170 MB/s,170 MB/s
2026-04-24 18:51:45,170 MB/s,170 MB/s,170 MB/s,170 MB/s
2026-04-24 18:52:00,171 MB/s,171 MB/s,171 MB/s,171 MB/s
2026-04-24 18:52:15,170 MB/s,170 MB/s,170 MB/s,171 MB/s
2026-04-24 18:52:30,170 MB/s,170 MB/s,170 MB/s,170 MB/s
2026-04-24 18:52:45,171 MB/s,171 MB/s,171 MB/s,171 MB/s
2026-04-24 18:53:00,170 MB/s,170 MB/s,170 MB/s,171 MB/s
2026-04-24 18:53:15,170 MB/s,170 MB/s,170 MB/s,170 MB/s
2026-04-24 18:53:30,171 MB/s,170 MB/s,171 MB/s,171 MB/s
2026-04-24 18:53:45,171 MB/s,171 MB/s,171 MB/s,171 MB/s
2026-04-24 18:54:00,170 MB/s,170 MB/s,170 MB/s,171 MB/s
2026-04-24 18:54:15,170 MB/s,170 MB/s,170 MB/s,170 MB/s
2026-04-24 18:54:30,171 MB/s,171 MB/s,171 MB/s,171 MB/s
2026-04-24 18:54:45,170 MB/s,170 MB/s,170 MB/s,171 MB/s
2026-04-24 18:55:00,170 MB/s,171 MB/s,170 MB/s,171 MB/s
2026-04-24 18:55:15,171 MB/s,171 MB/s,171 MB/s,171 MB/s
2026-04-24 18:55:30,171 MB/s,170 MB/s,170 MB/s,171 MB/s
2026-04-24 18:55:45,171 MB/s,171 MB/s,171 MB/s,171 MB/s
2026-04-24 18:56:00,171 MB/s,170 MB/s,171 MB/s,171 MB/s
2026-04-24 18:56:15,171 MB/s,171 MB/s,171 MB/s,171 MB/s
2026-04-24 18:56:30,171 MB/s,171 MB/s,171 MB/s,171 MB/s
2026-04-24 18:56:45,170 MB/s,170 MB/s,170 MB/s,171 MB/s