"Time","{instance=""172.212.226.225:9100"", transport=""ethernet""}","{instance=""172.212.226.225:9100"", transport=""infiniband""}","{instance=""172.212.226.225:9100"", transport=""unknown""}","{instance=""20.29.43.19:9100"", transport=""ethernet""}","{instance=""20.29.43.19:9100"", transport=""infiniband""}","{instance=""20.29.43.19:9100"", transport=""unknown""}"
2026-04-24 16:31:30,23.8 MB/s,24.3 MB/s,0 B/s,24.2 MB/s,24.8 MB/s,0 B/s
2026-04-24 16:31:45,23.8 MB/s,24.4 MB/s,0 B/s,24.3 MB/s,25.0 MB/s,0 B/s
2026-04-24 16:32:00,23.8 MB/s,24.4 MB/s,0 B/s,24.3 MB/s,25.0 MB/s,0 B/s
2026-04-24 16:32:15,23.9 MB/s,24.5 MB/s,0 B/s,24.4 MB/s,25.0 MB/s,0 B/s
2026-04-24 16:32:30,24.1 MB/s,24.7 MB/s,0 B/s,24.6 MB/s,25.2 MB/s,0 B/s
2026-04-24 16:32:45,24.1 MB/s,24.7 MB/s,0 B/s,24.7 MB/s,25.3 MB/s,0 B/s
2026-04-24 16:33:00,24.4 MB/s,25.0 MB/s,0 B/s,24.7 MB/s,25.3 MB/s,0 B/s
2026-04-24 16:33:15,24.4 MB/s,25.0 MB/s,0 B/s,24.7 MB/s,25.3 MB/s,0 B/s
2026-04-24 16:33:30,24.5 MB/s,25.1 MB/s,0 B/s,24.8 MB/s,25.5 MB/s,0 B/s
2026-04-24 16:33:45,24.7 MB/s,25.3 MB/s,0 B/s,24.9 MB/s,25.6 MB/s,0 B/s
2026-04-24 16:34:00,24.7 MB/s,25.3 MB/s,0 B/s,25.0 MB/s,25.6 MB/s,0 B/s
2026-04-24 16:34:15,24.7 MB/s,25.3 MB/s,0 B/s,25.0 MB/s,25.6 MB/s,0 B/s
2026-04-24 16:34:30,24.7 MB/s,25.3 MB/s,0 B/s,25.0 MB/s,25.6 MB/s,0 B/s
2026-04-24 16:34:45,24.7 MB/s,25.3 MB/s,0 B/s,25.0 MB/s,25.6 MB/s,0 B/s
2026-04-24 16:35:00,24.7 MB/s,25.3 MB/s,0 B/s,25.0 MB/s,25.6 MB/s,0 B/s
2026-04-24 16:35:15,24.8 MB/s,25.4 MB/s,0 B/s,25.0 MB/s,25.7 MB/s,0 B/s
2026-04-24 16:35:30,24.8 MB/s,25.4 MB/s,0 B/s,25.2 MB/s,25.9 MB/s,0 B/s
2026-04-24 16:35:45,25.0 MB/s,25.6 MB/s,0 B/s,25.2 MB/s,25.9 MB/s,0 B/s
2026-04-24 16:36:00,2.72 GB/s,2.84 GB/s,0 B/s,2.59 GB/s,2.71 GB/s,0 B/s
2026-04-24 16:36:15,5.41 GB/s,5.66 GB/s,0 B/s,5.20 GB/s,5.43 GB/s,0 B/s
2026-04-24 16:36:30,7.97 GB/s,8.34 GB/s,0 B/s,7.84 GB/s,8.20 GB/s,0 B/s
2026-04-24 16:36:45,10.5 GB/s,11.0 GB/s,0 B/s,10.4 GB/s,10.9 GB/s,0 B/s
2026-04-24 16:37:00,13.1 GB/s,13.7 GB/s,0 B/s,13.0 GB/s,13.6 GB/s,0 B/s
2026-04-24 16:37:15,15.8 GB/s,16.5 GB/s,0 B/s,15.7 GB/s,16.4 GB/s,0 B/s
2026-04-24 16:37:30,18.1 GB/s,18.9 GB/s,0 B/s,18.0 GB/s,18.8 GB/s,0 B/s
2026-04-24 16:37:45,20.6 GB/s,21.6 GB/s,0 B/s,20.5 GB/s,21.5 GB/s,0 B/s
2026-04-24 16:38:00,23.3 GB/s,24.4 GB/s,0 B/s,23.2 GB/s,24.3 GB/s,0 B/s
2026-04-24 16:38:15,25.9 GB/s,27.1 GB/s,0 B/s,25.8 GB/s,27.0 GB/s,0 B/s
2026-04-24 16:38:30,28.3 GB/s,29.6 GB/s,0 B/s,28.2 GB/s,29.5 GB/s,0 B/s
2026-04-24 16:38:45,30.9 GB/s,32.3 GB/s,0 B/s,30.8 GB/s,32.2 GB/s,0 B/s
2026-04-24 16:39:00,33.4 GB/s,35.0 GB/s,0 B/s,33.3 GB/s,34.9 GB/s,0 B/s
2026-04-24 16:39:15,35.9 GB/s,37.5 GB/s,0 B/s,35.8 GB/s,37.4 GB/s,0 B/s
2026-04-24 16:39:30,38.4 GB/s,40.2 GB/s,0 B/s,38.3 GB/s,40.1 GB/s,0 B/s
2026-04-24 16:39:45,41.0 GB/s,42.9 GB/s,0 B/s,40.9 GB/s,42.8 GB/s,0 B/s
2026-04-24 16:40:00,43.4 GB/s,45.4 GB/s,0 B/s,43.3 GB/s,45.3 GB/s,0 B/s
2026-04-24 16:40:15,46.1 GB/s,48.2 GB/s,0 B/s,46.0 GB/s,48.1 GB/s,0 B/s
2026-04-24 16:40:30,48.7 GB/s,50.9 GB/s,0 B/s,48.6 GB/s,50.8 GB/s,0 B/s
2026-04-24 16:40:45,51.2 GB/s,53.6 GB/s,0 B/s,51.1 GB/s,53.5 GB/s,0 B/s
2026-04-24 16:41:00,53.8 GB/s,56.2 GB/s,0 B/s,53.7 GB/s,56.1 GB/s,0 B/s
2026-04-24 16:41:15,56.3 GB/s,58.9 GB/s,0 B/s,56.2 GB/s,58.8 GB/s,0 B/s
2026-04-24 16:41:30,59.0 GB/s,61.7 GB/s,0 B/s,58.8 GB/s,61.5 GB/s,0 B/s
2026-04-24 16:41:45,61.5 GB/s,64.3 GB/s,0 B/s,61.4 GB/s,64.2 GB/s,0 B/s
2026-04-24 16:42:00,64.1 GB/s,67.1 GB/s,0 B/s,63.9 GB/s,66.9 GB/s,0 B/s
2026-04-24 16:42:15,66.7 GB/s,69.8 GB/s,0 B/s,66.6 GB/s,69.7 GB/s,0 B/s
2026-04-24 16:42:30,69.3 GB/s,72.4 GB/s,0 B/s,69.1 GB/s,72.2 GB/s,0 B/s
2026-04-24 16:42:45,71.8 GB/s,75.1 GB/s,0 B/s,71.7 GB/s,75.0 GB/s,0 B/s
2026-04-24 16:43:00,74.4 GB/s,77.8 GB/s,0 B/s,74.3 GB/s,77.7 GB/s,0 B/s
2026-04-24 16:43:15,77.1 GB/s,80.6 GB/s,0 B/s,77.0 GB/s,80.5 GB/s,0 B/s
2026-04-24 16:43:30,79.7 GB/s,83.3 GB/s,0 B/s,79.4 GB/s,83.1 GB/s,0 B/s
2026-04-24 16:43:45,82.2 GB/s,86.0 GB/s,0 B/s,82.1 GB/s,85.9 GB/s,0 B/s
2026-04-24 16:44:00,84.9 GB/s,88.8 GB/s,0 B/s,84.8 GB/s,88.7 GB/s,0 B/s
2026-04-24 16:44:15,87.3 GB/s,91.3 GB/s,0 B/s,87.3 GB/s,91.3 GB/s,0 B/s
2026-04-24 16:44:30,90.0 GB/s,94.2 GB/s,0 B/s,89.9 GB/s,94.1 GB/s,0 B/s
2026-04-24 16:44:45,92.6 GB/s,96.9 GB/s,0 B/s,92.5 GB/s,96.8 GB/s,0 B/s
2026-04-24 16:45:00,95.2 GB/s,99.5 GB/s,0 B/s,95.1 GB/s,99.5 GB/s,0 B/s
2026-04-24 16:45:15,97.9 GB/s,102 GB/s,0 B/s,97.8 GB/s,102 GB/s,0 B/s
2026-04-24 16:45:30,100 GB/s,105 GB/s,0 B/s,100 GB/s,105 GB/s,0 B/s
2026-04-24 16:45:45,103 GB/s,108 GB/s,0 B/s,103 GB/s,108 GB/s,0 B/s
2026-04-24 16:46:00,106 GB/s,111 GB/s,0 B/s,106 GB/s,110 GB/s,0 B/s
2026-04-24 16:46:15,108 GB/s,113 GB/s,0 B/s,108 GB/s,113 GB/s,0 B/s
2026-04-24 16:46:30,111 GB/s,116 GB/s,0 B/s,111 GB/s,116 GB/s,0 B/s
2026-04-24 16:46:45,113 GB/s,119 GB/s,0 B/s,113 GB/s,118 GB/s,0 B/s
2026-04-24 16:47:00,116 GB/s,121 GB/s,0 B/s,116 GB/s,121 GB/s,0 B/s
2026-04-24 16:47:15,119 GB/s,124 GB/s,0 B/s,119 GB/s,124 GB/s,0 B/s
2026-04-24 16:47:30,121 GB/s,127 GB/s,0 B/s,121 GB/s,127 GB/s,0 B/s
2026-04-24 16:47:45,124 GB/s,130 GB/s,0 B/s,124 GB/s,129 GB/s,0 B/s
2026-04-24 16:48:00,126 GB/s,132 GB/s,0 B/s,126 GB/s,132 GB/s,0 B/s
2026-04-24 16:48:15,129 GB/s,135 GB/s,0 B/s,129 GB/s,135 GB/s,0 B/s
2026-04-24 16:48:30,132 GB/s,138 GB/s,0 B/s,132 GB/s,138 GB/s,0 B/s
2026-04-24 16:48:45,134 GB/s,140 GB/s,0 B/s,134 GB/s,140 GB/s,0 B/s
2026-04-24 16:49:00,137 GB/s,143 GB/s,0 B/s,137 GB/s,143 GB/s,0 B/s
2026-04-24 16:49:15,139 GB/s,146 GB/s,0 B/s,139 GB/s,146 GB/s,0 B/s
2026-04-24 16:49:30,142 GB/s,149 GB/s,0 B/s,142 GB/s,149 GB/s,0 B/s
2026-04-24 16:49:45,145 GB/s,151 GB/s,0 B/s,145 GB/s,151 GB/s,0 B/s
2026-04-24 16:50:00,147 GB/s,154 GB/s,0 B/s,147 GB/s,154 GB/s,0 B/s
2026-04-24 16:50:15,150 GB/s,157 GB/s,0 B/s,150 GB/s,157 GB/s,0 B/s
2026-04-24 16:50:30,153 GB/s,160 GB/s,0 B/s,153 GB/s,160 GB/s,0 B/s
2026-04-24 16:50:45,155 GB/s,162 GB/s,0 B/s,155 GB/s,162 GB/s,0 B/s
2026-04-24 16:51:00,158 GB/s,165 GB/s,0 B/s,158 GB/s,165 GB/s,0 B/s
2026-04-24 16:51:15,161 GB/s,168 GB/s,0 B/s,160 GB/s,168 GB/s,0 B/s
2026-04-24 16:51:30,163 GB/s,171 GB/s,0 B/s,163 GB/s,171 GB/s,0 B/s
2026-04-24 16:51:45,166 GB/s,173 GB/s,0 B/s,166 GB/s,173 GB/s,0 B/s
2026-04-24 16:52:00,168 GB/s,176 GB/s,0 B/s,168 GB/s,176 GB/s,0 B/s
2026-04-24 16:52:15,171 GB/s,179 GB/s,0 B/s,171 GB/s,179 GB/s,0 B/s
2026-04-24 16:52:30,173 GB/s,181 GB/s,0 B/s,173 GB/s,181 GB/s,0 B/s
2026-04-24 16:52:45,176 GB/s,184 GB/s,0 B/s,176 GB/s,184 GB/s,0 B/s
2026-04-24 16:53:00,179 GB/s,187 GB/s,0 B/s,179 GB/s,187 GB/s,0 B/s
2026-04-24 16:53:15,181 GB/s,190 GB/s,0 B/s,181 GB/s,190 GB/s,0 B/s
2026-04-24 16:53:30,184 GB/s,192 GB/s,0 B/s,184 GB/s,192 GB/s,0 B/s
2026-04-24 16:53:45,187 GB/s,195 GB/s,0 B/s,187 GB/s,195 GB/s,0 B/s
2026-04-24 16:54:00,189 GB/s,198 GB/s,0 B/s,189 GB/s,198 GB/s,0 B/s
2026-04-24 16:54:15,192 GB/s,201 GB/s,0 B/s,192 GB/s,201 GB/s,0 B/s
2026-04-24 16:54:30,194 GB/s,203 GB/s,0 B/s,194 GB/s,203 GB/s,0 B/s
2026-04-24 16:54:45,197 GB/s,206 GB/s,0 B/s,197 GB/s,206 GB/s,0 B/s
2026-04-24 16:55:00,200 GB/s,209 GB/s,0 B/s,200 GB/s,209 GB/s,0 B/s
2026-04-24 16:55:15,202 GB/s,212 GB/s,0 B/s,202 GB/s,212 GB/s,0 B/s
2026-04-24 16:55:30,205 GB/s,214 GB/s,0 B/s,205 GB/s,214 GB/s,0 B/s
2026-04-24 16:55:45,207 GB/s,217 GB/s,0 B/s,207 GB/s,217 GB/s,0 B/s
2026-04-24 16:56:00,210 GB/s,220 GB/s,0 B/s,210 GB/s,220 GB/s,0 B/s
2026-04-24 16:56:15,213 GB/s,223 GB/s,0 B/s,213 GB/s,222 GB/s,0 B/s
2026-04-24 16:56:30,215 GB/s,225 GB/s,0 B/s,215 GB/s,225 GB/s,0 B/s
2026-04-24 16:56:45,218 GB/s,228 GB/s,0 B/s,218 GB/s,228 GB/s,0 B/s
2026-04-24 16:57:00,221 GB/s,231 GB/s,0 B/s,221 GB/s,231 GB/s,0 B/s
2026-04-24 16:57:15,223 GB/s,233 GB/s,0 B/s,223 GB/s,233 GB/s,0 B/s
2026-04-24 16:57:30,226 GB/s,236 GB/s,0 B/s,226 GB/s,236 GB/s,0 B/s
2026-04-24 16:57:45,228 GB/s,239 GB/s,0 B/s,228 GB/s,239 GB/s,0 B/s
2026-04-24 16:58:00,231 GB/s,242 GB/s,0 B/s,231 GB/s,242 GB/s,0 B/s
2026-04-24 16:58:15,234 GB/s,244 GB/s,0 B/s,234 GB/s,244 GB/s,0 B/s
2026-04-24 16:58:30,236 GB/s,247 GB/s,0 B/s,236 GB/s,247 GB/s,0 B/s
2026-04-24 16:58:45,239 GB/s,250 GB/s,0 B/s,239 GB/s,250 GB/s,0 B/s
2026-04-24 16:59:00,241 GB/s,253 GB/s,0 B/s,241 GB/s,253 GB/s,0 B/s
2026-04-24 16:59:15,244 GB/s,255 GB/s,0 B/s,244 GB/s,255 GB/s,0 B/s
2026-04-24 16:59:30,247 GB/s,258 GB/s,0 B/s,247 GB/s,258 GB/s,0 B/s
2026-04-24 16:59:45,249 GB/s,261 GB/s,0 B/s,249 GB/s,261 GB/s,0 B/s
2026-04-24 17:00:00,252 GB/s,263 GB/s,0 B/s,252 GB/s,263 GB/s,0 B/s
2026-04-24 17:00:15,254 GB/s,266 GB/s,0 B/s,254 GB/s,266 GB/s,0 B/s
2026-04-24 17:00:30,257 GB/s,269 GB/s,0 B/s,257 GB/s,269 GB/s,0 B/s
2026-04-24 17:00:45,260 GB/s,271 GB/s,0 B/s,260 GB/s,271 GB/s,0 B/s
2026-04-24 17:01:00,262 GB/s,274 GB/s,0 B/s,262 GB/s,274 GB/s,0 B/s
2026-04-24 17:01:15,265 GB/s,277 GB/s,0 B/s,265 GB/s,277 GB/s,0 B/s
2026-04-24 17:01:30,267 GB/s,280 GB/s,0 B/s,268 GB/s,280 GB/s,0 B/s
2026-04-24 17:01:45,270 GB/s,282 GB/s,0 B/s,270 GB/s,282 GB/s,0 B/s
2026-04-24 17:02:00,273 GB/s,285 GB/s,0 B/s,273 GB/s,285 GB/s,0 B/s
2026-04-24 17:02:15,275 GB/s,288 GB/s,0 B/s,275 GB/s,288 GB/s,0 B/s
2026-04-24 17:02:30,278 GB/s,291 GB/s,0 B/s,278 GB/s,291 GB/s,0 B/s
2026-04-24 17:02:45,281 GB/s,293 GB/s,0 B/s,280 GB/s,293 GB/s,0 B/s
2026-04-24 17:03:00,283 GB/s,296 GB/s,0 B/s,283 GB/s,296 GB/s,0 B/s
2026-04-24 17:03:15,286 GB/s,299 GB/s,0 B/s,286 GB/s,299 GB/s,0 B/s
2026-04-24 17:03:30,288 GB/s,301 GB/s,0 B/s,288 GB/s,302 GB/s,0 B/s
2026-04-24 17:03:45,291 GB/s,304 GB/s,0 B/s,291 GB/s,304 GB/s,0 B/s
2026-04-24 17:04:00,294 GB/s,307 GB/s,0 B/s,293 GB/s,307 GB/s,0 B/s
2026-04-24 17:04:15,296 GB/s,310 GB/s,0 B/s,296 GB/s,310 GB/s,0 B/s
2026-04-24 17:04:30,299 GB/s,312 GB/s,0 B/s,299 GB/s,313 GB/s,0 B/s
2026-04-24 17:04:45,301 GB/s,315 GB/s,0 B/s,301 GB/s,315 GB/s,0 B/s
2026-04-24 17:05:00,304 GB/s,318 GB/s,0 B/s,304 GB/s,318 GB/s,0 B/s
2026-04-24 17:05:15,307 GB/s,321 GB/s,0 B/s,307 GB/s,321 GB/s,0 B/s
2026-04-24 17:05:30,309 GB/s,323 GB/s,0 B/s,309 GB/s,323 GB/s,0 B/s
2026-04-24 17:05:45,312 GB/s,326 GB/s,0 B/s,312 GB/s,326 GB/s,0 B/s
2026-04-24 17:06:00,314 GB/s,329 GB/s,0 B/s,314 GB/s,329 GB/s,0 B/s
2026-04-24 17:06:15,317 GB/s,332 GB/s,0 B/s,317 GB/s,332 GB/s,0 B/s
2026-04-24 17:06:30,320 GB/s,334 GB/s,0 B/s,320 GB/s,334 GB/s,0 B/s
2026-04-24 17:06:45,322 GB/s,337 GB/s,0 B/s,322 GB/s,337 GB/s,0 B/s
2026-04-24 17:07:00,325 GB/s,340 GB/s,0 B/s,325 GB/s,340 GB/s,0 B/s
2026-04-24 17:07:15,327 GB/s,342 GB/s,0 B/s,327 GB/s,343 GB/s,0 B/s
2026-04-24 17:07:30,330 GB/s,345 GB/s,0 B/s,330 GB/s,345 GB/s,0 B/s
2026-04-24 17:07:45,333 GB/s,348 GB/s,0 B/s,333 GB/s,348 GB/s,0 B/s
2026-04-24 17:08:00,335 GB/s,351 GB/s,0 B/s,335 GB/s,351 GB/s,0 B/s
2026-04-24 17:08:15,338 GB/s,353 GB/s,0 B/s,338 GB/s,353 GB/s,0 B/s
2026-04-24 17:08:30,340 GB/s,356 GB/s,0 B/s,340 GB/s,356 GB/s,0 B/s
2026-04-24 17:08:45,343 GB/s,359 GB/s,0 B/s,343 GB/s,359 GB/s,0 B/s
2026-04-24 17:09:00,346 GB/s,361 GB/s,0 B/s,346 GB/s,361 GB/s,0 B/s
2026-04-24 17:09:15,348 GB/s,364 GB/s,0 B/s,348 GB/s,364 GB/s,0 B/s
2026-04-24 17:09:30,351 GB/s,367 GB/s,0 B/s,351 GB/s,367 GB/s,0 B/s
2026-04-24 17:09:45,353 GB/s,370 GB/s,0 B/s,354 GB/s,370 GB/s,0 B/s
2026-04-24 17:10:00,356 GB/s,372 GB/s,0 B/s,356 GB/s,372 GB/s,0 B/s
2026-04-24 17:10:15,359 GB/s,375 GB/s,0 B/s,359 GB/s,375 GB/s,0 B/s
2026-04-24 17:10:30,361 GB/s,378 GB/s,0 B/s,361 GB/s,378 GB/s,0 B/s
2026-04-24 17:10:45,364 GB/s,380 GB/s,0 B/s,364 GB/s,381 GB/s,0 B/s
2026-04-24 17:11:00,366 GB/s,383 GB/s,0 B/s,366 GB/s,383 GB/s,0 B/s
2026-04-24 17:11:15,369 GB/s,386 GB/s,0 B/s,369 GB/s,386 GB/s,0 B/s
2026-04-24 17:11:30,372 GB/s,389 GB/s,0 B/s,372 GB/s,389 GB/s,0 B/s
2026-04-24 17:11:45,374 GB/s,391 GB/s,0 B/s,374 GB/s,391 GB/s,0 B/s
2026-04-24 17:12:00,377 GB/s,394 GB/s,0 B/s,377 GB/s,394 GB/s,0 B/s
2026-04-24 17:12:15,379 GB/s,397 GB/s,0 B/s,380 GB/s,397 GB/s,0 B/s
2026-04-24 17:12:30,382 GB/s,399 GB/s,0 B/s,382 GB/s,400 GB/s,0 B/s
2026-04-24 17:12:45,385 GB/s,402 GB/s,0 B/s,385 GB/s,402 GB/s,0 B/s
2026-04-24 17:13:00,387 GB/s,405 GB/s,0 B/s,387 GB/s,405 GB/s,0 B/s
2026-04-24 17:13:15,390 GB/s,408 GB/s,0 B/s,390 GB/s,408 GB/s,0 B/s
2026-04-24 17:13:30,392 GB/s,410 GB/s,0 B/s,392 GB/s,410 GB/s,0 B/s
2026-04-24 17:13:45,395 GB/s,413 GB/s,0 B/s,395 GB/s,413 GB/s,0 B/s
2026-04-24 17:14:00,397 GB/s,416 GB/s,0 B/s,397 GB/s,416 GB/s,0 B/s
2026-04-24 17:14:15,400 GB/s,418 GB/s,0 B/s,400 GB/s,419 GB/s,0 B/s
2026-04-24 17:14:30,403 GB/s,421 GB/s,0 B/s,403 GB/s,421 GB/s,0 B/s
2026-04-24 17:14:45,405 GB/s,424 GB/s,0 B/s,405 GB/s,424 GB/s,0 B/s
2026-04-24 17:15:00,408 GB/s,426 GB/s,0 B/s,408 GB/s,427 GB/s,0 B/s
2026-04-24 17:15:15,410 GB/s,429 GB/s,0 B/s,411 GB/s,429 GB/s,0 B/s
2026-04-24 17:15:30,413 GB/s,432 GB/s,0 B/s,413 GB/s,432 GB/s,0 B/s
2026-04-24 17:15:45,416 GB/s,435 GB/s,0 B/s,416 GB/s,435 GB/s,0 B/s
2026-04-24 17:16:00,418 GB/s,437 GB/s,0 B/s,418 GB/s,437 GB/s,0 B/s
2026-04-24 17:16:15,421 GB/s,440 GB/s,0 B/s,421 GB/s,440 GB/s,0 B/s
2026-04-24 17:16:30,423 GB/s,443 GB/s,0 B/s,423 GB/s,443 GB/s,0 B/s
2026-04-24 17:16:45,426 GB/s,445 GB/s,0 B/s,426 GB/s,445 GB/s,0 B/s
2026-04-24 17:17:00,429 GB/s,448 GB/s,0 B/s,429 GB/s,448 GB/s,0 B/s
2026-04-24 17:17:15,431 GB/s,451 GB/s,0 B/s,431 GB/s,451 GB/s,0 B/s
2026-04-24 17:17:30,431 GB/s,451 GB/s,0 B/s,431 GB/s,451 GB/s,0 B/s
2026-04-24 17:17:45,431 GB/s,451 GB/s,0 B/s,436 GB/s,456 GB/s,0 B/s
2026-04-24 17:18:00,431 GB/s,451 GB/s,0 B/s,444 GB/s,464 GB/s,0 B/s
2026-04-24 17:18:15,431 GB/s,451 GB/s,0 B/s,451 GB/s,472 GB/s,0 B/s
2026-04-24 17:18:30,431 GB/s,451 GB/s,0 B/s,459 GB/s,480 GB/s,0 B/s
2026-04-24 17:18:45,431 GB/s,451 GB/s,0 B/s,466 GB/s,487 GB/s,0 B/s
2026-04-24 17:19:00,431 GB/s,451 GB/s,0 B/s,473 GB/s,495 GB/s,0 B/s
2026-04-24 17:19:15,431 GB/s,451 GB/s,0 B/s,481 GB/s,503 GB/s,0 B/s
2026-04-24 17:19:30,431 GB/s,451 GB/s,0 B/s,488 GB/s,511 GB/s,0 B/s
2026-04-24 17:19:45,431 GB/s,451 GB/s,0 B/s,496 GB/s,518 GB/s,0 B/s
2026-04-24 17:20:00,431 GB/s,451 GB/s,0 B/s,503 GB/s,526 GB/s,0 B/s
2026-04-24 17:20:15,431 GB/s,451 GB/s,0 B/s,511 GB/s,534 GB/s,0 B/s
2026-04-24 17:20:30,431 GB/s,451 GB/s,0 B/s,518 GB/s,542 GB/s,0 B/s
2026-04-24 17:20:45,431 GB/s,451 GB/s,0 B/s,525 GB/s,549 GB/s,0 B/s
2026-04-24 17:21:00,431 GB/s,451 GB/s,0 B/s,533 GB/s,557 GB/s,0 B/s
2026-04-24 17:21:15,431 GB/s,451 GB/s,0 B/s,540 GB/s,565 GB/s,0 B/s
2026-04-24 17:21:30,431 GB/s,451 GB/s,0 B/s,548 GB/s,573 GB/s,0 B/s
2026-04-24 17:21:45,431 GB/s,451 GB/s,0 B/s,555 GB/s,581 GB/s,0 B/s
2026-04-24 17:22:00,431 GB/s,451 GB/s,0 B/s,563 GB/s,588 GB/s,0 B/s
2026-04-24 17:22:15,431 GB/s,451 GB/s,0 B/s,570 GB/s,596 GB/s,0 B/s
2026-04-24 17:22:30,431 GB/s,451 GB/s,0 B/s,577 GB/s,604 GB/s,0 B/s
2026-04-24 17:22:45,431 GB/s,451 GB/s,0 B/s,585 GB/s,612 GB/s,0 B/s
2026-04-24 17:23:00,431 GB/s,451 GB/s,0 B/s,592 GB/s,619 GB/s,0 B/s
2026-04-24 17:23:15,431 GB/s,451 GB/s,0 B/s,600 GB/s,627 GB/s,0 B/s
2026-04-24 17:23:30,431 GB/s,451 GB/s,0 B/s,607 GB/s,635 GB/s,0 B/s
2026-04-24 17:23:45,431 GB/s,451 GB/s,0 B/s,614 GB/s,643 GB/s,0 B/s
2026-04-24 17:24:00,431 GB/s,451 GB/s,0 B/s,622 GB/s,650 GB/s,0 B/s
2026-04-24 17:24:15,431 GB/s,451 GB/s,0 B/s,629 GB/s,658 GB/s,0 B/s
2026-04-24 17:24:30,431 GB/s,451 GB/s,0 B/s,637 GB/s,666 GB/s,0 B/s
2026-04-24 17:24:45,431 GB/s,451 GB/s,0 B/s,644 GB/s,674 GB/s,0 B/s
2026-04-24 17:25:00,431 GB/s,451 GB/s,0 B/s,652 GB/s,681 GB/s,0 B/s
2026-04-24 17:25:15,431 GB/s,451 GB/s,0 B/s,659 GB/s,689 GB/s,0 B/s
2026-04-24 17:25:30,431 GB/s,451 GB/s,0 B/s,666 GB/s,697 GB/s,0 B/s
2026-04-24 17:25:45,431 GB/s,451 GB/s,0 B/s,674 GB/s,705 GB/s,0 B/s
2026-04-24 17:26:00,431 GB/s,451 GB/s,0 B/s,681 GB/s,713 GB/s,0 B/s
2026-04-24 17:26:15,431 GB/s,451 GB/s,0 B/s,689 GB/s,720 GB/s,0 B/s
2026-04-24 17:26:30,431 GB/s,451 GB/s,0 B/s,696 GB/s,728 GB/s,0 B/s
2026-04-24 17:26:45,431 GB/s,451 GB/s,0 B/s,704 GB/s,736 GB/s,0 B/s
2026-04-24 17:27:00,431 GB/s,451 GB/s,0 B/s,711 GB/s,744 GB/s,0 B/s
2026-04-24 17:27:15,431 GB/s,451 GB/s,0 B/s,718 GB/s,751 GB/s,0 B/s
2026-04-24 17:27:30,431 GB/s,451 GB/s,0 B/s,726 GB/s,759 GB/s,0 B/s
2026-04-24 17:27:45,431 GB/s,451 GB/s,0 B/s,733 GB/s,767 GB/s,0 B/s
2026-04-24 17:28:00,431 GB/s,451 GB/s,0 B/s,741 GB/s,775 GB/s,0 B/s
2026-04-24 17:28:15,431 GB/s,451 GB/s,0 B/s,748 GB/s,783 GB/s,0 B/s
2026-04-24 17:28:30,431 GB/s,451 GB/s,0 B/s,756 GB/s,790 GB/s,0 B/s
2026-04-24 17:28:45,431 GB/s,451 GB/s,0 B/s,763 GB/s,798 GB/s,0 B/s
2026-04-24 17:29:00,432 GB/s,451 GB/s,0 B/s,771 GB/s,806 GB/s,0 B/s
2026-04-24 17:29:15,432 GB/s,451 GB/s,0 B/s,778 GB/s,814 GB/s,0 B/s
2026-04-24 17:29:30,432 GB/s,451 GB/s,0 B/s,785 GB/s,822 GB/s,0 B/s
2026-04-24 17:29:45,432 GB/s,451 GB/s,0 B/s,793 GB/s,829 GB/s,0 B/s
2026-04-24 17:30:00,432 GB/s,451 GB/s,0 B/s,800 GB/s,837 GB/s,0 B/s
2026-04-24 17:30:15,432 GB/s,451 GB/s,0 B/s,808 GB/s,845 GB/s,0 B/s
2026-04-24 17:30:30,432 GB/s,451 GB/s,0 B/s,815 GB/s,853 GB/s,0 B/s
2026-04-24 17:30:45,432 GB/s,451 GB/s,0 B/s,823 GB/s,861 GB/s,0 B/s
2026-04-24 17:31:00,432 GB/s,451 GB/s,0 B/s,830 GB/s,868 GB/s,0 B/s
2026-04-24 17:31:15,432 GB/s,451 GB/s,0 B/s,838 GB/s,876 GB/s,0 B/s
2026-04-24 17:31:30,432 GB/s,451 GB/s,0 B/s,845 GB/s,884 GB/s,0 B/s
2026-04-24 17:31:45,432 GB/s,451 GB/s,0 B/s,853 GB/s,892 GB/s,0 B/s
2026-04-24 17:32:00,432 GB/s,451 GB/s,0 B/s,860 GB/s,900 GB/s,0 B/s
2026-04-24 17:32:15,433 GB/s,453 GB/s,0 B/s,864 GB/s,904 GB/s,0 B/s
2026-04-24 17:32:30,436 GB/s,456 GB/s,0 B/s,867 GB/s,907 GB/s,0 B/s
2026-04-24 17:32:45,439 GB/s,459 GB/s,0 B/s,870 GB/s,909 GB/s,0 B/s
2026-04-24 17:33:00,441 GB/s,461 GB/s,0 B/s,872 GB/s,912 GB/s,0 B/s
2026-04-24 17:33:15,444 GB/s,464 GB/s,0 B/s,875 GB/s,915 GB/s,0 B/s
2026-04-24 17:33:30,447 GB/s,467 GB/s,0 B/s,877 GB/s,918 GB/s,0 B/s
2026-04-24 17:33:45,449 GB/s,469 GB/s,0 B/s,880 GB/s,920 GB/s,0 B/s
2026-04-24 17:34:00,452 GB/s,472 GB/s,0 B/s,882 GB/s,923 GB/s,0 B/s
2026-04-24 17:34:15,454 GB/s,475 GB/s,0 B/s,885 GB/s,926 GB/s,0 B/s
2026-04-24 17:34:30,457 GB/s,478 GB/s,0 B/s,888 GB/s,928 GB/s,0 B/s
2026-04-24 17:34:45,459 GB/s,480 GB/s,0 B/s,890 GB/s,931 GB/s,0 B/s
2026-04-24 17:35:00,462 GB/s,483 GB/s,0 B/s,893 GB/s,934 GB/s,0 B/s
2026-04-24 17:35:15,465 GB/s,486 GB/s,0 B/s,895 GB/s,937 GB/s,0 B/s
2026-04-24 17:35:30,467 GB/s,488 GB/s,0 B/s,898 GB/s,939 GB/s,0 B/s
2026-04-24 17:35:45,470 GB/s,491 GB/s,0 B/s,901 GB/s,942 GB/s,0 B/s
2026-04-24 17:36:00,472 GB/s,494 GB/s,0 B/s,903 GB/s,945 GB/s,0 B/s
2026-04-24 17:36:15,475 GB/s,497 GB/s,0 B/s,906 GB/s,947 GB/s,0 B/s
2026-04-24 17:36:30,477 GB/s,499 GB/s,0 B/s,908 GB/s,950 GB/s,0 B/s
2026-04-24 17:36:45,480 GB/s,502 GB/s,0 B/s,911 GB/s,953 GB/s,0 B/s
2026-04-24 17:37:00,483 GB/s,505 GB/s,0 B/s,913 GB/s,955 GB/s,0 B/s
2026-04-24 17:37:15,485 GB/s,507 GB/s,0 B/s,916 GB/s,958 GB/s,0 B/s
2026-04-24 17:37:30,488 GB/s,510 GB/s,0 B/s,919 GB/s,961 GB/s,0 B/s
2026-04-24 17:37:45,490 GB/s,513 GB/s,0 B/s,921 GB/s,963 GB/s,0 B/s
2026-04-24 17:38:00,493 GB/s,515 GB/s,0 B/s,924 GB/s,966 GB/s,0 B/s
2026-04-24 17:38:15,495 GB/s,518 GB/s,0 B/s,926 GB/s,969 GB/s,0 B/s
2026-04-24 17:38:30,498 GB/s,521 GB/s,0 B/s,929 GB/s,972 GB/s,0 B/s
2026-04-24 17:38:45,501 GB/s,523 GB/s,0 B/s,932 GB/s,974 GB/s,0 B/s
2026-04-24 17:39:00,503 GB/s,526 GB/s,0 B/s,934 GB/s,977 GB/s,0 B/s
2026-04-24 17:39:15,506 GB/s,529 GB/s,0 B/s,937 GB/s,980 GB/s,0 B/s
2026-04-24 17:39:30,508 GB/s,532 GB/s,0 B/s,939 GB/s,982 GB/s,0 B/s
2026-04-24 17:39:45,511 GB/s,534 GB/s,0 B/s,942 GB/s,985 GB/s,0 B/s
2026-04-24 17:40:00,514 GB/s,537 GB/s,0 B/s,944 GB/s,988 GB/s,0 B/s
2026-04-24 17:40:15,516 GB/s,540 GB/s,0 B/s,947 GB/s,990 GB/s,0 B/s
2026-04-24 17:40:30,519 GB/s,542 GB/s,0 B/s,949 GB/s,993 GB/s,0 B/s
2026-04-24 17:40:45,521 GB/s,545 GB/s,0 B/s,952 GB/s,996 GB/s,0 B/s
2026-04-24 17:41:00,524 GB/s,548 GB/s,0 B/s,955 GB/s,999 GB/s,0 B/s
2026-04-24 17:41:15,526 GB/s,551 GB/s,0 B/s,957 GB/s,1.00 TB/s,0 B/s
2026-04-24 17:41:30,529 GB/s,553 GB/s,0 B/s,960 GB/s,1.00 TB/s,0 B/s
2026-04-24 17:41:45,532 GB/s,556 GB/s,0 B/s,962 GB/s,1.01 TB/s,0 B/s
2026-04-24 17:42:00,534 GB/s,559 GB/s,0 B/s,965 GB/s,1.01 TB/s,0 B/s
2026-04-24 17:42:15,537 GB/s,561 GB/s,0 B/s,968 GB/s,1.01 TB/s,0 B/s
2026-04-24 17:42:30,539 GB/s,564 GB/s,0 B/s,970 GB/s,1.01 TB/s,0 B/s
2026-04-24 17:42:45,542 GB/s,567 GB/s,0 B/s,973 GB/s,1.02 TB/s,0 B/s
2026-04-24 17:43:00,545 GB/s,569 GB/s,0 B/s,975 GB/s,1.02 TB/s,0 B/s
2026-04-24 17:43:15,547 GB/s,572 GB/s,0 B/s,978 GB/s,1.02 TB/s,0 B/s
2026-04-24 17:43:30,550 GB/s,575 GB/s,0 B/s,980 GB/s,1.03 TB/s,0 B/s
2026-04-24 17:43:45,552 GB/s,578 GB/s,0 B/s,983 GB/s,1.03 TB/s,0 B/s
2026-04-24 17:44:00,555 GB/s,580 GB/s,0 B/s,986 GB/s,1.03 TB/s,0 B/s
2026-04-24 17:44:15,557 GB/s,583 GB/s,0 B/s,988 GB/s,1.03 TB/s,0 B/s
2026-04-24 17:44:30,560 GB/s,586 GB/s,0 B/s,991 GB/s,1.04 TB/s,0 B/s
2026-04-24 17:44:45,562 GB/s,588 GB/s,0 B/s,993 GB/s,1.04 TB/s,0 B/s
2026-04-24 17:45:00,565 GB/s,591 GB/s,0 B/s,996 GB/s,1.04 TB/s,0 B/s
2026-04-24 17:45:15,568 GB/s,594 GB/s,0 B/s,998 GB/s,1.04 TB/s,0 B/s
2026-04-24 17:45:30,570 GB/s,596 GB/s,0 B/s,1.00 TB/s,1.05 TB/s,0 B/s
2026-04-24 17:45:45,573 GB/s,599 GB/s,0 B/s,1.00 TB/s,1.05 TB/s,0 B/s
2026-04-24 17:46:00,575 GB/s,602 GB/s,0 B/s,1.01 TB/s,1.05 TB/s,0 B/s
2026-04-24 17:46:15,578 GB/s,604 GB/s,0 B/s,1.01 TB/s,1.06 TB/s,0 B/s
2026-04-24 17:46:30,580 GB/s,607 GB/s,0 B/s,1.01 TB/s,1.06 TB/s,0 B/s
2026-04-24 17:46:45,583 GB/s,610 GB/s,0 B/s,1.01 TB/s,1.06 TB/s,0 B/s
2026-04-24 17:47:00,586 GB/s,612 GB/s,0 B/s,1.02 TB/s,1.06 TB/s,0 B/s
2026-04-24 17:47:15,588 GB/s,615 GB/s,0 B/s,1.02 TB/s,1.07 TB/s,0 B/s
2026-04-24 17:47:30,591 GB/s,618 GB/s,0 B/s,1.02 TB/s,1.07 TB/s,0 B/s
2026-04-24 17:47:45,593 GB/s,620 GB/s,0 B/s,1.02 TB/s,1.07 TB/s,0 B/s
2026-04-24 17:48:00,596 GB/s,623 GB/s,0 B/s,1.03 TB/s,1.07 TB/s,0 B/s
2026-04-24 17:48:15,598 GB/s,626 GB/s,0 B/s,1.03 TB/s,1.08 TB/s,0 B/s
2026-04-24 17:48:30,601 GB/s,628 GB/s,0 B/s,1.03 TB/s,1.08 TB/s,0 B/s
2026-04-24 17:48:45,604 GB/s,631 GB/s,0 B/s,1.03 TB/s,1.08 TB/s,0 B/s
2026-04-24 17:49:00,606 GB/s,634 GB/s,0 B/s,1.04 TB/s,1.08 TB/s,0 B/s
2026-04-24 17:49:15,609 GB/s,637 GB/s,0 B/s,1.04 TB/s,1.09 TB/s,0 B/s
2026-04-24 17:49:30,611 GB/s,639 GB/s,0 B/s,1.04 TB/s,1.09 TB/s,0 B/s
2026-04-24 17:49:45,614 GB/s,642 GB/s,0 B/s,1.04 TB/s,1.09 TB/s,0 B/s
2026-04-24 17:50:00,616 GB/s,645 GB/s,0 B/s,1.05 TB/s,1.10 TB/s,0 B/s
2026-04-24 17:50:15,619 GB/s,647 GB/s,0 B/s,1.05 TB/s,1.10 TB/s,0 B/s
2026-04-24 17:50:30,621 GB/s,650 GB/s,0 B/s,1.05 TB/s,1.10 TB/s,0 B/s
2026-04-24 17:50:45,624 GB/s,653 GB/s,0 B/s,1.05 TB/s,1.10 TB/s,0 B/s
2026-04-24 17:51:00,627 GB/s,655 GB/s,0 B/s,1.06 TB/s,1.11 TB/s,0 B/s
2026-04-24 17:51:15,629 GB/s,658 GB/s,0 B/s,1.06 TB/s,1.11 TB/s,0 B/s
2026-04-24 17:51:30,632 GB/s,661 GB/s,0 B/s,1.06 TB/s,1.11 TB/s,0 B/s
2026-04-24 17:51:45,634 GB/s,663 GB/s,0 B/s,1.07 TB/s,1.11 TB/s,0 B/s
2026-04-24 17:52:00,637 GB/s,666 GB/s,0 B/s,1.07 TB/s,1.12 TB/s,0 B/s
2026-04-24 17:52:15,640 GB/s,669 GB/s,0 B/s,1.07 TB/s,1.12 TB/s,0 B/s
2026-04-24 17:52:30,642 GB/s,671 GB/s,0 B/s,1.07 TB/s,1.12 TB/s,0 B/s
2026-04-24 17:52:45,645 GB/s,674 GB/s,0 B/s,1.08 TB/s,1.12 TB/s,0 B/s
2026-04-24 17:53:00,647 GB/s,677 GB/s,0 B/s,1.08 TB/s,1.13 TB/s,0 B/s
2026-04-24 17:53:15,650 GB/s,679 GB/s,0 B/s,1.08 TB/s,1.13 TB/s,0 B/s
2026-04-24 17:53:30,652 GB/s,682 GB/s,0 B/s,1.08 TB/s,1.13 TB/s,0 B/s
2026-04-24 17:53:45,655 GB/s,685 GB/s,0 B/s,1.09 TB/s,1.14 TB/s,0 B/s
2026-04-24 17:54:00,658 GB/s,688 GB/s,0 B/s,1.09 TB/s,1.14 TB/s,0 B/s
2026-04-24 17:54:15,660 GB/s,690 GB/s,0 B/s,1.09 TB/s,1.14 TB/s,0 B/s
2026-04-24 17:54:30,663 GB/s,693 GB/s,0 B/s,1.09 TB/s,1.14 TB/s,0 B/s
2026-04-24 17:54:45,665 GB/s,696 GB/s,0 B/s,1.10 TB/s,1.15 TB/s,0 B/s
2026-04-24 17:55:00,668 GB/s,698 GB/s,0 B/s,1.10 TB/s,1.15 TB/s,0 B/s
2026-04-24 17:55:15,670 GB/s,701 GB/s,0 B/s,1.10 TB/s,1.15 TB/s,0 B/s
2026-04-24 17:55:30,673 GB/s,704 GB/s,0 B/s,1.10 TB/s,1.15 TB/s,0 B/s
2026-04-24 17:55:45,675 GB/s,706 GB/s,0 B/s,1.11 TB/s,1.16 TB/s,0 B/s
2026-04-24 17:56:00,678 GB/s,709 GB/s,0 B/s,1.11 TB/s,1.16 TB/s,0 B/s
2026-04-24 17:56:15,681 GB/s,712 GB/s,0 B/s,1.11 TB/s,1.16 TB/s,0 B/s
2026-04-24 17:56:30,683 GB/s,714 GB/s,0 B/s,1.11 TB/s,1.17 TB/s,0 B/s
2026-04-24 17:56:45,686 GB/s,717 GB/s,0 B/s,1.12 TB/s,1.17 TB/s,0 B/s
2026-04-24 17:57:00,688 GB/s,720 GB/s,0 B/s,1.12 TB/s,1.17 TB/s,0 B/s
2026-04-24 17:57:15,691 GB/s,722 GB/s,0 B/s,1.12 TB/s,1.17 TB/s,0 B/s
2026-04-24 17:57:30,694 GB/s,725 GB/s,0 B/s,1.12 TB/s,1.18 TB/s,0 B/s
2026-04-24 17:57:45,696 GB/s,728 GB/s,0 B/s,1.13 TB/s,1.18 TB/s,0 B/s
2026-04-24 17:58:00,699 GB/s,731 GB/s,0 B/s,1.13 TB/s,1.18 TB/s,0 B/s
2026-04-24 17:58:15,701 GB/s,733 GB/s,0 B/s,1.13 TB/s,1.18 TB/s,0 B/s
2026-04-24 17:58:30,704 GB/s,736 GB/s,0 B/s,1.13 TB/s,1.19 TB/s,0 B/s
2026-04-24 17:58:45,706 GB/s,739 GB/s,0 B/s,1.14 TB/s,1.19 TB/s,0 B/s
2026-04-24 17:59:00,709 GB/s,741 GB/s,0 B/s,1.14 TB/s,1.19 TB/s,0 B/s
2026-04-24 17:59:15,711 GB/s,744 GB/s,0 B/s,1.14 TB/s,1.19 TB/s,0 B/s
2026-04-24 17:59:30,714 GB/s,747 GB/s,0 B/s,1.15 TB/s,1.20 TB/s,0 B/s
2026-04-24 17:59:45,717 GB/s,749 GB/s,0 B/s,1.15 TB/s,1.20 TB/s,0 B/s
2026-04-24 18:00:00,719 GB/s,752 GB/s,0 B/s,1.15 TB/s,1.20 TB/s,0 B/s
2026-04-24 18:00:15,722 GB/s,755 GB/s,0 B/s,1.15 TB/s,1.21 TB/s,0 B/s
2026-04-24 18:00:30,724 GB/s,758 GB/s,0 B/s,1.16 TB/s,1.21 TB/s,0 B/s
2026-04-24 18:00:45,727 GB/s,760 GB/s,0 B/s,1.16 TB/s,1.21 TB/s,0 B/s
2026-04-24 18:01:00,730 GB/s,763 GB/s,0 B/s,1.16 TB/s,1.21 TB/s,0 B/s
2026-04-24 18:01:15,732 GB/s,766 GB/s,0 B/s,1.16 TB/s,1.22 TB/s,0 B/s
2026-04-24 18:01:30,735 GB/s,768 GB/s,0 B/s,1.17 TB/s,1.22 TB/s,0 B/s
2026-04-24 18:01:45,737 GB/s,771 GB/s,0 B/s,1.17 TB/s,1.22 TB/s,0 B/s
2026-04-24 18:02:00,740 GB/s,774 GB/s,0 B/s,1.17 TB/s,1.22 TB/s,0 B/s
2026-04-24 18:02:15,742 GB/s,776 GB/s,0 B/s,1.17 TB/s,1.23 TB/s,0 B/s
2026-04-24 18:02:30,745 GB/s,779 GB/s,0 B/s,1.18 TB/s,1.23 TB/s,0 B/s
2026-04-24 18:02:45,748 GB/s,782 GB/s,0 B/s,1.18 TB/s,1.23 TB/s,0 B/s
2026-04-24 18:03:00,750 GB/s,785 GB/s,0 B/s,1.18 TB/s,1.24 TB/s,0 B/s
2026-04-24 18:03:15,753 GB/s,787 GB/s,0 B/s,1.18 TB/s,1.24 TB/s,0 B/s
2026-04-24 18:03:30,755 GB/s,790 GB/s,0 B/s,1.19 TB/s,1.24 TB/s,0 B/s
2026-04-24 18:03:45,758 GB/s,793 GB/s,0 B/s,1.19 TB/s,1.24 TB/s,0 B/s
2026-04-24 18:04:00,761 GB/s,795 GB/s,0 B/s,1.19 TB/s,1.25 TB/s,0 B/s
2026-04-24 18:04:15,763 GB/s,798 GB/s,0 B/s,1.19 TB/s,1.25 TB/s,0 B/s
2026-04-24 18:04:30,766 GB/s,801 GB/s,0 B/s,1.20 TB/s,1.25 TB/s,0 B/s
2026-04-24 18:04:45,768 GB/s,803 GB/s,0 B/s,1.20 TB/s,1.25 TB/s,0 B/s
2026-04-24 18:05:00,771 GB/s,806 GB/s,0 B/s,1.20 TB/s,1.26 TB/s,0 B/s
2026-04-24 18:05:15,773 GB/s,809 GB/s,0 B/s,1.20 TB/s,1.26 TB/s,0 B/s
2026-04-24 18:05:30,776 GB/s,812 GB/s,0 B/s,1.21 TB/s,1.26 TB/s,0 B/s
2026-04-24 18:05:45,778 GB/s,814 GB/s,0 B/s,1.21 TB/s,1.26 TB/s,0 B/s
2026-04-24 18:06:00,781 GB/s,817 GB/s,0 B/s,1.21 TB/s,1.27 TB/s,0 B/s
2026-04-24 18:06:15,784 GB/s,820 GB/s,0 B/s,1.21 TB/s,1.27 TB/s,0 B/s
2026-04-24 18:06:30,786 GB/s,822 GB/s,0 B/s,1.22 TB/s,1.27 TB/s,0 B/s
2026-04-24 18:06:45,789 GB/s,825 GB/s,0 B/s,1.22 TB/s,1.28 TB/s,0 B/s
2026-04-24 18:07:00,791 GB/s,828 GB/s,0 B/s,1.22 TB/s,1.28 TB/s,0 B/s
2026-04-24 18:07:15,794 GB/s,830 GB/s,0 B/s,1.22 TB/s,1.28 TB/s,0 B/s
2026-04-24 18:07:30,796 GB/s,833 GB/s,0 B/s,1.23 TB/s,1.28 TB/s,0 B/s
2026-04-24 18:07:45,799 GB/s,836 GB/s,0 B/s,1.23 TB/s,1.29 TB/s,0 B/s
2026-04-24 18:08:00,802 GB/s,838 GB/s,0 B/s,1.23 TB/s,1.29 TB/s,0 B/s
2026-04-24 18:08:15,804 GB/s,841 GB/s,0 B/s,1.24 TB/s,1.29 TB/s,0 B/s
2026-04-24 18:08:30,807 GB/s,844 GB/s,0 B/s,1.24 TB/s,1.29 TB/s,0 B/s
2026-04-24 18:08:45,809 GB/s,846 GB/s,0 B/s,1.24 TB/s,1.30 TB/s,0 B/s
2026-04-24 18:09:00,812 GB/s,849 GB/s,0 B/s,1.24 TB/s,1.30 TB/s,0 B/s
2026-04-24 18:09:15,814 GB/s,852 GB/s,0 B/s,1.25 TB/s,1.30 TB/s,0 B/s
2026-04-24 18:09:30,817 GB/s,854 GB/s,0 B/s,1.25 TB/s,1.31 TB/s,0 B/s
2026-04-24 18:09:45,820 GB/s,857 GB/s,0 B/s,1.25 TB/s,1.31 TB/s,0 B/s
2026-04-24 18:10:00,822 GB/s,860 GB/s,0 B/s,1.25 TB/s,1.31 TB/s,0 B/s
2026-04-24 18:10:15,825 GB/s,862 GB/s,0 B/s,1.26 TB/s,1.31 TB/s,0 B/s
2026-04-24 18:10:30,827 GB/s,865 GB/s,0 B/s,1.26 TB/s,1.32 TB/s,0 B/s
2026-04-24 18:10:45,830 GB/s,868 GB/s,0 B/s,1.26 TB/s,1.32 TB/s,0 B/s
2026-04-24 18:11:00,832 GB/s,870 GB/s,0 B/s,1.26 TB/s,1.32 TB/s,0 B/s
2026-04-24 18:11:15,835 GB/s,873 GB/s,0 B/s,1.27 TB/s,1.32 TB/s,0 B/s
2026-04-24 18:11:30,837 GB/s,876 GB/s,0 B/s,1.27 TB/s,1.33 TB/s,0 B/s
2026-04-24 18:11:45,840 GB/s,878 GB/s,0 B/s,1.27 TB/s,1.33 TB/s,0 B/s
2026-04-24 18:12:00,843 GB/s,881 GB/s,0 B/s,1.27 TB/s,1.33 TB/s,0 B/s
2026-04-24 18:12:15,845 GB/s,884 GB/s,0 B/s,1.28 TB/s,1.33 TB/s,0 B/s
2026-04-24 18:12:30,848 GB/s,887 GB/s,0 B/s,1.28 TB/s,1.34 TB/s,0 B/s
2026-04-24 18:12:45,850 GB/s,889 GB/s,0 B/s,1.28 TB/s,1.34 TB/s,0 B/s
2026-04-24 18:13:00,853 GB/s,892 GB/s,0 B/s,1.28 TB/s,1.34 TB/s,0 B/s
2026-04-24 18:13:15,856 GB/s,895 GB/s,0 B/s,1.29 TB/s,1.35 TB/s,0 B/s
2026-04-24 18:13:30,858 GB/s,897 GB/s,0 B/s,1.29 TB/s,1.35 TB/s,0 B/s
2026-04-24 18:13:45,861 GB/s,900 GB/s,0 B/s,1.29 TB/s,1.35 TB/s,0 B/s
2026-04-24 18:14:00,863 GB/s,902 GB/s,0 B/s,1.29 TB/s,1.35 TB/s,0 B/s
2026-04-24 18:14:15,863 GB/s,902 GB/s,0 B/s,1.30 TB/s,1.36 TB/s,0 B/s
2026-04-24 18:14:30,863 GB/s,902 GB/s,0 B/s,1.31 TB/s,1.37 TB/s,0 B/s
2026-04-24 18:14:45,863 GB/s,902 GB/s,0 B/s,1.32 TB/s,1.38 TB/s,0 B/s
2026-04-24 18:15:00,863 GB/s,902 GB/s,0 B/s,1.32 TB/s,1.38 TB/s,0 B/s
2026-04-24 18:15:15,863 GB/s,902 GB/s,0 B/s,1.33 TB/s,1.39 TB/s,0 B/s
2026-04-24 18:15:30,863 GB/s,902 GB/s,0 B/s,1.34 TB/s,1.40 TB/s,0 B/s
2026-04-24 18:15:45,863 GB/s,902 GB/s,0 B/s,1.35 TB/s,1.41 TB/s,0 B/s
2026-04-24 18:16:00,863 GB/s,902 GB/s,0 B/s,1.35 TB/s,1.42 TB/s,0 B/s
2026-04-24 18:16:15,863 GB/s,902 GB/s,0 B/s,1.36 TB/s,1.42 TB/s,0 B/s
2026-04-24 18:16:30,863 GB/s,902 GB/s,0 B/s,1.37 TB/s,1.43 TB/s,0 B/s
2026-04-24 18:16:45,863 GB/s,902 GB/s,0 B/s,1.38 TB/s,1.44 TB/s,0 B/s
2026-04-24 18:17:00,863 GB/s,902 GB/s,0 B/s,1.38 TB/s,1.45 TB/s,0 B/s
2026-04-24 18:17:15,863 GB/s,902 GB/s,0 B/s,1.39 TB/s,1.45 TB/s,0 B/s
2026-04-24 18:17:30,863 GB/s,902 GB/s,0 B/s,1.40 TB/s,1.46 TB/s,0 B/s
2026-04-24 18:17:45,863 GB/s,902 GB/s,0 B/s,1.41 TB/s,1.47 TB/s,0 B/s
2026-04-24 18:18:00,863 GB/s,902 GB/s,0 B/s,1.41 TB/s,1.48 TB/s,0 B/s
2026-04-24 18:18:15,863 GB/s,902 GB/s,0 B/s,1.42 TB/s,1.49 TB/s,0 B/s
2026-04-24 18:18:30,863 GB/s,902 GB/s,0 B/s,1.43 TB/s,1.49 TB/s,0 B/s
2026-04-24 18:18:45,863 GB/s,902 GB/s,0 B/s,1.44 TB/s,1.50 TB/s,0 B/s
2026-04-24 18:19:00,863 GB/s,902 GB/s,0 B/s,1.44 TB/s,1.51 TB/s,0 B/s
2026-04-24 18:19:15,863 GB/s,902 GB/s,0 B/s,1.45 TB/s,1.52 TB/s,0 B/s
2026-04-24 18:19:30,863 GB/s,902 GB/s,0 B/s,1.46 TB/s,1.52 TB/s,0 B/s
2026-04-24 18:19:45,863 GB/s,902 GB/s,0 B/s,1.46 TB/s,1.53 TB/s,0 B/s
2026-04-24 18:20:00,863 GB/s,902 GB/s,0 B/s,1.47 TB/s,1.54 TB/s,0 B/s
2026-04-24 18:20:15,863 GB/s,902 GB/s,0 B/s,1.48 TB/s,1.55 TB/s,0 B/s
2026-04-24 18:20:30,863 GB/s,902 GB/s,0 B/s,1.49 TB/s,1.56 TB/s,0 B/s
2026-04-24 18:20:45,863 GB/s,902 GB/s,0 B/s,1.49 TB/s,1.56 TB/s,0 B/s
2026-04-24 18:21:00,863 GB/s,902 GB/s,0 B/s,1.50 TB/s,1.57 TB/s,0 B/s
2026-04-24 18:21:15,863 GB/s,902 GB/s,0 B/s,1.51 TB/s,1.58 TB/s,0 B/s
2026-04-24 18:21:30,863 GB/s,902 GB/s,0 B/s,1.52 TB/s,1.59 TB/s,0 B/s
2026-04-24 18:21:45,863 GB/s,902 GB/s,0 B/s,1.52 TB/s,1.59 TB/s,0 B/s
2026-04-24 18:22:00,863 GB/s,902 GB/s,0 B/s,1.53 TB/s,1.60 TB/s,0 B/s
2026-04-24 18:22:15,863 GB/s,902 GB/s,0 B/s,1.54 TB/s,1.61 TB/s,0 B/s
2026-04-24 18:22:30,863 GB/s,902 GB/s,0 B/s,1.55 TB/s,1.62 TB/s,0 B/s
2026-04-24 18:22:45,863 GB/s,902 GB/s,0 B/s,1.55 TB/s,1.63 TB/s,0 B/s
2026-04-24 18:23:00,863 GB/s,902 GB/s,0 B/s,1.56 TB/s,1.63 TB/s,0 B/s
2026-04-24 18:23:15,863 GB/s,902 GB/s,0 B/s,1.57 TB/s,1.64 TB/s,0 B/s
2026-04-24 18:23:30,863 GB/s,902 GB/s,0 B/s,1.58 TB/s,1.65 TB/s,0 B/s
2026-04-24 18:23:45,863 GB/s,902 GB/s,0 B/s,1.58 TB/s,1.66 TB/s,0 B/s
2026-04-24 18:24:00,863 GB/s,903 GB/s,0 B/s,1.59 TB/s,1.66 TB/s,0 B/s
2026-04-24 18:24:15,863 GB/s,903 GB/s,0 B/s,1.60 TB/s,1.67 TB/s,0 B/s
2026-04-24 18:24:30,863 GB/s,903 GB/s,0 B/s,1.61 TB/s,1.68 TB/s,0 B/s
2026-04-24 18:24:45,863 GB/s,903 GB/s,0 B/s,1.61 TB/s,1.69 TB/s,0 B/s
2026-04-24 18:25:00,863 GB/s,903 GB/s,0 B/s,1.62 TB/s,1.69 TB/s,0 B/s
2026-04-24 18:25:15,863 GB/s,903 GB/s,0 B/s,1.63 TB/s,1.70 TB/s,0 B/s
2026-04-24 18:25:30,863 GB/s,903 GB/s,0 B/s,1.64 TB/s,1.71 TB/s,0 B/s
2026-04-24 18:25:45,863 GB/s,903 GB/s,0 B/s,1.64 TB/s,1.72 TB/s,0 B/s
2026-04-24 18:26:00,863 GB/s,903 GB/s,0 B/s,1.65 TB/s,1.73 TB/s,0 B/s
2026-04-24 18:26:15,863 GB/s,903 GB/s,0 B/s,1.66 TB/s,1.73 TB/s,0 B/s
2026-04-24 18:26:30,863 GB/s,903 GB/s,0 B/s,1.66 TB/s,1.74 TB/s,0 B/s
2026-04-24 18:26:45,863 GB/s,903 GB/s,0 B/s,1.67 TB/s,1.75 TB/s,0 B/s
2026-04-24 18:27:00,863 GB/s,903 GB/s,0 B/s,1.68 TB/s,1.76 TB/s,0 B/s
2026-04-24 18:27:15,863 GB/s,903 GB/s,0 B/s,1.69 TB/s,1.76 TB/s,0 B/s
2026-04-24 18:27:30,863 GB/s,903 GB/s,0 B/s,1.69 TB/s,1.77 TB/s,0 B/s
2026-04-24 18:27:45,863 GB/s,903 GB/s,0 B/s,1.70 TB/s,1.78 TB/s,0 B/s
2026-04-24 18:28:00,863 GB/s,903 GB/s,0 B/s,1.71 TB/s,1.79 TB/s,0 B/s
2026-04-24 18:28:15,863 GB/s,903 GB/s,0 B/s,1.72 TB/s,1.80 TB/s,0 B/s
2026-04-24 18:28:30,863 GB/s,903 GB/s,0 B/s,1.72 TB/s,1.80 TB/s,0 B/s
2026-04-24 18:28:45,866 GB/s,905 GB/s,0 B/s,1.73 TB/s,1.81 TB/s,0 B/s
2026-04-24 18:29:00,868 GB/s,908 GB/s,0 B/s,1.73 TB/s,1.81 TB/s,0 B/s
2026-04-24 18:29:15,871 GB/s,911 GB/s,0 B/s,1.73 TB/s,1.81 TB/s,0 B/s
2026-04-24 18:29:30,873 GB/s,913 GB/s,0 B/s,1.73 TB/s,1.81 TB/s,0 B/s
2026-04-24 18:29:45,876 GB/s,916 GB/s,0 B/s,1.74 TB/s,1.82 TB/s,0 B/s
2026-04-24 18:30:00,878 GB/s,919 GB/s,0 B/s,1.74 TB/s,1.82 TB/s,0 B/s
2026-04-24 18:30:15,881 GB/s,921 GB/s,0 B/s,1.74 TB/s,1.82 TB/s,0 B/s
2026-04-24 18:30:30,883 GB/s,924 GB/s,0 B/s,1.75 TB/s,1.83 TB/s,0 B/s
2026-04-24 18:30:45,886 GB/s,927 GB/s,0 B/s,1.75 TB/s,1.83 TB/s,0 B/s
2026-04-24 18:31:00,889 GB/s,929 GB/s,0 B/s,1.75 TB/s,1.83 TB/s,0 B/s
2026-04-24 18:31:15,891 GB/s,932 GB/s,0 B/s,1.75 TB/s,1.83 TB/s,0 B/s
2026-04-24 18:31:30,894 GB/s,935 GB/s,0 B/s,1.76 TB/s,1.84 TB/s,0 B/s
2026-04-24 18:31:45,896 GB/s,937 GB/s,0 B/s,1.76 TB/s,1.84 TB/s,0 B/s
2026-04-24 18:32:00,899 GB/s,940 GB/s,0 B/s,1.76 TB/s,1.84 TB/s,0 B/s
2026-04-24 18:32:15,901 GB/s,943 GB/s,0 B/s,1.76 TB/s,1.84 TB/s,0 B/s
2026-04-24 18:32:30,904 GB/s,945 GB/s,0 B/s,1.77 TB/s,1.85 TB/s,0 B/s
2026-04-24 18:32:45,906 GB/s,948 GB/s,0 B/s,1.77 TB/s,1.85 TB/s,0 B/s
2026-04-24 18:33:00,909 GB/s,951 GB/s,0 B/s,1.77 TB/s,1.85 TB/s,0 B/s
2026-04-24 18:33:15,912 GB/s,953 GB/s,0 B/s,1.77 TB/s,1.85 TB/s,0 B/s
2026-04-24 18:33:30,914 GB/s,956 GB/s,0 B/s,1.78 TB/s,1.86 TB/s,0 B/s
2026-04-24 18:33:45,917 GB/s,959 GB/s,0 B/s,1.78 TB/s,1.86 TB/s,0 B/s
2026-04-24 18:34:00,919 GB/s,961 GB/s,0 B/s,1.78 TB/s,1.86 TB/s,0 B/s
2026-04-24 18:34:15,922 GB/s,964 GB/s,0 B/s,1.78 TB/s,1.87 TB/s,0 B/s
2026-04-24 18:34:30,924 GB/s,967 GB/s,0 B/s,1.79 TB/s,1.87 TB/s,0 B/s
2026-04-24 18:34:45,927 GB/s,969 GB/s,0 B/s,1.79 TB/s,1.87 TB/s,0 B/s
2026-04-24 18:35:00,930 GB/s,972 GB/s,0 B/s,1.79 TB/s,1.87 TB/s,0 B/s
2026-04-24 18:35:15,932 GB/s,975 GB/s,0 B/s,1.79 TB/s,1.88 TB/s,0 B/s
2026-04-24 18:35:30,935 GB/s,977 GB/s,0 B/s,1.80 TB/s,1.88 TB/s,0 B/s
2026-04-24 18:35:45,937 GB/s,980 GB/s,0 B/s,1.80 TB/s,1.88 TB/s,0 B/s
2026-04-24 18:36:00,940 GB/s,983 GB/s,0 B/s,1.80 TB/s,1.88 TB/s,0 B/s
2026-04-24 18:36:15,942 GB/s,985 GB/s,0 B/s,1.80 TB/s,1.89 TB/s,0 B/s
2026-04-24 18:36:30,945 GB/s,988 GB/s,0 B/s,1.81 TB/s,1.89 TB/s,0 B/s
2026-04-24 18:36:45,948 GB/s,991 GB/s,0 B/s,1.81 TB/s,1.89 TB/s,0 B/s
2026-04-24 18:37:00,950 GB/s,994 GB/s,0 B/s,1.81 TB/s,1.89 TB/s,0 B/s
2026-04-24 18:37:15,953 GB/s,996 GB/s,0 B/s,1.81 TB/s,1.90 TB/s,0 B/s
2026-04-24 18:37:30,955 GB/s,999 GB/s,0 B/s,1.82 TB/s,1.90 TB/s,0 B/s
2026-04-24 18:37:45,958 GB/s,1.00 TB/s,0 B/s,1.82 TB/s,1.90 TB/s,0 B/s
2026-04-24 18:38:00,960 GB/s,1.00 TB/s,0 B/s,1.82 TB/s,1.91 TB/s,0 B/s
2026-04-24 18:38:15,963 GB/s,1.01 TB/s,0 B/s,1.82 TB/s,1.91 TB/s,0 B/s
2026-04-24 18:38:30,966 GB/s,1.01 TB/s,0 B/s,1.83 TB/s,1.91 TB/s,0 B/s
2026-04-24 18:38:45,968 GB/s,1.01 TB/s,0 B/s,1.83 TB/s,1.91 TB/s,0 B/s
2026-04-24 18:39:00,971 GB/s,1.01 TB/s,0 B/s,1.83 TB/s,1.92 TB/s,0 B/s
2026-04-24 18:39:15,973 GB/s,1.02 TB/s,0 B/s,1.83 TB/s,1.92 TB/s,0 B/s
2026-04-24 18:39:30,976 GB/s,1.02 TB/s,0 B/s,1.84 TB/s,1.92 TB/s,0 B/s
2026-04-24 18:39:45,978 GB/s,1.02 TB/s,0 B/s,1.84 TB/s,1.92 TB/s,0 B/s
2026-04-24 18:40:00,981 GB/s,1.03 TB/s,0 B/s,1.84 TB/s,1.93 TB/s,0 B/s
2026-04-24 18:40:15,983 GB/s,1.03 TB/s,0 B/s,1.85 TB/s,1.93 TB/s,0 B/s
2026-04-24 18:40:30,986 GB/s,1.03 TB/s,0 B/s,1.85 TB/s,1.93 TB/s,0 B/s
2026-04-24 18:40:45,988 GB/s,1.03 TB/s,0 B/s,1.85 TB/s,1.94 TB/s,0 B/s
2026-04-24 18:41:00,991 GB/s,1.04 TB/s,0 B/s,1.85 TB/s,1.94 TB/s,0 B/s
2026-04-24 18:41:15,994 GB/s,1.04 TB/s,0 B/s,1.86 TB/s,1.94 TB/s,0 B/s
2026-04-24 18:41:30,996 GB/s,1.04 TB/s,0 B/s,1.86 TB/s,1.94 TB/s,0 B/s
2026-04-24 18:41:45,999 GB/s,1.04 TB/s,0 B/s,1.86 TB/s,1.95 TB/s,0 B/s
2026-04-24 18:42:00,1.00 TB/s,1.05 TB/s,0 B/s,1.86 TB/s,1.95 TB/s,0 B/s
2026-04-24 18:42:15,1.00 TB/s,1.05 TB/s,0 B/s,1.87 TB/s,1.95 TB/s,0 B/s
2026-04-24 18:42:30,1.01 TB/s,1.05 TB/s,0 B/s,1.87 TB/s,1.95 TB/s,0 B/s
2026-04-24 18:42:45,1.01 TB/s,1.06 TB/s,0 B/s,1.87 TB/s,1.96 TB/s,0 B/s
2026-04-24 18:43:00,1.01 TB/s,1.06 TB/s,0 B/s,1.87 TB/s,1.96 TB/s,0 B/s
2026-04-24 18:43:15,1.01 TB/s,1.06 TB/s,0 B/s,1.88 TB/s,1.96 TB/s,0 B/s
2026-04-24 18:43:30,1.02 TB/s,1.06 TB/s,0 B/s,1.88 TB/s,1.96 TB/s,0 B/s
2026-04-24 18:43:45,1.02 TB/s,1.07 TB/s,0 B/s,1.88 TB/s,1.97 TB/s,0 B/s
2026-04-24 18:44:00,1.02 TB/s,1.07 TB/s,0 B/s,1.88 TB/s,1.97 TB/s,0 B/s
2026-04-24 18:44:15,1.02 TB/s,1.07 TB/s,0 B/s,1.89 TB/s,1.97 TB/s,0 B/s
2026-04-24 18:44:30,1.03 TB/s,1.07 TB/s,0 B/s,1.89 TB/s,1.98 TB/s,0 B/s
2026-04-24 18:44:45,1.03 TB/s,1.08 TB/s,0 B/s,1.89 TB/s,1.98 TB/s,0 B/s
2026-04-24 18:45:00,1.03 TB/s,1.08 TB/s,0 B/s,1.89 TB/s,1.98 TB/s,0 B/s
2026-04-24 18:45:15,1.03 TB/s,1.08 TB/s,0 B/s,1.90 TB/s,1.98 TB/s,0 B/s
2026-04-24 18:45:30,1.04 TB/s,1.08 TB/s,0 B/s,1.90 TB/s,1.99 TB/s,0 B/s
2026-04-24 18:45:45,1.04 TB/s,1.09 TB/s,0 B/s,1.90 TB/s,1.99 TB/s,0 B/s
2026-04-24 18:46:00,1.04 TB/s,1.09 TB/s,0 B/s,1.90 TB/s,1.99 TB/s,0 B/s
2026-04-24 18:46:15,1.04 TB/s,1.09 TB/s,0 B/s,1.91 TB/s,1.99 TB/s,0 B/s
2026-04-24 18:46:30,1.05 TB/s,1.10 TB/s,0 B/s,1.91 TB/s,2.00 TB/s,0 B/s
2026-04-24 18:46:45,1.05 TB/s,1.10 TB/s,0 B/s,1.91 TB/s,2.00 TB/s,0 B/s
2026-04-24 18:47:00,1.05 TB/s,1.10 TB/s,0 B/s,1.91 TB/s,2.00 TB/s,0 B/s
2026-04-24 18:47:15,1.06 TB/s,1.10 TB/s,0 B/s,1.92 TB/s,2.00 TB/s,0 B/s
2026-04-24 18:47:30,1.06 TB/s,1.11 TB/s,0 B/s,1.92 TB/s,2.01 TB/s,0 B/s
2026-04-24 18:47:45,1.06 TB/s,1.11 TB/s,0 B/s,1.92 TB/s,2.01 TB/s,0 B/s
2026-04-24 18:48:00,1.06 TB/s,1.11 TB/s,0 B/s,1.92 TB/s,2.01 TB/s,0 B/s
2026-04-24 18:48:15,1.07 TB/s,1.11 TB/s,0 B/s,1.93 TB/s,2.02 TB/s,0 B/s
2026-04-24 18:48:30,1.07 TB/s,1.12 TB/s,0 B/s,1.93 TB/s,2.02 TB/s,0 B/s
2026-04-24 18:48:45,1.07 TB/s,1.12 TB/s,0 B/s,1.93 TB/s,2.02 TB/s,0 B/s
2026-04-24 18:49:00,1.07 TB/s,1.12 TB/s,0 B/s,1.93 TB/s,2.02 TB/s,0 B/s
2026-04-24 18:49:15,1.08 TB/s,1.12 TB/s,0 B/s,1.94 TB/s,2.03 TB/s,0 B/s
2026-04-24 18:49:30,1.08 TB/s,1.13 TB/s,0 B/s,1.94 TB/s,2.03 TB/s,0 B/s
2026-04-24 18:49:45,1.08 TB/s,1.13 TB/s,0 B/s,1.94 TB/s,2.03 TB/s,0 B/s
2026-04-24 18:50:00,1.08 TB/s,1.13 TB/s,0 B/s,1.95 TB/s,2.03 TB/s,0 B/s
2026-04-24 18:50:15,1.09 TB/s,1.14 TB/s,0 B/s,1.95 TB/s,2.04 TB/s,0 B/s
2026-04-24 18:50:30,1.09 TB/s,1.14 TB/s,0 B/s,1.95 TB/s,2.04 TB/s,0 B/s
2026-04-24 18:50:45,1.09 TB/s,1.14 TB/s,0 B/s,1.95 TB/s,2.04 TB/s,0 B/s
2026-04-24 18:51:00,1.09 TB/s,1.14 TB/s,0 B/s,1.96 TB/s,2.05 TB/s,0 B/s
2026-04-24 18:51:15,1.10 TB/s,1.15 TB/s,0 B/s,1.96 TB/s,2.05 TB/s,0 B/s
2026-04-24 18:51:30,1.10 TB/s,1.15 TB/s,0 B/s,1.96 TB/s,2.05 TB/s,0 B/s
2026-04-24 18:51:45,1.10 TB/s,1.15 TB/s,0 B/s,1.96 TB/s,2.05 TB/s,0 B/s
2026-04-24 18:52:00,1.10 TB/s,1.15 TB/s,0 B/s,1.97 TB/s,2.06 TB/s,0 B/s
2026-04-24 18:52:15,1.11 TB/s,1.16 TB/s,0 B/s,1.97 TB/s,2.06 TB/s,0 B/s
2026-04-24 18:52:30,1.11 TB/s,1.16 TB/s,0 B/s,1.97 TB/s,2.06 TB/s,0 B/s
2026-04-24 18:52:45,1.11 TB/s,1.16 TB/s,0 B/s,1.97 TB/s,2.06 TB/s,0 B/s
2026-04-24 18:53:00,1.11 TB/s,1.16 TB/s,0 B/s,1.98 TB/s,2.07 TB/s,0 B/s
2026-04-24 18:53:15,1.12 TB/s,1.17 TB/s,0 B/s,1.98 TB/s,2.07 TB/s,0 B/s
2026-04-24 18:53:30,1.12 TB/s,1.17 TB/s,0 B/s,1.98 TB/s,2.07 TB/s,0 B/s
2026-04-24 18:53:45,1.12 TB/s,1.17 TB/s,0 B/s,1.98 TB/s,2.07 TB/s,0 B/s
2026-04-24 18:54:00,1.12 TB/s,1.18 TB/s,0 B/s,1.99 TB/s,2.08 TB/s,0 B/s
2026-04-24 18:54:15,1.13 TB/s,1.18 TB/s,0 B/s,1.99 TB/s,2.08 TB/s,0 B/s
2026-04-24 18:54:30,1.13 TB/s,1.18 TB/s,0 B/s,1.99 TB/s,2.08 TB/s,0 B/s
2026-04-24 18:54:45,1.13 TB/s,1.18 TB/s,0 B/s,1.99 TB/s,2.09 TB/s,0 B/s
2026-04-24 18:55:00,1.13 TB/s,1.19 TB/s,0 B/s,2.00 TB/s,2.09 TB/s,0 B/s
2026-04-24 18:55:15,1.14 TB/s,1.19 TB/s,0 B/s,2.00 TB/s,2.09 TB/s,0 B/s
2026-04-24 18:55:30,1.14 TB/s,1.19 TB/s,0 B/s,2.00 TB/s,2.09 TB/s,0 B/s
2026-04-24 18:55:45,1.14 TB/s,1.19 TB/s,0 B/s,2.00 TB/s,2.10 TB/s,0 B/s
2026-04-24 18:56:00,1.14 TB/s,1.20 TB/s,0 B/s,2.01 TB/s,2.10 TB/s,0 B/s
2026-04-24 18:56:15,1.15 TB/s,1.20 TB/s,0 B/s,2.01 TB/s,2.10 TB/s,0 B/s
2026-04-24 18:56:30,1.15 TB/s,1.20 TB/s,0 B/s,2.01 TB/s,2.10 TB/s,0 B/s
2026-04-24 18:56:45,1.15 TB/s,1.21 TB/s,0 B/s,2.01 TB/s,2.11 TB/s,0 B/s