"Time","sum  (
  ml_net_interface_bytes_total{direction=""tx"", instance=~""(172\\.212\\.226\\.225|20\\.29\\.43\\.19).*""} 
  - 
  (ml_net_interface_bytes_total{direction=""tx"", instance=~""(172\\.212\\.226\\.225|20\\.29\\.43\\.19).*""} @ start())
)"
2026-04-28 02:59:40,0 B
2026-04-28 03:00:00,67.3 kB
2026-04-28 03:00:20,201 kB
2026-04-28 03:00:40,274 kB
2026-04-28 03:01:00,359 kB
2026-04-28 03:01:20,524 kB
2026-04-28 03:01:40,575 kB
2026-04-28 03:02:00,658 kB
2026-04-28 03:02:20,797 kB
2026-04-28 03:02:40,848 kB
2026-04-28 03:03:00,926 kB
2026-04-28 03:03:20,1.07 MB
2026-04-28 03:03:40,1.13 MB
2026-04-28 03:04:00,1.21 MB
2026-04-28 03:04:20,1.37 MB
2026-04-28 03:04:40,1.43 MB
2026-04-28 03:05:00,1.52 MB
2026-04-28 03:05:20,1.68 MB
2026-04-28 03:05:40,1.77 MB
2026-04-28 03:06:00,1.85 MB
2026-04-28 03:06:20,2.00 MB
2026-04-28 03:06:40,2.06 MB
2026-04-28 03:07:00,2.15 MB
2026-04-28 03:07:20,2.52 MB
2026-04-28 03:07:40,2.58 MB
2026-04-28 03:08:00,2.65 MB
2026-04-28 03:08:20,2.79 MB
2026-04-28 03:08:40,2.86 MB
2026-04-28 03:09:00,2.93 MB
2026-04-28 03:09:20,3.07 MB
2026-04-28 03:09:40,3.31 MB
2026-04-28 03:10:00,3.60 MB
2026-04-28 03:10:20,3.78 MB
2026-04-28 03:10:40,4.04 MB
2026-04-28 03:11:00,4.11 MB
2026-04-28 03:11:20,4.43 MB
2026-04-28 03:11:40,4.61 MB
2026-04-28 03:12:00,4.68 MB
2026-04-28 03:12:20,5.00 MB
2026-04-28 03:12:40,5.18 MB
2026-04-28 03:13:00,5.46 MB
2026-04-28 03:13:20,5.64 MB
2026-04-28 03:13:40,5.76 MB
2026-04-28 03:14:00,6.06 MB
2026-04-28 03:14:20,6.64 MB
2026-04-28 03:14:40,6.70 MB
2026-04-28 03:15:00,6.77 MB
2026-04-28 03:15:20,6.91 MB
2026-04-28 03:15:40,6.99 MB
2026-04-28 03:16:00,7.06 MB
2026-04-28 03:16:20,7.29 MB
2026-04-28 03:16:40,7.59 MB
2026-04-28 03:17:00,7.67 MB
2026-04-28 03:17:20,8.11 MB
2026-04-28 03:17:40,8.18 MB
2026-04-28 03:18:00,8.23 MB
2026-04-28 03:18:20,8.61 MB
2026-04-28 03:18:40,8.92 MB
2026-04-28 03:19:00,9.03 MB
2026-04-28 03:19:20,9.20 MB
2026-04-28 03:19:40,9.29 MB
2026-04-28 03:20:00,9.48 MB
2026-04-28 03:20:20,10.1 MB
2026-04-28 03:20:40,10.2 MB
2026-04-28 03:21:00,10.3 MB
2026-04-28 03:21:20,10.5 MB
2026-04-28 03:21:40,10.6 MB
2026-04-28 03:22:00,10.7 MB
2026-04-28 03:22:20,10.9 MB
2026-04-28 03:22:40,10.9 MB
2026-04-28 03:23:00,11.2 MB
2026-04-28 03:23:20,11.7 MB
2026-04-28 03:23:40,11.7 MB
2026-04-28 03:24:00,11.8 MB
2026-04-28 03:24:20,11.9 MB
2026-04-28 03:24:40,12.0 MB
2026-04-28 03:25:00,12.1 MB
2026-04-28 03:25:20,12.2 MB
2026-04-28 03:25:40,12.3 MB
2026-04-28 03:26:00,12.4 MB
2026-04-28 03:26:20,12.6 MB
2026-04-28 03:26:40,12.6 MB
2026-04-28 03:27:00,12.8 MB
2026-04-28 03:27:20,13.4 MB
2026-04-28 03:27:40,13.6 MB
2026-04-28 03:28:00,13.8 MB
2026-04-28 03:28:20,13.9 MB
2026-04-28 03:28:40,14.1 MB
2026-04-28 03:29:00,14.4 MB
2026-04-28 03:29:20,15.0 MB
2026-04-28 03:29:40,15.3 MB
2026-04-28 03:30:00,15.4 MB
2026-04-28 03:30:20,15.5 MB
2026-04-28 03:30:40,15.6 MB
2026-04-28 03:31:00,15.6 MB
2026-04-28 03:31:20,15.9 MB
2026-04-28 03:31:40,15.9 MB
2026-04-28 03:32:00,22.3 MB
2026-04-28 03:32:20,22.6 MB
2026-04-28 03:32:40,22.9 MB
2026-04-28 03:33:00,29.6 MB
2026-04-28 03:33:20,30.2 MB
2026-04-28 03:33:40,30.4 MB
2026-04-28 03:34:00,30.6 MB
2026-04-28 03:34:20,30.7 MB
2026-04-28 03:34:40,30.9 MB
2026-04-28 03:35:00,31.2 MB
2026-04-28 03:35:20,31.4 MB
2026-04-28 03:35:40,31.6 MB
2026-04-28 03:36:00,31.9 MB
2026-04-28 03:36:20,32.2 MB
2026-04-28 03:36:40,32.4 MB
2026-04-28 03:37:00,32.6 MB
2026-04-28 03:37:20,32.9 MB
2026-04-28 03:37:40,32.9 MB
2026-04-28 03:38:00,33.0 MB
2026-04-28 03:38:20,33.3 MB
2026-04-28 03:38:40,33.6 MB
2026-04-28 03:39:00,33.6 MB
2026-04-28 03:39:20,33.8 MB
2026-04-28 03:39:40,33.9 MB
2026-04-28 03:40:00,34.0 MB
2026-04-28 03:40:20,34.2 MB
2026-04-28 03:40:40,34.3 MB
2026-04-28 03:41:00,34.3 MB
2026-04-28 03:41:20,34.5 MB
2026-04-28 03:41:40,34.5 MB
2026-04-28 03:42:00,34.6 MB
2026-04-28 03:42:20,34.8 MB
2026-04-28 03:42:40,34.9 MB
2026-04-28 03:43:00,34.9 MB
2026-04-28 03:43:20,35.1 MB
2026-04-28 03:43:40,35.2 MB
2026-04-28 03:44:00,35.2 MB
2026-04-28 03:44:20,35.7 MB
2026-04-28 03:44:40,35.8 MB
2026-04-28 03:45:00,35.9 MB
2026-04-28 03:45:20,36.0 MB
2026-04-28 03:45:40,36.2 MB
2026-04-28 03:46:00,36.5 MB
2026-04-28 03:46:20,36.6 MB
2026-04-28 03:46:40,36.8 MB
2026-04-28 03:47:00,37.0 MB
2026-04-28 03:47:20,37.5 MB
2026-04-28 03:47:40,37.7 MB
2026-04-28 03:48:00,37.9 MB
2026-04-28 03:48:20,38.3 MB
2026-04-28 03:48:40,38.5 MB
2026-04-28 03:49:00,38.8 MB
2026-04-28 03:49:20,39.4 MB
2026-04-28 03:49:40,39.4 MB
2026-04-28 03:50:00,39.5 MB
2026-04-28 03:50:20,39.6 MB
2026-04-28 03:50:40,39.7 MB
2026-04-28 03:51:00,39.8 MB
2026-04-28 03:51:20,40.3 MB
2026-04-28 03:51:40,40.4 MB
2026-04-28 03:52:00,40.5 MB
2026-04-28 03:52:20,40.9 MB
2026-04-28 03:52:40,41.1 MB
2026-04-28 03:53:00,41.4 MB
2026-04-28 03:53:20,41.9 MB
2026-04-28 03:53:40,42.0 MB
2026-04-28 03:54:00,42.1 MB
2026-04-28 03:54:20,42.3 MB
2026-04-28 03:54:40,42.3 MB
2026-04-28 03:55:00,42.4 MB
2026-04-28 03:55:20,42.6 MB
2026-04-28 03:55:40,42.6 MB
2026-04-28 03:56:00,42.7 MB
2026-04-28 03:56:20,43.2 MB
2026-04-28 03:56:40,43.3 MB
2026-04-28 03:57:00,43.4 MB
2026-04-28 03:57:20,43.5 MB
2026-04-28 03:57:40,43.6 MB
2026-04-28 03:58:00,43.8 MB
2026-04-28 03:58:20,44.1 MB
2026-04-28 03:58:40,44.1 MB
2026-04-28 03:59:00,44.2 MB
2026-04-28 03:59:20,44.3 MB
2026-04-28 03:59:40,44.4 MB
2026-04-28 04:00:00,44.5 MB
2026-04-28 04:00:20,44.8 MB
2026-04-28 04:00:40,44.9 MB
2026-04-28 04:01:00,44.9 MB
2026-04-28 04:01:20,45.1 MB
2026-04-28 04:01:40,45.1 MB
2026-04-28 04:02:00,45.2 MB
2026-04-28 04:02:20,45.3 MB
2026-04-28 04:02:40,45.6 MB
2026-04-28 04:03:00,45.8 MB
2026-04-28 04:03:20,46.0 MB
2026-04-28 04:03:40,46.1 MB
2026-04-28 04:04:00,46.3 MB
2026-04-28 04:04:20,46.4 MB
2026-04-28 04:04:40,46.5 MB
2026-04-28 04:05:00,46.6 MB
2026-04-28 04:05:20,46.7 MB
2026-04-28 04:05:40,46.8 MB
2026-04-28 04:06:00,47.0 MB
2026-04-28 04:06:20,47.2 MB
2026-04-28 04:06:40,47.2 MB
2026-04-28 04:07:00,47.3 MB
2026-04-28 04:07:20,47.4 MB
2026-04-28 04:07:40,47.5 MB
2026-04-28 04:08:00,47.6 MB
2026-04-28 04:08:20,48.0 MB
2026-04-28 04:08:40,48.3 MB
2026-04-28 04:09:00,48.4 MB
2026-04-28 04:09:20,48.9 MB
2026-04-28 04:09:40,49.0 MB
2026-04-28 04:10:00,49.1 MB
2026-04-28 04:10:20,49.3 MB
2026-04-28 04:10:40,49.6 MB
2026-04-28 04:11:00,49.9 MB
2026-04-28 04:11:20,50.0 MB
2026-04-28 04:11:40,50.1 MB
2026-04-28 04:12:00,50.1 MB
2026-04-28 04:12:20,50.5 MB
2026-04-28 04:12:40,50.8 MB
2026-04-28 04:13:00,51.1 MB
2026-04-28 04:13:20,51.5 MB
2026-04-28 04:13:40,51.6 MB
2026-04-28 04:14:00,51.8 MB
2026-04-28 04:14:20,52.1 MB
2026-04-28 04:14:40,52.3 MB
2026-04-28 04:15:00,52.3 MB
2026-04-28 04:15:20,52.8 MB
2026-04-28 04:15:40,52.9 MB
2026-04-28 04:16:00,53.0 MB
2026-04-28 04:16:20,53.3 MB
2026-04-28 04:16:40,53.6 MB
2026-04-28 04:17:00,53.8 MB
2026-04-28 04:17:20,54.4 MB
2026-04-28 04:17:40,54.5 MB
2026-04-28 04:18:00,54.7 MB
2026-04-28 04:18:20,55.0 MB
2026-04-28 04:18:40,55.1 MB
2026-04-28 04:19:00,55.2 MB
2026-04-28 04:19:20,55.4 MB
2026-04-28 04:19:40,55.4 MB
2026-04-28 04:20:00,55.5 MB
2026-04-28 04:20:20,55.6 MB
2026-04-28 04:20:40,55.7 MB
2026-04-28 04:21:00,55.8 MB
2026-04-28 04:21:20,55.9 MB
2026-04-28 04:21:40,56.0 MB
2026-04-28 04:22:00,56.0 MB
2026-04-28 04:22:20,56.4 MB
2026-04-28 04:22:40,56.5 MB
2026-04-28 04:23:00,56.5 MB
2026-04-28 04:23:20,56.6 MB
2026-04-28 04:23:40,56.7 MB
2026-04-28 04:24:00,56.9 MB
2026-04-28 04:24:20,57.5 MB
2026-04-28 04:24:40,57.8 MB
2026-04-28 04:25:00,58.0 MB
2026-04-28 04:25:20,58.4 MB
2026-04-28 04:25:40,58.7 MB
2026-04-28 04:26:00,59.0 MB
2026-04-28 04:26:20,59.6 MB
2026-04-28 04:26:40,59.7 MB
2026-04-28 04:27:00,59.8 MB
2026-04-28 04:27:20,60.1 MB
2026-04-28 04:27:40,60.2 MB
2026-04-28 04:28:00,60.2 MB
2026-04-28 04:28:20,60.6 MB
2026-04-28 04:28:40,60.8 MB
2026-04-28 04:29:00,60.8 MB
2026-04-28 04:29:20,61.2 MB
2026-04-28 04:29:40,61.3 MB
2026-04-28 04:30:00,61.4 MB
2026-04-28 04:30:20,61.5 MB
2026-04-28 04:30:40,61.6 MB
2026-04-28 04:31:00,61.7 MB
2026-04-28 04:31:20,62.0 MB
2026-04-28 04:31:40,62.3 MB
2026-04-28 04:32:00,62.5 MB
2026-04-28 04:32:20,69.1 MB
2026-04-28 04:32:40,69.3 MB
2026-04-28 04:33:00,69.5 MB
2026-04-28 04:33:20,76.0 MB
2026-04-28 04:33:40,76.1 MB
2026-04-28 04:34:00,76.2 MB
2026-04-28 04:34:20,76.3 MB
2026-04-28 04:34:40,76.4 MB
2026-04-28 04:35:00,76.5 MB
2026-04-28 04:35:20,76.8 MB
2026-04-28 04:35:40,76.9 MB
2026-04-28 04:36:00,76.9 MB
2026-04-28 04:36:20,77.1 MB
2026-04-28 04:36:40,77.1 MB
2026-04-28 04:37:00,77.2 MB
2026-04-28 04:37:20,77.3 MB
2026-04-28 04:37:40,77.4 MB
2026-04-28 04:38:00,77.5 MB
2026-04-28 04:38:20,77.9 MB
2026-04-28 04:38:40,78.1 MB
2026-04-28 04:39:00,78.3 MB
2026-04-28 04:39:20,78.4 MB
2026-04-28 04:39:40,78.5 MB
2026-04-28 04:40:00,78.6 MB
2026-04-28 04:40:20,78.7 MB
2026-04-28 04:40:40,78.8 MB
2026-04-28 04:41:00,79.1 MB
2026-04-28 04:41:20,79.4 MB
2026-04-28 04:41:40,79.4 MB
2026-04-28 04:42:00,79.7 MB
2026-04-28 04:42:20,80.3 MB
2026-04-28 04:42:40,80.5 MB
2026-04-28 04:43:00,80.7 MB
2026-04-28 04:43:20,81.0 MB
2026-04-28 04:43:40,81.1 MB
2026-04-28 04:44:00,81.1 MB
2026-04-28 04:44:20,81.3 MB
2026-04-28 04:44:40,81.4 MB
2026-04-28 04:45:00,81.4 MB
2026-04-28 04:45:20,81.6 MB
2026-04-28 04:45:40,81.6 MB
2026-04-28 04:46:00,81.9 MB
2026-04-28 04:46:20,82.2 MB
2026-04-28 04:46:40,82.3 MB
2026-04-28 04:47:00,82.3 MB
2026-04-28 04:47:20,82.5 MB
2026-04-28 04:47:40,82.6 MB
2026-04-28 04:48:00,82.9 MB
2026-04-28 04:48:20,83.5 MB
2026-04-28 04:48:40,83.8 MB
2026-04-28 04:49:00,83.8 MB
2026-04-28 04:49:20,84.0 MB
2026-04-28 04:49:40,84.3 MB
2026-04-28 04:50:00,84.5 MB
2026-04-28 04:50:20,84.7 MB
2026-04-28 04:50:40,84.9 MB
2026-04-28 04:51:00,85.1 MB
2026-04-28 04:51:20,85.2 MB
2026-04-28 04:51:40,85.3 MB
2026-04-28 04:52:00,85.4 MB
2026-04-28 04:52:20,85.5 MB
2026-04-28 04:52:40,85.6 MB
2026-04-28 04:53:00,85.6 MB
2026-04-28 04:53:20,85.8 MB
2026-04-28 04:53:40,86.0 MB
2026-04-28 04:54:00,86.2 MB
2026-04-28 04:54:20,86.5 MB
2026-04-28 04:54:40,86.5 MB
2026-04-28 04:55:00,86.6 MB
2026-04-28 04:55:20,86.8 MB
2026-04-28 04:55:40,86.9 MB
2026-04-28 04:56:00,86.9 MB
2026-04-28 04:56:20,87.4 MB
2026-04-28 04:56:40,87.5 MB
2026-04-28 04:57:00,87.8 MB
2026-04-28 04:57:20,88.2 MB
2026-04-28 04:57:40,88.3 MB
2026-04-28 04:58:00,88.4 MB
2026-04-28 04:58:20,88.5 MB
2026-04-28 04:58:40,88.6 MB
2026-04-28 04:59:00,88.6 MB
2026-04-28 04:59:20,88.8 MB
2026-04-28 04:59:40,88.8 MB
2026-04-28 05:00:00,88.9 MB
2026-04-28 05:00:20,89.1 MB
2026-04-28 05:00:40,89.2 MB
2026-04-28 05:01:00,89.5 MB
2026-04-28 05:01:20,89.9 MB
2026-04-28 05:01:40,90.0 MB
2026-04-28 05:02:00,90.1 MB
2026-04-28 05:02:20,90.7 MB
2026-04-28 05:02:40,90.9 MB
2026-04-28 05:03:00,91.2 MB
2026-04-28 05:03:20,91.8 MB
2026-04-28 05:03:40,92.1 MB
2026-04-28 05:04:00,92.4 MB
2026-04-28 05:04:20,92.7 MB
2026-04-28 05:04:40,92.8 MB
2026-04-28 05:05:00,92.9 MB
2026-04-28 05:05:20,93.3 MB
2026-04-28 05:05:40,93.4 MB
2026-04-28 05:06:00,93.5 MB
2026-04-28 05:06:20,93.6 MB
2026-04-28 05:06:40,93.7 MB
2026-04-28 05:07:00,93.8 MB
2026-04-28 05:07:20,94.2 MB
2026-04-28 05:07:40,94.4 MB
2026-04-28 05:08:00,94.5 MB
2026-04-28 05:08:20,95.1 MB
2026-04-28 05:08:40,95.4 MB
2026-04-28 05:09:00,95.6 MB
2026-04-28 05:09:20,95.7 MB
2026-04-28 05:09:40,95.8 MB
2026-04-28 05:10:00,95.9 MB
2026-04-28 05:10:20,96.0 MB
2026-04-28 05:10:40,96.1 MB
2026-04-28 05:11:00,96.2 MB
2026-04-28 05:11:20,96.6 MB
2026-04-28 05:11:40,96.8 MB
2026-04-28 05:12:00,97.0 MB
2026-04-28 05:12:20,97.4 MB
2026-04-28 05:12:40,97.5 MB
2026-04-28 05:13:00,97.5 MB
2026-04-28 05:13:20,97.8 MB
2026-04-28 05:13:40,98.1 MB
2026-04-28 05:14:00,98.4 MB
2026-04-28 05:14:20,98.6 MB
2026-04-28 05:14:40,98.7 MB
2026-04-28 05:15:00,98.8 MB
2026-04-28 05:15:20,98.9 MB
2026-04-28 05:15:40,99.0 MB
2026-04-28 05:16:00,99.2 MB
2026-04-28 05:16:20,99.3 MB
2026-04-28 05:16:40,99.4 MB
2026-04-28 05:17:00,99.5 MB
2026-04-28 05:17:20,99.6 MB
2026-04-28 05:17:40,99.7 MB
2026-04-28 05:18:00,99.8 MB
2026-04-28 05:18:20,99.9 MB
2026-04-28 05:18:40,100.0 MB
2026-04-28 05:19:00,100 MB
2026-04-28 05:19:20,100 MB
2026-04-28 05:19:40,100 MB
2026-04-28 05:20:00,100 MB
2026-04-28 05:20:20,101 MB
2026-04-28 05:20:40,101 MB
2026-04-28 05:21:00,101 MB
2026-04-28 05:21:20,102 MB
2026-04-28 05:21:40,102 MB
2026-04-28 05:22:00,102 MB
2026-04-28 05:22:20,102 MB
2026-04-28 05:22:40,102 MB
2026-04-28 05:23:00,103 MB
2026-04-28 05:23:20,103 MB
2026-04-28 05:23:40,103 MB
2026-04-28 05:24:00,103 MB
2026-04-28 05:24:20,103 MB
2026-04-28 05:24:40,103 MB
2026-04-28 05:25:00,103 MB
2026-04-28 05:25:20,103 MB
2026-04-28 05:25:40,104 MB
2026-04-28 05:26:00,104 MB
2026-04-28 05:26:20,104 MB
2026-04-28 05:26:40,104 MB
2026-04-28 05:27:00,104 MB
2026-04-28 05:27:20,104 MB
2026-04-28 05:27:40,105 MB
2026-04-28 05:28:00,105 MB
2026-04-28 05:28:20,105 MB
2026-04-28 05:28:40,105 MB
2026-04-28 05:29:00,105 MB
2026-04-28 05:29:20,105 MB
2026-04-28 05:29:40,105 MB
2026-04-28 05:30:00,105 MB
2026-04-28 05:30:20,106 MB
2026-04-28 05:30:40,106 MB
2026-04-28 05:31:00,106 MB
2026-04-28 05:31:20,106 MB
2026-04-28 05:31:40,106 MB
2026-04-28 05:32:00,107 MB
2026-04-28 05:32:20,113 MB
2026-04-28 05:32:40,113 MB
2026-04-28 05:33:00,114 MB
2026-04-28 05:33:20,120 MB
2026-04-28 05:33:40,120 MB
2026-04-28 05:34:00,120 MB
2026-04-28 05:34:20,121 MB
2026-04-28 05:34:40,121 MB
2026-04-28 05:35:00,121 MB
2026-04-28 05:35:20,121 MB
2026-04-28 05:35:40,121 MB
2026-04-28 05:36:00,122 MB
2026-04-28 05:36:20,122 MB
2026-04-28 05:36:40,122 MB
2026-04-28 05:37:00,122 MB
2026-04-28 05:37:20,122 MB
2026-04-28 05:37:40,123 MB
2026-04-28 05:38:00,123 MB
2026-04-28 05:38:20,123 MB
2026-04-28 05:38:40,123 MB
2026-04-28 05:39:00,123 MB
2026-04-28 05:39:20,124 MB
2026-04-28 05:39:40,124 MB
2026-04-28 05:40:00,124 MB
2026-04-28 05:40:20,124 MB
2026-04-28 05:40:40,124 MB
2026-04-28 05:41:00,125 MB
2026-04-28 05:41:20,125 MB
2026-04-28 05:41:40,125 MB
2026-04-28 05:42:00,125 MB
2026-04-28 05:42:20,125 MB
2026-04-28 05:42:40,125 MB
2026-04-28 05:43:00,125 MB
2026-04-28 05:43:20,125 MB
2026-04-28 05:43:40,126 MB
2026-04-28 05:44:00,126 MB
2026-04-28 05:44:20,126 MB
2026-04-28 05:44:40,126 MB
2026-04-28 05:45:00,126 MB
2026-04-28 05:45:20,127 MB
2026-04-28 05:45:40,127 MB
2026-04-28 05:46:00,127 MB
2026-04-28 05:46:20,127 MB
2026-04-28 05:46:40,127 MB
2026-04-28 05:47:00,127 MB
2026-04-28 05:47:20,128 MB
2026-04-28 05:47:40,128 MB
2026-04-28 05:48:00,128 MB
2026-04-28 05:48:20,129 MB
2026-04-28 05:48:40,129 MB
2026-04-28 05:49:00,129 MB
2026-04-28 05:49:20,129 MB
2026-04-28 05:49:40,129 MB
2026-04-28 05:50:00,129 MB
2026-04-28 05:50:20,129 MB
2026-04-28 05:50:40,129 MB
2026-04-28 05:51:00,130 MB
2026-04-28 05:51:20,130 MB
2026-04-28 05:51:40,131 MB
2026-04-28 05:52:00,131 MB
2026-04-28 05:52:20,131 MB
2026-04-28 05:52:40,131 MB
2026-04-28 05:53:00,131 MB
2026-04-28 05:53:20,132 MB
2026-04-28 05:53:40,132 MB
2026-04-28 05:54:00,132 MB
2026-04-28 05:54:20,132 MB
2026-04-28 05:54:40,132 MB
2026-04-28 05:55:00,132 MB
2026-04-28 05:55:20,133 MB
2026-04-28 05:55:40,133 MB
2026-04-28 05:56:00,133 MB
2026-04-28 05:56:20,134 MB
2026-04-28 05:56:40,134 MB
2026-04-28 05:57:00,134 MB
2026-04-28 05:57:20,134 MB
2026-04-28 05:57:40,134 MB
2026-04-28 05:58:00,134 MB
2026-04-28 05:58:20,135 MB
2026-04-28 05:58:40,135 MB
2026-04-28 05:59:00,135 MB
2026-04-28 05:59:20,135 MB
2026-04-28 05:59:40,135 MB
2026-04-28 06:00:00,135 MB
2026-04-28 06:00:20,136 MB
2026-04-28 06:00:40,136 MB
2026-04-28 06:01:00,137 MB
2026-04-28 06:01:20,137 MB
2026-04-28 06:01:40,137 MB
2026-04-28 06:02:00,137 MB
2026-04-28 06:02:20,137 MB
2026-04-28 06:02:40,137 MB
2026-04-28 06:03:00,137 MB
2026-04-28 06:03:20,137 MB
2026-04-28 06:03:40,138 MB
2026-04-28 06:04:00,138 MB
2026-04-28 06:04:20,138 MB
2026-04-28 06:04:40,138 MB
2026-04-28 06:05:00,138 MB
2026-04-28 06:05:20,138 MB
2026-04-28 06:05:40,138 MB
2026-04-28 06:06:00,138 MB
2026-04-28 06:06:20,139 MB
2026-04-28 06:06:40,139 MB
2026-04-28 06:07:00,139 MB
2026-04-28 06:07:20,139 MB
2026-04-28 06:07:40,139 MB