"Time","20.118.208.91:9100 ethernet","20.118.208.91:9100 infiniband","20.118.208.91:9100 unknown"
2026-06-03 02:36:00,0 B,0 B,0 B
2026-06-03 02:36:15,49.2 KiB,49.4 KiB,0 B
2026-06-03 02:36:30,71.5 KiB,72.0 KiB,0 B
2026-06-03 02:36:45,84.3 KiB,85 KiB,0 B
2026-06-03 02:37:00,102 KiB,103 KiB,0 B
2026-06-03 02:37:15,117 KiB,118 KiB,0 B
2026-06-03 02:37:30,137 KiB,138 KiB,0 B
2026-06-03 02:37:45,149 KiB,151 KiB,0 B
2026-06-03 02:38:00,169 KiB,170 KiB,0 B
2026-06-03 02:38:15,183 KiB,185 KiB,0 B
2026-06-03 02:38:30,200 KiB,203 KiB,0 B
2026-06-03 02:38:45,224 KiB,226 KiB,0 B
2026-06-03 02:39:00,801 KiB,804 KiB,0 B
2026-06-03 02:39:15,43.9 MiB,43.9 MiB,0 B
2026-06-03 02:39:30,44.9 MiB,44.9 MiB,0 B
2026-06-03 02:39:45,45.0 MiB,45.0 MiB,0 B
2026-06-03 02:40:00,45.0 MiB,45.0 MiB,0 B
2026-06-03 02:40:15,45.0 MiB,45.0 MiB,0 B
2026-06-03 02:40:30,45.2 MiB,45.2 MiB,0 B
2026-06-03 02:40:45,45.5 MiB,45.5 MiB,0 B
2026-06-03 02:41:00,45.8 MiB,45.8 MiB,0 B
2026-06-03 02:41:15,46.0 MiB,46.0 MiB,0 B
2026-06-03 02:41:30,46.3 MiB,46.3 MiB,0 B
2026-06-03 02:41:45,46.5 MiB,46.5 MiB,0 B
2026-06-03 02:42:00,46.8 MiB,46.8 MiB,0 B
2026-06-03 02:42:15,47.1 MiB,47.1 MiB,0 B
2026-06-03 02:42:30,47.3 MiB,47.3 MiB,0 B
2026-06-03 02:42:45,47.5 MiB,47.5 MiB,0 B
2026-06-03 02:43:00,47.8 MiB,47.9 MiB,0 B
2026-06-03 02:43:15,48.2 MiB,48.2 MiB,0 B
2026-06-03 02:43:30,48.5 MiB,48.5 MiB,0 B
2026-06-03 02:43:45,48.7 MiB,48.7 MiB,0 B
2026-06-03 02:44:00,48.9 MiB,48.9 MiB,0 B
2026-06-03 02:44:15,49.2 MiB,49.2 MiB,0 B
2026-06-03 02:44:30,49.5 MiB,49.5 MiB,0 B
2026-06-03 02:44:45,49.8 MiB,49.8 MiB,0 B
2026-06-03 02:45:00,50.0 MiB,50.0 MiB,0 B
2026-06-03 02:45:15,50.3 MiB,50.3 MiB,0 B
2026-06-03 02:45:30,50.6 MiB,50.6 MiB,0 B
2026-06-03 02:45:45,50.8 MiB,50.8 MiB,0 B
2026-06-03 02:46:00,50.9 MiB,50.9 MiB,0 B
2026-06-03 02:46:15,51.2 MiB,51.2 MiB,0 B
2026-06-03 02:46:30,51.5 MiB,51.5 MiB,0 B
2026-06-03 02:46:45,51.6 MiB,51.6 MiB,0 B
2026-06-03 02:47:00,51.9 MiB,52.0 MiB,0 B
2026-06-03 02:47:15,52.2 MiB,52.3 MiB,0 B
2026-06-03 02:47:30,52.5 MiB,52.5 MiB,0 B
2026-06-03 02:47:45,52.9 MiB,52.9 MiB,0 B
2026-06-03 02:48:00,53.2 MiB,53.2 MiB,0 B
2026-06-03 02:48:15,53.5 MiB,53.5 MiB,0 B
2026-06-03 02:48:30,53.8 MiB,53.8 MiB,0 B
2026-06-03 02:48:45,54.1 MiB,54.1 MiB,0 B
2026-06-03 02:49:00,54.4 MiB,54.5 MiB,0 B
2026-06-03 02:49:15,54.7 MiB,54.8 MiB,0 B
2026-06-03 02:49:30,55.0 MiB,55.1 MiB,0 B
2026-06-03 02:49:45,55.3 MiB,55.3 MiB,0 B
2026-06-03 02:50:00,55.6 MiB,55.7 MiB,0 B
2026-06-03 02:50:15,56.0 MiB,56.0 MiB,0 B
2026-06-03 02:50:30,56.3 MiB,56.3 MiB,0 B
2026-06-03 02:50:45,56.5 MiB,56.5 MiB,0 B
2026-06-03 02:51:00,57.1 MiB,57.1 MiB,0 B
2026-06-03 02:51:15,57.4 MiB,57.4 MiB,0 B
2026-06-03 02:51:30,57.7 MiB,57.7 MiB,0 B
2026-06-03 02:51:45,58.0 MiB,58.0 MiB,0 B
2026-06-03 02:52:00,58.3 MiB,58.3 MiB,0 B
2026-06-03 02:52:15,58.5 MiB,58.6 MiB,0 B
2026-06-03 02:52:30,58.8 MiB,58.9 MiB,0 B
2026-06-03 02:52:45,59.1 MiB,59.1 MiB,0 B
2026-06-03 02:53:00,59.4 MiB,59.4 MiB,0 B
2026-06-03 02:53:15,59.7 MiB,59.8 MiB,0 B
2026-06-03 02:53:30,60.0 MiB,60.0 MiB,0 B
2026-06-03 02:53:45,60.3 MiB,60.4 MiB,0 B
2026-06-03 02:54:00,60.6 MiB,60.7 MiB,0 B
2026-06-03 02:54:15,60.9 MiB,60.9 MiB,0 B
2026-06-03 02:54:30,61.2 MiB,61.2 MiB,0 B
2026-06-03 02:54:45,61.5 MiB,61.6 MiB,0 B
2026-06-03 02:55:00,61.7 MiB,61.8 MiB,0 B
2026-06-03 02:55:15,62.1 MiB,62.1 MiB,0 B
2026-06-03 02:55:30,62.3 MiB,62.4 MiB,0 B
2026-06-03 02:55:45,62.6 MiB,62.6 MiB,0 B
2026-06-03 02:56:00,62.9 MiB,62.9 MiB,0 B
2026-06-03 02:56:15,63.1 MiB,63.2 MiB,0 B
2026-06-03 02:56:30,63.4 MiB,63.4 MiB,0 B
2026-06-03 02:56:45,63.7 MiB,63.7 MiB,0 B
2026-06-03 02:57:00,64.0 MiB,64.0 MiB,0 B
2026-06-03 02:57:15,64.3 MiB,64.3 MiB,0 B
2026-06-03 02:57:30,64.6 MiB,64.7 MiB,0 B
2026-06-03 02:57:45,64.9 MiB,65.0 MiB,0 B
2026-06-03 02:58:00,65.2 MiB,65.3 MiB,0 B
2026-06-03 02:58:15,65.6 MiB,65.6 MiB,0 B
2026-06-03 02:58:30,65.9 MiB,65.9 MiB,0 B
2026-06-03 02:58:45,66.0 MiB,66.0 MiB,0 B
2026-06-03 02:59:00,66.2 MiB,66.2 MiB,0 B
2026-06-03 02:59:15,66.5 MiB,66.5 MiB,0 B
2026-06-03 02:59:30,66.6 MiB,66.7 MiB,0 B
2026-06-03 02:59:45,66.9 MiB,66.9 MiB,0 B
2026-06-03 03:00:00,67.2 MiB,67.3 MiB,0 B
2026-06-03 03:00:15,67.5 MiB,67.5 MiB,0 B
2026-06-03 03:00:30,67.7 MiB,67.7 MiB,0 B
2026-06-03 03:00:45,68.0 MiB,68.0 MiB,0 B
2026-06-03 03:01:00,68.3 MiB,68.4 MiB,0 B
2026-06-03 03:01:15,68.6 MiB,68.6 MiB,0 B
2026-06-03 03:01:30,68.8 MiB,68.9 MiB,0 B
2026-06-03 03:01:45,69.2 MiB,69.2 MiB,0 B
2026-06-03 03:02:00,69.4 MiB,69.4 MiB,0 B
2026-06-03 03:02:15,69.6 MiB,69.7 MiB,0 B
2026-06-03 03:02:30,69.8 MiB,69.9 MiB,0 B
2026-06-03 03:02:45,70.1 MiB,70.1 MiB,0 B
2026-06-03 03:03:00,70.4 MiB,70.4 MiB,0 B
2026-06-03 03:03:15,70.6 MiB,70.7 MiB,0 B
2026-06-03 03:03:30,71.0 MiB,71.0 MiB,0 B
2026-06-03 03:03:45,71.3 MiB,71.3 MiB,0 B
2026-06-03 03:04:00,71.6 MiB,71.6 MiB,0 B
2026-06-03 03:04:15,71.8 MiB,71.9 MiB,0 B
2026-06-03 03:04:30,72.1 MiB,72.2 MiB,0 B
2026-06-03 03:04:45,72.5 MiB,72.5 MiB,0 B
2026-06-03 03:05:00,72.8 MiB,72.8 MiB,0 B
2026-06-03 03:05:15,73.1 MiB,73.1 MiB,0 B
2026-06-03 03:05:30,73.4 MiB,73.4 MiB,0 B
2026-06-03 03:05:45,73.7 MiB,73.8 MiB,0 B
2026-06-03 03:06:00,74.1 MiB,74.1 MiB,0 B
2026-06-03 03:06:15,74.4 MiB,74.4 MiB,0 B
2026-06-03 03:06:30,74.6 MiB,74.7 MiB,0 B
2026-06-03 03:06:45,74.9 MiB,75.0 MiB,0 B
2026-06-03 03:07:00,75.2 MiB,75.2 MiB,0 B
2026-06-03 03:07:15,75.5 MiB,75.6 MiB,0 B
2026-06-03 03:07:30,75.8 MiB,75.9 MiB,0 B
2026-06-03 03:07:45,76.1 MiB,76.2 MiB,0 B
2026-06-03 03:08:00,76.4 MiB,76.5 MiB,0 B
2026-06-03 03:08:15,76.8 MiB,76.8 MiB,0 B
2026-06-03 03:08:30,77.1 MiB,77.1 MiB,0 B
2026-06-03 03:08:45,77.4 MiB,77.4 MiB,0 B
2026-06-03 03:09:00,77.7 MiB,77.7 MiB,0 B
2026-06-03 03:09:15,78.0 MiB,78.1 MiB,0 B
2026-06-03 03:09:30,78.3 MiB,78.4 MiB,0 B
2026-06-03 03:09:45,78.5 MiB,78.5 MiB,0 B
2026-06-03 03:10:00,78.8 MiB,78.8 MiB,0 B
2026-06-03 03:10:15,79.1 MiB,79.2 MiB,0 B
2026-06-03 03:10:30,79.4 MiB,79.5 MiB,0 B
2026-06-03 03:10:45,79.6 MiB,79.7 MiB,0 B
2026-06-03 03:11:00,79.8 MiB,79.9 MiB,0 B
2026-06-03 03:11:15,80.2 MiB,80.2 MiB,0 B
2026-06-03 03:11:30,80.4 MiB,80.5 MiB,0 B
2026-06-03 03:11:45,80.8 MiB,80.8 MiB,0 B
2026-06-03 03:12:00,81.0 MiB,81.0 MiB,0 B
2026-06-03 03:12:15,81.2 MiB,81.2 MiB,0 B
2026-06-03 03:12:30,81.4 MiB,81.4 MiB,0 B
2026-06-03 03:12:45,81.7 MiB,81.8 MiB,0 B
2026-06-03 03:13:00,82.0 MiB,82.0 MiB,0 B
2026-06-03 03:13:15,82.3 MiB,82.3 MiB,0 B
2026-06-03 03:13:30,82.6 MiB,82.6 MiB,0 B
2026-06-03 03:13:45,82.8 MiB,82.9 MiB,0 B
2026-06-03 03:14:00,83.2 MiB,83.2 MiB,0 B
2026-06-03 03:14:15,83.5 MiB,83.6 MiB,0 B
2026-06-03 03:14:30,83.6 MiB,83.7 MiB,0 B
2026-06-03 03:14:45,84.0 MiB,84.0 MiB,0 B
2026-06-03 03:15:00,84.3 MiB,84.3 MiB,0 B
2026-06-03 03:15:15,84.6 MiB,84.6 MiB,0 B
2026-06-03 03:15:30,84.8 MiB,84.9 MiB,0 B
2026-06-03 03:15:45,85.1 MiB,85.2 MiB,0 B
2026-06-03 03:16:00,85.5 MiB,85.5 MiB,0 B
2026-06-03 03:16:15,85.8 MiB,85.8 MiB,0 B
2026-06-03 03:16:30,86.1 MiB,86.1 MiB,0 B
2026-06-03 03:16:45,86.4 MiB,86.4 MiB,0 B
2026-06-03 03:17:00,86.7 MiB,86.7 MiB,0 B
2026-06-03 03:17:15,86.9 MiB,87.0 MiB,0 B
2026-06-03 03:17:30,87.3 MiB,87.3 MiB,0 B
2026-06-03 03:17:45,87.6 MiB,87.7 MiB,0 B
2026-06-03 03:18:00,87.9 MiB,88.0 MiB,0 B
2026-06-03 03:18:15,88.2 MiB,88.3 MiB,0 B
2026-06-03 03:18:30,88.5 MiB,88.6 MiB,0 B
2026-06-03 03:18:45,88.8 MiB,88.9 MiB,0 B
2026-06-03 03:19:00,89.1 MiB,89.2 MiB,0 B
2026-06-03 03:19:15,89.4 MiB,89.5 MiB,0 B
2026-06-03 03:19:30,89.7 MiB,89.8 MiB,0 B
2026-06-03 03:19:45,90.0 MiB,90.1 MiB,0 B
2026-06-03 03:20:00,90.3 MiB,90.3 MiB,0 B
2026-06-03 03:20:15,90.5 MiB,90.5 MiB,0 B
2026-06-03 03:20:30,90.6 MiB,90.7 MiB,0 B
2026-06-03 03:20:45,90.8 MiB,90.9 MiB,0 B
2026-06-03 03:21:00,91.0 MiB,91.1 MiB,0 B
2026-06-03 03:21:15,91.2 MiB,91.3 MiB,0 B
2026-06-03 03:21:30,91.3 MiB,91.4 MiB,0 B
2026-06-03 03:21:45,91.4 MiB,91.5 MiB,0 B
2026-06-03 03:22:00,91.7 MiB,91.8 MiB,0 B
2026-06-03 03:22:15,92.0 MiB,92.1 MiB,0 B
2026-06-03 03:22:30,92.3 MiB,92.3 MiB,0 B
2026-06-03 03:22:45,92.6 MiB,92.6 MiB,0 B
2026-06-03 03:23:00,92.8 MiB,92.9 MiB,0 B
2026-06-03 03:23:15,93.1 MiB,93.2 MiB,0 B
2026-06-03 03:23:30,93.3 MiB,93.4 MiB,0 B
2026-06-03 03:23:45,93.6 MiB,93.6 MiB,0 B
2026-06-03 03:24:00,93.7 MiB,93.7 MiB,0 B
2026-06-03 03:24:15,93.8 MiB,93.8 MiB,0 B
2026-06-03 03:24:30,94.0 MiB,94.1 MiB,0 B
2026-06-03 03:24:45,94.3 MiB,94.4 MiB,0 B
2026-06-03 03:25:00,94.5 MiB,94.6 MiB,0 B
2026-06-03 03:25:15,94.8 MiB,94.8 MiB,0 B
2026-06-03 03:25:30,95.0 MiB,95.1 MiB,0 B
2026-06-03 03:25:45,95.2 MiB,95.2 MiB,0 B
2026-06-03 03:26:00,95.4 MiB,95.5 MiB,0 B
2026-06-03 03:26:15,95.7 MiB,95.8 MiB,0 B
2026-06-03 03:26:30,96.0 MiB,96.0 MiB,0 B
2026-06-03 03:26:45,96.2 MiB,96.2 MiB,0 B
2026-06-03 03:27:00,96.4 MiB,96.4 MiB,0 B
2026-06-03 03:27:15,96.5 MiB,96.5 MiB,0 B
2026-06-03 03:27:30,96.6 MiB,96.6 MiB,0 B
2026-06-03 03:27:45,96.8 MiB,96.9 MiB,0 B
2026-06-03 03:28:00,97.0 MiB,97.1 MiB,0 B
2026-06-03 03:28:15,97.3 MiB,97.3 MiB,0 B
2026-06-03 03:28:30,97.5 MiB,97.6 MiB,0 B
2026-06-03 03:28:45,97.6 MiB,97.7 MiB,0 B
2026-06-03 03:29:00,97.8 MiB,97.9 MiB,0 B
2026-06-03 03:29:15,98.0 MiB,98.1 MiB,0 B
2026-06-03 03:29:30,98.3 MiB,98.3 MiB,0 B
2026-06-03 03:29:45,98.5 MiB,98.6 MiB,0 B
2026-06-03 03:30:00,98.8 MiB,98.9 MiB,0 B
2026-06-03 03:30:15,99.1 MiB,99.2 MiB,0 B
2026-06-03 03:30:30,99.4 MiB,99.5 MiB,0 B
2026-06-03 03:30:45,99.6 MiB,99.7 MiB,0 B
2026-06-03 03:31:00,99.8 MiB,99.9 MiB,0 B
2026-06-03 03:31:15,99.9 MiB,100.0 MiB,0 B
2026-06-03 03:31:30,100 MiB,100 MiB,0 B
2026-06-03 03:31:45,100 MiB,100 MiB,0 B
2026-06-03 03:32:00,100 MiB,100 MiB,0 B
2026-06-03 03:32:15,101 MiB,101 MiB,0 B
2026-06-03 03:32:30,101 MiB,101 MiB,0 B
2026-06-03 03:32:45,101 MiB,101 MiB,0 B
2026-06-03 03:33:00,101 MiB,101 MiB,0 B
2026-06-03 03:33:15,102 MiB,102 MiB,0 B
2026-06-03 03:33:30,102 MiB,102 MiB,0 B
2026-06-03 03:33:45,102 MiB,102 MiB,0 B
2026-06-03 03:34:00,102 MiB,103 MiB,0 B
2026-06-03 03:34:15,103 MiB,103 MiB,0 B
2026-06-03 03:34:30,103 MiB,103 MiB,0 B
2026-06-03 03:34:45,103 MiB,103 MiB,0 B
2026-06-03 03:35:00,103 MiB,104 MiB,0 B
2026-06-03 03:35:15,104 MiB,104 MiB,0 B
2026-06-03 03:35:30,104 MiB,104 MiB,0 B
2026-06-03 03:35:45,104 MiB,104 MiB,0 B
2026-06-03 03:36:00,105 MiB,105 MiB,0 B
2026-06-03 03:36:15,105 MiB,105 MiB,0 B
2026-06-03 03:36:30,105 MiB,105 MiB,0 B
2026-06-03 03:36:45,106 MiB,106 MiB,0 B
2026-06-03 03:37:00,106 MiB,106 MiB,0 B
2026-06-03 03:37:15,106 MiB,106 MiB,0 B
2026-06-03 03:37:30,106 MiB,107 MiB,0 B
2026-06-03 03:37:45,107 MiB,107 MiB,0 B
2026-06-03 03:38:00,107 MiB,107 MiB,0 B
2026-06-03 03:38:15,107 MiB,107 MiB,0 B
2026-06-03 03:38:30,108 MiB,108 MiB,0 B
2026-06-03 03:38:45,108 MiB,108 MiB,0 B
2026-06-03 03:39:00,108 MiB,108 MiB,0 B
2026-06-03 03:39:15,109 MiB,109 MiB,0 B
2026-06-03 03:39:30,109 MiB,109 MiB,0 B
2026-06-03 03:39:45,109 MiB,109 MiB,0 B
2026-06-03 03:40:00,110 MiB,110 MiB,0 B
2026-06-03 03:40:15,110 MiB,110 MiB,0 B
2026-06-03 03:40:30,110 MiB,110 MiB,0 B
2026-06-03 03:40:45,110 MiB,111 MiB,0 B
2026-06-03 03:41:00,111 MiB,111 MiB,0 B
2026-06-03 03:41:15,111 MiB,111 MiB,0 B
2026-06-03 03:41:30,111 MiB,111 MiB,0 B
2026-06-03 03:41:45,112 MiB,112 MiB,0 B
2026-06-03 03:42:00,112 MiB,112 MiB,0 B
2026-06-03 03:42:15,112 MiB,112 MiB,0 B
2026-06-03 03:42:30,113 MiB,113 MiB,0 B
2026-06-03 03:42:45,113 MiB,113 MiB,0 B
2026-06-03 03:43:00,113 MiB,113 MiB,0 B
2026-06-03 03:43:15,113 MiB,114 MiB,0 B
2026-06-03 03:43:30,114 MiB,114 MiB,0 B
2026-06-03 03:43:45,114 MiB,114 MiB,0 B
2026-06-03 03:44:00,114 MiB,114 MiB,0 B
2026-06-03 03:44:15,115 MiB,115 MiB,0 B
2026-06-03 03:44:30,115 MiB,115 MiB,0 B
2026-06-03 03:44:45,115 MiB,115 MiB,0 B
2026-06-03 03:45:00,115 MiB,115 MiB,0 B
2026-06-03 03:45:15,115 MiB,116 MiB,0 B
2026-06-03 03:45:30,116 MiB,116 MiB,0 B
2026-06-03 03:45:45,116 MiB,116 MiB,0 B
2026-06-03 03:46:00,116 MiB,116 MiB,0 B
2026-06-03 03:46:15,117 MiB,117 MiB,0 B
2026-06-03 03:46:30,117 MiB,117 MiB,0 B
2026-06-03 03:46:45,117 MiB,117 MiB,0 B
2026-06-03 03:47:00,118 MiB,118 MiB,0 B
2026-06-03 03:47:15,118 MiB,118 MiB,0 B
2026-06-03 03:47:30,118 MiB,118 MiB,0 B
2026-06-03 03:47:45,118 MiB,118 MiB,0 B
2026-06-03 03:48:00,119 MiB,119 MiB,0 B
2026-06-03 03:48:15,119 MiB,119 MiB,0 B
2026-06-03 03:48:30,119 MiB,119 MiB,0 B
2026-06-03 03:48:45,120 MiB,120 MiB,0 B
2026-06-03 03:49:00,120 MiB,120 MiB,0 B
2026-06-03 03:49:15,120 MiB,120 MiB,0 B
2026-06-03 03:49:30,120 MiB,120 MiB,0 B
2026-06-03 03:49:45,121 MiB,121 MiB,0 B
2026-06-03 03:50:00,121 MiB,121 MiB,0 B
2026-06-03 03:50:15,121 MiB,121 MiB,0 B
2026-06-03 03:50:30,122 MiB,122 MiB,0 B
2026-06-03 03:50:45,122 MiB,122 MiB,0 B
2026-06-03 03:51:00,122 MiB,122 MiB,0 B
2026-06-03 03:51:15,123 MiB,123 MiB,0 B
2026-06-03 03:51:30,123 MiB,123 MiB,0 B
2026-06-03 03:51:45,123 MiB,123 MiB,0 B
2026-06-03 03:52:00,123 MiB,123 MiB,0 B
2026-06-03 03:52:15,124 MiB,124 MiB,0 B
2026-06-03 03:52:30,124 MiB,124 MiB,0 B
2026-06-03 03:52:45,124 MiB,124 MiB,0 B
2026-06-03 03:53:00,125 MiB,125 MiB,0 B
2026-06-03 03:53:15,125 MiB,125 MiB,0 B
2026-06-03 03:53:30,125 MiB,125 MiB,0 B
2026-06-03 03:53:45,125 MiB,126 MiB,0 B
2026-06-03 03:54:00,126 MiB,126 MiB,0 B
2026-06-03 03:54:15,126 MiB,126 MiB,0 B
2026-06-03 03:54:30,126 MiB,126 MiB,0 B
2026-06-03 03:54:45,127 MiB,127 MiB,0 B
2026-06-03 03:55:00,127 MiB,127 MiB,0 B
2026-06-03 03:55:15,127 MiB,127 MiB,0 B
2026-06-03 03:55:30,127 MiB,127 MiB,0 B
2026-06-03 03:55:45,128 MiB,128 MiB,0 B
2026-06-03 03:56:00,128 MiB,128 MiB,0 B
2026-06-03 03:56:15,128 MiB,128 MiB,0 B
2026-06-03 03:56:30,129 MiB,129 MiB,0 B
2026-06-03 03:56:45,129 MiB,129 MiB,0 B
2026-06-03 03:57:00,129 MiB,129 MiB,0 B
2026-06-03 03:57:15,130 MiB,130 MiB,0 B
2026-06-03 03:57:30,130 MiB,130 MiB,0 B
2026-06-03 03:57:45,130 MiB,130 MiB,0 B
2026-06-03 03:58:00,131 MiB,131 MiB,0 B
2026-06-03 03:58:15,131 MiB,131 MiB,0 B
2026-06-03 03:58:30,131 MiB,131 MiB,0 B
2026-06-03 03:58:45,131 MiB,132 MiB,0 B
2026-06-03 03:59:00,132 MiB,132 MiB,0 B
2026-06-03 03:59:15,132 MiB,132 MiB,0 B
2026-06-03 03:59:30,132 MiB,132 MiB,0 B
2026-06-03 03:59:45,133 MiB,133 MiB,0 B
2026-06-03 04:00:00,133 MiB,133 MiB,0 B
2026-06-03 04:00:15,133 MiB,133 MiB,0 B
2026-06-03 04:00:30,134 MiB,134 MiB,0 B
2026-06-03 04:00:45,134 MiB,134 MiB,0 B
2026-06-03 04:01:00,134 MiB,134 MiB,0 B
2026-06-03 04:01:15,134 MiB,134 MiB,0 B
2026-06-03 04:01:30,135 MiB,135 MiB,0 B
2026-06-03 04:01:45,135 MiB,135 MiB,0 B
2026-06-03 04:02:00,135 MiB,135 MiB,0 B
2026-06-03 04:02:15,136 MiB,136 MiB,0 B
2026-06-03 04:02:30,136 MiB,136 MiB,0 B
2026-06-03 04:02:45,136 MiB,136 MiB,0 B
2026-06-03 04:03:00,136 MiB,137 MiB,0 B
2026-06-03 04:03:15,137 MiB,137 MiB,0 B
2026-06-03 04:03:30,137 MiB,137 MiB,0 B
2026-06-03 04:03:45,137 MiB,137 MiB,0 B
2026-06-03 04:04:00,138 MiB,138 MiB,0 B
2026-06-03 04:04:15,138 MiB,138 MiB,0 B
2026-06-03 04:04:30,138 MiB,138 MiB,0 B
2026-06-03 04:04:45,139 MiB,139 MiB,0 B
2026-06-03 04:05:00,139 MiB,139 MiB,0 B
2026-06-03 04:05:15,139 MiB,139 MiB,0 B
2026-06-03 04:05:30,140 MiB,140 MiB,0 B
2026-06-03 04:05:45,140 MiB,140 MiB,0 B
2026-06-03 04:06:00,140 MiB,140 MiB,0 B
2026-06-03 04:06:15,141 MiB,141 MiB,0 B
2026-06-03 04:06:30,141 MiB,141 MiB,0 B
2026-06-03 04:06:45,141 MiB,141 MiB,0 B
2026-06-03 04:07:00,141 MiB,142 MiB,0 B
2026-06-03 04:07:15,142 MiB,142 MiB,0 B
2026-06-03 04:07:30,142 MiB,142 MiB,0 B
2026-06-03 04:07:45,142 MiB,143 MiB,0 B
2026-06-03 04:08:00,143 MiB,143 MiB,0 B
2026-06-03 04:08:15,143 MiB,143 MiB,0 B
2026-06-03 04:08:30,143 MiB,143 MiB,0 B
2026-06-03 04:08:45,144 MiB,144 MiB,0 B
2026-06-03 04:09:00,144 MiB,144 MiB,0 B
2026-06-03 04:09:15,144 MiB,144 MiB,0 B
2026-06-03 04:09:30,145 MiB,145 MiB,0 B
2026-06-03 04:09:45,145 MiB,145 MiB,0 B
2026-06-03 04:10:00,145 MiB,145 MiB,0 B
2026-06-03 04:10:15,146 MiB,146 MiB,0 B
2026-06-03 04:10:30,146 MiB,146 MiB,0 B
2026-06-03 04:10:45,146 MiB,146 MiB,0 B
2026-06-03 04:11:00,146 MiB,147 MiB,0 B
2026-06-03 04:11:15,147 MiB,147 MiB,0 B
2026-06-03 04:11:30,147 MiB,147 MiB,0 B
2026-06-03 04:11:45,147 MiB,148 MiB,0 B
2026-06-03 04:12:00,148 MiB,148 MiB,0 B
2026-06-03 04:12:15,148 MiB,148 MiB,0 B
2026-06-03 04:12:30,148 MiB,148 MiB,0 B
2026-06-03 04:12:45,149 MiB,149 MiB,0 B
2026-06-03 04:13:00,149 MiB,149 MiB,0 B
2026-06-03 04:13:15,149 MiB,149 MiB,0 B
2026-06-03 04:13:30,149 MiB,150 MiB,0 B
2026-06-03 04:13:45,150 MiB,150 MiB,0 B
2026-06-03 04:14:00,150 MiB,150 MiB,0 B
2026-06-03 04:14:15,150 MiB,151 MiB,0 B
2026-06-03 04:14:30,151 MiB,151 MiB,0 B
2026-06-03 04:14:45,151 MiB,151 MiB,0 B
2026-06-03 04:15:00,151 MiB,151 MiB,0 B
2026-06-03 04:15:15,151 MiB,152 MiB,0 B
2026-06-03 04:15:30,152 MiB,152 MiB,0 B
2026-06-03 04:15:45,152 MiB,152 MiB,0 B
2026-06-03 04:16:00,152 MiB,152 MiB,0 B
2026-06-03 04:16:15,152 MiB,152 MiB,0 B
2026-06-03 04:16:30,152 MiB,153 MiB,0 B
2026-06-03 04:16:45,153 MiB,153 MiB,0 B
2026-06-03 04:17:00,153 MiB,153 MiB,0 B
2026-06-03 04:17:15,153 MiB,154 MiB,0 B
2026-06-03 04:17:30,154 MiB,154 MiB,0 B
2026-06-03 04:17:45,154 MiB,154 MiB,0 B
2026-06-03 04:18:00,154 MiB,154 MiB,0 B
2026-06-03 04:18:15,155 MiB,155 MiB,0 B
2026-06-03 04:18:30,155 MiB,155 MiB,0 B
2026-06-03 04:18:45,155 MiB,155 MiB,0 B
2026-06-03 04:19:00,156 MiB,156 MiB,0 B
2026-06-03 04:19:15,156 MiB,156 MiB,0 B
2026-06-03 04:19:30,156 MiB,156 MiB,0 B
2026-06-03 04:19:45,156 MiB,157 MiB,0 B
2026-06-03 04:20:00,157 MiB,157 MiB,0 B
2026-06-03 04:20:15,157 MiB,157 MiB,0 B
2026-06-03 04:20:30,157 MiB,157 MiB,0 B
2026-06-03 04:20:45,158 MiB,158 MiB,0 B
2026-06-03 04:21:00,158 MiB,158 MiB,0 B
2026-06-03 04:21:15,158 MiB,158 MiB,0 B
2026-06-03 04:21:30,158 MiB,159 MiB,0 B
2026-06-03 04:21:45,159 MiB,159 MiB,0 B
2026-06-03 04:22:00,159 MiB,159 MiB,0 B
2026-06-03 04:22:15,159 MiB,159 MiB,0 B
2026-06-03 04:22:30,160 MiB,160 MiB,0 B
2026-06-03 04:22:45,160 MiB,160 MiB,0 B
2026-06-03 04:23:00,160 MiB,160 MiB,0 B
2026-06-03 04:23:15,161 MiB,161 MiB,0 B
2026-06-03 04:23:30,161 MiB,161 MiB,0 B
2026-06-03 04:23:45,161 MiB,161 MiB,0 B
2026-06-03 04:24:00,161 MiB,162 MiB,0 B
2026-06-03 04:24:15,162 MiB,162 MiB,0 B
2026-06-03 04:24:30,162 MiB,162 MiB,0 B
2026-06-03 04:24:45,162 MiB,162 MiB,0 B
2026-06-03 04:25:00,163 MiB,163 MiB,0 B
2026-06-03 04:25:15,163 MiB,163 MiB,0 B
2026-06-03 04:25:30,163 MiB,163 MiB,0 B
2026-06-03 04:25:45,164 MiB,164 MiB,0 B
2026-06-03 04:26:00,164 MiB,164 MiB,0 B
2026-06-03 04:26:15,164 MiB,164 MiB,0 B
2026-06-03 04:26:30,165 MiB,165 MiB,0 B
2026-06-03 04:26:45,165 MiB,165 MiB,0 B
2026-06-03 04:27:00,165 MiB,165 MiB,0 B
2026-06-03 04:27:15,165 MiB,166 MiB,0 B
2026-06-03 04:27:30,166 MiB,166 MiB,0 B
2026-06-03 04:27:45,166 MiB,166 MiB,0 B
2026-06-03 04:28:00,166 MiB,166 MiB,0 B
2026-06-03 04:28:15,166 MiB,167 MiB,0 B
2026-06-03 04:28:30,167 MiB,167 MiB,0 B
2026-06-03 04:28:45,167 MiB,167 MiB,0 B
2026-06-03 04:29:00,167 MiB,167 MiB,0 B
2026-06-03 04:29:15,167 MiB,167 MiB,0 B
2026-06-03 04:29:30,167 MiB,167 MiB,0 B
2026-06-03 04:29:45,168 MiB,168 MiB,0 B
2026-06-03 04:30:00,168 MiB,168 MiB,0 B
2026-06-03 04:30:15,168 MiB,168 MiB,0 B
2026-06-03 04:30:30,168 MiB,169 MiB,0 B
2026-06-03 04:30:45,169 MiB,169 MiB,0 B
2026-06-03 04:31:00,169 MiB,169 MiB,0 B
2026-06-03 04:31:15,169 MiB,169 MiB,0 B
2026-06-03 04:31:30,169 MiB,169 MiB,0 B
2026-06-03 04:31:45,169 MiB,169 MiB,0 B
2026-06-03 04:32:00,170 MiB,170 MiB,0 B
2026-06-03 04:32:15,170 MiB,170 MiB,0 B
2026-06-03 04:32:30,170 MiB,170 MiB,0 B
2026-06-03 04:32:45,170 MiB,170 MiB,0 B
2026-06-03 04:33:00,170 MiB,171 MiB,0 B
2026-06-03 04:33:15,171 MiB,171 MiB,0 B
2026-06-03 04:33:30,171 MiB,171 MiB,0 B
2026-06-03 04:33:45,171 MiB,172 MiB,0 B
2026-06-03 04:34:00,172 MiB,172 MiB,0 B
2026-06-03 04:34:15,172 MiB,172 MiB,0 B
2026-06-03 04:34:30,172 MiB,172 MiB,0 B
2026-06-03 04:34:45,172 MiB,173 MiB,0 B
2026-06-03 04:35:00,173 MiB,173 MiB,0 B
2026-06-03 04:35:15,173 MiB,173 MiB,0 B
2026-06-03 04:35:30,173 MiB,174 MiB,0 B
2026-06-03 04:35:45,174 MiB,174 MiB,0 B
2026-06-03 04:36:00,174 MiB,174 MiB,0 B
2026-06-03 04:36:15,174 MiB,174 MiB,0 B
2026-06-03 04:36:30,174 MiB,175 MiB,0 B
2026-06-03 04:36:45,175 MiB,175 MiB,0 B
2026-06-03 04:37:00,175 MiB,175 MiB,0 B
2026-06-03 04:37:15,175 MiB,175 MiB,0 B
2026-06-03 04:37:30,175 MiB,175 MiB,0 B
2026-06-03 04:37:45,176 MiB,176 MiB,0 B
2026-06-03 04:38:00,176 MiB,176 MiB,0 B
2026-06-03 04:38:15,176 MiB,176 MiB,0 B
2026-06-03 04:38:30,176 MiB,176 MiB,0 B
2026-06-03 04:38:45,177 MiB,177 MiB,0 B
2026-06-03 04:39:00,177 MiB,177 MiB,0 B
2026-06-03 04:39:15,177 MiB,177 MiB,0 B
2026-06-03 04:39:30,177 MiB,177 MiB,0 B
2026-06-03 04:39:45,178 MiB,178 MiB,0 B
2026-06-03 04:40:00,178 MiB,178 MiB,0 B
2026-06-03 04:40:15,178 MiB,178 MiB,0 B
2026-06-03 04:40:30,178 MiB,179 MiB,0 B
2026-06-03 04:40:45,179 MiB,179 MiB,0 B
2026-06-03 04:41:00,179 MiB,179 MiB,0 B
2026-06-03 04:41:15,179 MiB,180 MiB,0 B
2026-06-03 04:41:30,180 MiB,180 MiB,0 B
2026-06-03 04:41:45,180 MiB,180 MiB,0 B
2026-06-03 04:42:00,180 MiB,180 MiB,0 B
2026-06-03 04:42:15,181 MiB,181 MiB,0 B
2026-06-03 04:42:30,181 MiB,181 MiB,0 B
2026-06-03 04:42:45,181 MiB,181 MiB,0 B
2026-06-03 04:43:00,182 MiB,182 MiB,0 B
2026-06-03 04:43:15,182 MiB,182 MiB,0 B
2026-06-03 04:43:30,182 MiB,182 MiB,0 B
2026-06-03 04:43:45,182 MiB,182 MiB,0 B
2026-06-03 04:44:00,183 MiB,183 MiB,0 B
2026-06-03 04:44:15,183 MiB,183 MiB,0 B
2026-06-03 04:44:30,183 MiB,183 MiB,0 B
2026-06-03 04:44:45,184 MiB,184 MiB,0 B
2026-06-03 04:45:00,184 MiB,184 MiB,0 B
2026-06-03 04:45:15,184 MiB,184 MiB,0 B
2026-06-03 04:45:30,184 MiB,185 MiB,0 B
2026-06-03 04:45:45,185 MiB,185 MiB,0 B
2026-06-03 04:46:00,185 MiB,185 MiB,0 B
2026-06-03 04:46:15,185 MiB,185 MiB,0 B
2026-06-03 04:46:30,186 MiB,186 MiB,0 B
2026-06-03 04:46:45,186 MiB,186 MiB,0 B
2026-06-03 04:47:00,186 MiB,186 MiB,0 B
2026-06-03 04:47:15,186 MiB,187 MiB,0 B
2026-06-03 04:47:30,187 MiB,187 MiB,0 B
2026-06-03 04:47:45,187 MiB,187 MiB,0 B
2026-06-03 04:48:00,187 MiB,187 MiB,0 B
2026-06-03 04:48:15,188 MiB,188 MiB,0 B
2026-06-03 04:48:30,188 MiB,188 MiB,0 B
2026-06-03 04:48:45,188 MiB,188 MiB,0 B
2026-06-03 04:49:00,188 MiB,189 MiB,0 B
2026-06-03 04:49:15,189 MiB,189 MiB,0 B
2026-06-03 04:49:30,189 MiB,189 MiB,0 B
2026-06-03 04:49:45,189 MiB,190 MiB,0 B
2026-06-03 04:50:00,190 MiB,190 MiB,0 B
2026-06-03 04:50:15,190 MiB,190 MiB,0 B
2026-06-03 04:50:30,190 MiB,191 MiB,0 B
2026-06-03 04:50:45,191 MiB,191 MiB,0 B
2026-06-03 04:51:00,191 MiB,191 MiB,0 B
2026-06-03 04:51:15,192 MiB,192 MiB,0 B
2026-06-03 04:51:30,192 MiB,192 MiB,0 B
2026-06-03 04:51:45,192 MiB,192 MiB,0 B
2026-06-03 04:52:00,192 MiB,192 MiB,0 B
2026-06-03 04:52:15,192 MiB,192 MiB,0 B
2026-06-03 04:52:30,193 MiB,193 MiB,0 B
2026-06-03 04:52:45,193 MiB,193 MiB,0 B
2026-06-03 04:53:00,193 MiB,193 MiB,0 B
2026-06-03 04:53:15,193 MiB,194 MiB,0 B
2026-06-03 04:53:30,194 MiB,194 MiB,0 B
2026-06-03 04:53:45,194 MiB,194 MiB,0 B
2026-06-03 04:54:00,194 MiB,194 MiB,0 B
2026-06-03 04:54:15,194 MiB,195 MiB,0 B
2026-06-03 04:54:30,195 MiB,195 MiB,0 B
2026-06-03 04:54:45,195 MiB,195 MiB,0 B
2026-06-03 04:55:00,195 MiB,196 MiB,0 B
2026-06-03 04:55:15,196 MiB,196 MiB,0 B
2026-06-03 04:55:30,196 MiB,196 MiB,0 B
2026-06-03 04:55:45,196 MiB,196 MiB,0 B
2026-06-03 04:56:00,197 MiB,197 MiB,0 B
2026-06-03 04:56:15,197 MiB,197 MiB,0 B
2026-06-03 04:56:30,197 MiB,197 MiB,0 B
2026-06-03 04:56:45,197 MiB,198 MiB,0 B
2026-06-03 04:57:00,198 MiB,198 MiB,0 B
2026-06-03 04:57:15,198 MiB,198 MiB,0 B
2026-06-03 04:57:30,198 MiB,198 MiB,0 B
2026-06-03 04:57:45,198 MiB,199 MiB,0 B
2026-06-03 04:58:00,199 MiB,199 MiB,0 B
2026-06-03 04:58:15,199 MiB,199 MiB,0 B
2026-06-03 04:58:30,199 MiB,199 MiB,0 B
2026-06-03 04:58:45,200 MiB,200 MiB,0 B
2026-06-03 04:59:00,200 MiB,200 MiB,0 B
2026-06-03 04:59:15,200 MiB,200 MiB,0 B
2026-06-03 04:59:30,200 MiB,201 MiB,0 B
2026-06-03 04:59:45,201 MiB,201 MiB,0 B
2026-06-03 05:00:00,201 MiB,201 MiB,0 B
2026-06-03 05:00:15,201 MiB,201 MiB,0 B
2026-06-03 05:00:30,201 MiB,202 MiB,0 B
2026-06-03 05:00:45,202 MiB,202 MiB,0 B
2026-06-03 05:01:00,202 MiB,202 MiB,0 B
2026-06-03 05:01:15,202 MiB,203 MiB,0 B
2026-06-03 05:01:30,203 MiB,203 MiB,0 B
2026-06-03 05:01:45,203 MiB,203 MiB,0 B
2026-06-03 05:02:00,203 MiB,203 MiB,0 B
2026-06-03 05:02:15,203 MiB,203 MiB,0 B
2026-06-03 05:02:30,204 MiB,204 MiB,0 B
2026-06-03 05:02:45,204 MiB,204 MiB,0 B
2026-06-03 05:03:00,204 MiB,204 MiB,0 B
2026-06-03 05:03:15,204 MiB,204 MiB,0 B
2026-06-03 05:03:30,204 MiB,205 MiB,0 B
2026-06-03 05:03:45,205 MiB,205 MiB,0 B
2026-06-03 05:04:00,205 MiB,205 MiB,0 B
2026-06-03 05:04:15,205 MiB,205 MiB,0 B
2026-06-03 05:04:30,205 MiB,206 MiB,0 B
2026-06-03 05:04:45,206 MiB,206 MiB,0 B
2026-06-03 05:05:00,206 MiB,206 MiB,0 B
2026-06-03 05:05:15,206 MiB,206 MiB,0 B
2026-06-03 05:05:30,206 MiB,207 MiB,0 B
2026-06-03 05:05:45,207 MiB,207 MiB,0 B
2026-06-03 05:06:00,207 MiB,207 MiB,0 B
2026-06-03 05:06:15,207 MiB,208 MiB,0 B
2026-06-03 05:06:30,208 MiB,208 MiB,0 B
2026-06-03 05:06:45,208 MiB,208 MiB,0 B
2026-06-03 05:07:00,208 MiB,209 MiB,0 B
2026-06-03 05:07:15,209 MiB,209 MiB,0 B
2026-06-03 05:07:30,209 MiB,209 MiB,0 B
2026-06-03 05:07:45,209 MiB,209 MiB,0 B
2026-06-03 05:08:00,210 MiB,210 MiB,0 B
2026-06-03 05:08:15,210 MiB,210 MiB,0 B
2026-06-03 05:08:30,210 MiB,210 MiB,0 B
2026-06-03 05:08:45,210 MiB,211 MiB,0 B
2026-06-03 05:09:00,211 MiB,211 MiB,0 B
2026-06-03 05:09:15,211 MiB,211 MiB,0 B
2026-06-03 05:09:30,211 MiB,212 MiB,0 B
2026-06-03 05:09:45,212 MiB,212 MiB,0 B
2026-06-03 05:10:00,212 MiB,212 MiB,0 B
2026-06-03 05:10:15,212 MiB,212 MiB,0 B
2026-06-03 05:10:30,213 MiB,213 MiB,0 B
2026-06-03 05:10:45,213 MiB,213 MiB,0 B
2026-06-03 05:11:00,213 MiB,213 MiB,0 B
2026-06-03 05:11:15,214 MiB,214 MiB,0 B
2026-06-03 05:11:30,214 MiB,214 MiB,0 B
2026-06-03 05:11:45,214 MiB,214 MiB,0 B
2026-06-03 05:12:00,215 MiB,215 MiB,0 B
2026-06-03 05:12:15,215 MiB,215 MiB,0 B
2026-06-03 05:12:30,215 MiB,215 MiB,0 B
2026-06-03 05:12:45,215 MiB,216 MiB,0 B
2026-06-03 05:13:00,216 MiB,216 MiB,0 B
2026-06-03 05:13:15,216 MiB,216 MiB,0 B
2026-06-03 05:13:30,216 MiB,217 MiB,0 B
2026-06-03 05:13:45,217 MiB,217 MiB,0 B
2026-06-03 05:14:00,217 MiB,217 MiB,0 B
2026-06-03 05:14:15,217 MiB,218 MiB,0 B
2026-06-03 05:14:30,218 MiB,218 MiB,0 B
2026-06-03 05:14:45,218 MiB,218 MiB,0 B
2026-06-03 05:15:00,218 MiB,218 MiB,0 B
2026-06-03 05:15:15,218 MiB,219 MiB,0 B
2026-06-03 05:15:30,219 MiB,219 MiB,0 B
2026-06-03 05:15:45,219 MiB,219 MiB,0 B
2026-06-03 05:16:00,219 MiB,219 MiB,0 B
2026-06-03 05:16:15,220 MiB,220 MiB,0 B
2026-06-03 05:16:30,220 MiB,220 MiB,0 B
2026-06-03 05:16:45,220 MiB,220 MiB,0 B
2026-06-03 05:17:00,220 MiB,221 MiB,0 B
2026-06-03 05:17:15,221 MiB,221 MiB,0 B
2026-06-03 05:17:30,221 MiB,221 MiB,0 B
2026-06-03 05:17:45,221 MiB,221 MiB,0 B
2026-06-03 05:18:00,222 MiB,222 MiB,0 B
2026-06-03 05:18:15,222 MiB,222 MiB,0 B
2026-06-03 05:18:30,222 MiB,222 MiB,0 B
2026-06-03 05:18:45,222 MiB,223 MiB,0 B
2026-06-03 05:19:00,223 MiB,223 MiB,0 B
2026-06-03 05:19:15,223 MiB,223 MiB,0 B
2026-06-03 05:19:30,223 MiB,224 MiB,0 B
2026-06-03 05:19:45,224 MiB,224 MiB,0 B
2026-06-03 05:20:00,224 MiB,224 MiB,0 B
2026-06-03 05:20:15,224 MiB,225 MiB,0 B
2026-06-03 05:20:30,225 MiB,225 MiB,0 B
2026-06-03 05:20:45,225 MiB,225 MiB,0 B
2026-06-03 05:21:00,225 MiB,225 MiB,0 B
2026-06-03 05:21:15,226 MiB,226 MiB,0 B
2026-06-03 05:21:30,226 MiB,226 MiB,0 B
2026-06-03 05:21:45,226 MiB,226 MiB,0 B
2026-06-03 05:22:00,226 MiB,227 MiB,0 B
2026-06-03 05:22:15,227 MiB,227 MiB,0 B
2026-06-03 05:22:30,227 MiB,227 MiB,0 B
2026-06-03 05:22:45,227 MiB,227 MiB,0 B
2026-06-03 05:23:00,227 MiB,228 MiB,0 B
2026-06-03 05:23:15,228 MiB,228 MiB,0 B
2026-06-03 05:23:30,228 MiB,228 MiB,0 B
2026-06-03 05:23:45,228 MiB,228 MiB,0 B
2026-06-03 05:24:00,228 MiB,229 MiB,0 B
2026-06-03 05:24:15,229 MiB,229 MiB,0 B
2026-06-03 05:24:30,229 MiB,229 MiB,0 B
2026-06-03 05:24:45,229 MiB,230 MiB,0 B
2026-06-03 05:25:00,230 MiB,230 MiB,0 B
2026-06-03 05:25:15,230 MiB,230 MiB,0 B
2026-06-03 05:25:30,230 MiB,230 MiB,0 B
2026-06-03 05:25:45,230 MiB,231 MiB,0 B
2026-06-03 05:26:00,231 MiB,231 MiB,0 B
2026-06-03 05:26:15,231 MiB,231 MiB,0 B
2026-06-03 05:26:30,231 MiB,231 MiB,0 B
2026-06-03 05:26:45,231 MiB,232 MiB,0 B
2026-06-03 05:27:00,232 MiB,232 MiB,0 B
2026-06-03 05:27:15,232 MiB,232 MiB,0 B
2026-06-03 05:27:30,232 MiB,232 MiB,0 B
2026-06-03 05:27:45,232 MiB,233 MiB,0 B
2026-06-03 05:28:00,232 MiB,233 MiB,0 B
2026-06-03 05:28:15,232 MiB,233 MiB,0 B
2026-06-03 05:28:30,232 MiB,233 MiB,0 B
2026-06-03 05:28:45,232 MiB,233 MiB,0 B
2026-06-03 05:29:00,232 MiB,233 MiB,0 B
2026-06-03 05:29:15,232 MiB,233 MiB,0 B
2026-06-03 05:29:30,232 MiB,233 MiB,0 B
2026-06-03 05:29:45,232 MiB,233 MiB,0 B
2026-06-03 05:30:00,232 MiB,233 MiB,0 B
2026-06-03 05:30:15,232 MiB,233 MiB,0 B
2026-06-03 05:30:30,232 MiB,233 MiB,0 B
2026-06-03 05:30:45,233 MiB,233 MiB,0 B
2026-06-03 05:31:00,233 MiB,233 MiB,0 B
2026-06-03 05:31:15,233 MiB,233 MiB,0 B
2026-06-03 05:31:30,233 MiB,233 MiB,0 B
2026-06-03 05:31:45,233 MiB,233 MiB,0 B