"Time","20.118.208.91:9100 direction: rx gpu_index: 0","20.118.208.91:9100 direction: rx gpu_index: 1","20.118.208.91:9100 direction: tx gpu_index: 0","20.118.208.91:9100 direction: tx gpu_index: 1"
2026-06-03 02:36:00,9.13 kB/s,9.10 kB/s,82.7 kB/s,82.5 kB/s
2026-06-03 02:36:15,9.11 kB/s,9.13 kB/s,82.5 kB/s,82.7 kB/s
2026-06-03 02:36:30,9.11 kB/s,9.13 kB/s,82.5 kB/s,82.7 kB/s
2026-06-03 02:36:45,9.11 kB/s,9.13 kB/s,82.4 kB/s,82.5 kB/s
2026-06-03 02:37:00,9.11 kB/s,9.13 kB/s,82.4 kB/s,82.5 kB/s
2026-06-03 02:37:15,9.11 kB/s,9.11 kB/s,82.5 kB/s,82.6 kB/s
2026-06-03 02:37:30,9.11 kB/s,9.11 kB/s,82.5 kB/s,82.6 kB/s
2026-06-03 02:37:45,9.15 kB/s,9.11 kB/s,82.8 kB/s,82.6 kB/s
2026-06-03 02:38:00,9.15 kB/s,9.11 kB/s,82.8 kB/s,82.6 kB/s
2026-06-03 02:38:15,9.11 kB/s,9.10 kB/s,82.5 kB/s,82.8 kB/s
2026-06-03 02:38:30,9.11 kB/s,9.10 kB/s,82.5 kB/s,82.8 kB/s
2026-06-03 02:38:45,9.13 kB/s,9.15 kB/s,82.9 kB/s,82.8 kB/s
2026-06-03 02:39:00,9.13 kB/s,9.15 kB/s,82.9 kB/s,82.8 kB/s
2026-06-03 02:39:15,9.13 kB/s,9.10 kB/s,82.7 kB/s,82.5 kB/s
2026-06-03 02:39:30,9.13 kB/s,9.10 kB/s,82.7 kB/s,82.5 kB/s
2026-06-03 02:39:45,123 kB/s,118 kB/s,336 kB/s,327 kB/s
2026-06-03 02:40:00,123 kB/s,118 kB/s,336 kB/s,327 kB/s
2026-06-03 02:40:15,306 MB/s,306 MB/s,36.4 MB/s,36.4 MB/s
2026-06-03 02:40:30,306 MB/s,306 MB/s,36.4 MB/s,36.4 MB/s
2026-06-03 02:40:45,18.5 MB/s,16.3 MB/s,5.54 MB/s,4.96 MB/s
2026-06-03 02:41:00,18.5 MB/s,16.3 MB/s,5.54 MB/s,4.96 MB/s
2026-06-03 02:41:15,22.5 MB/s,19.7 MB/s,6.72 MB/s,6.00 MB/s
2026-06-03 02:41:30,22.5 MB/s,19.7 MB/s,6.72 MB/s,6.00 MB/s
2026-06-03 02:41:45,24.3 MB/s,21.5 MB/s,7.24 MB/s,6.50 MB/s
2026-06-03 02:42:00,24.3 MB/s,21.5 MB/s,7.24 MB/s,6.50 MB/s
2026-06-03 02:42:15,24.1 MB/s,21.1 MB/s,7.21 MB/s,6.44 MB/s
2026-06-03 02:42:30,24.1 MB/s,21.1 MB/s,7.21 MB/s,6.44 MB/s
2026-06-03 02:42:45,24.1 MB/s,21.5 MB/s,7.14 MB/s,6.44 MB/s
2026-06-03 02:43:00,24.1 MB/s,21.5 MB/s,7.14 MB/s,6.44 MB/s
2026-06-03 02:43:15,26.2 MB/s,22.9 MB/s,7.90 MB/s,7.01 MB/s
2026-06-03 02:43:30,26.2 MB/s,22.9 MB/s,7.90 MB/s,7.01 MB/s
2026-06-03 02:43:45,23.2 MB/s,20.4 MB/s,6.95 MB/s,6.21 MB/s
2026-06-03 02:44:00,23.2 MB/s,20.4 MB/s,6.95 MB/s,6.21 MB/s
2026-06-03 02:44:15,21.7 MB/s,19.1 MB/s,6.47 MB/s,5.79 MB/s
2026-06-03 02:44:30,21.7 MB/s,19.1 MB/s,6.47 MB/s,5.79 MB/s
2026-06-03 02:44:45,26.1 MB/s,22.7 MB/s,7.91 MB/s,7.00 MB/s
2026-06-03 02:45:00,26.1 MB/s,22.7 MB/s,7.91 MB/s,7.00 MB/s
2026-06-03 02:45:15,24.7 MB/s,21.7 MB/s,7.37 MB/s,6.60 MB/s
2026-06-03 02:45:30,24.7 MB/s,21.7 MB/s,7.37 MB/s,6.60 MB/s
2026-06-03 02:45:45,22.1 MB/s,19.3 MB/s,6.67 MB/s,5.93 MB/s
2026-06-03 02:46:00,22.1 MB/s,19.3 MB/s,6.67 MB/s,5.93 MB/s
2026-06-03 02:46:15,16.3 MB/s,14.2 MB/s,4.96 MB/s,4.39 MB/s
2026-06-03 02:46:30,16.3 MB/s,14.2 MB/s,4.96 MB/s,4.39 MB/s
2026-06-03 02:46:45,20.5 MB/s,18.1 MB/s,6.15 MB/s,5.50 MB/s
2026-06-03 02:47:00,20.5 MB/s,18.1 MB/s,6.15 MB/s,5.50 MB/s
2026-06-03 02:47:15,27.4 MB/s,24.3 MB/s,8.12 MB/s,7.32 MB/s
2026-06-03 02:47:30,27.4 MB/s,24.3 MB/s,8.12 MB/s,7.32 MB/s
2026-06-03 02:47:45,28.7 MB/s,25.4 MB/s,8.52 MB/s,7.68 MB/s
2026-06-03 02:48:00,28.7 MB/s,25.4 MB/s,8.52 MB/s,7.68 MB/s
2026-06-03 02:48:15,28.9 MB/s,25.4 MB/s,8.64 MB/s,7.73 MB/s
2026-06-03 02:48:30,28.9 MB/s,25.4 MB/s,8.64 MB/s,7.73 MB/s
2026-06-03 02:48:45,29.5 MB/s,25.8 MB/s,8.84 MB/s,7.88 MB/s
2026-06-03 02:49:00,29.5 MB/s,25.8 MB/s,8.84 MB/s,7.88 MB/s
2026-06-03 02:49:15,28.5 MB/s,25.2 MB/s,8.47 MB/s,7.61 MB/s
2026-06-03 02:49:30,28.5 MB/s,25.2 MB/s,8.47 MB/s,7.61 MB/s
2026-06-03 02:49:45,27.1 MB/s,24.1 MB/s,8.04 MB/s,7.23 MB/s
2026-06-03 02:50:00,27.1 MB/s,24.1 MB/s,8.04 MB/s,7.23 MB/s
2026-06-03 02:50:15,29.3 MB/s,25.7 MB/s,8.76 MB/s,7.82 MB/s
2026-06-03 02:50:30,29.3 MB/s,25.7 MB/s,8.76 MB/s,7.82 MB/s
2026-06-03 02:50:45,24.0 MB/s,21.2 MB/s,7.15 MB/s,6.42 MB/s
2026-06-03 02:51:00,24.0 MB/s,21.2 MB/s,7.15 MB/s,6.42 MB/s
2026-06-03 02:51:15,28.8 MB/s,25.4 MB/s,8.57 MB/s,7.69 MB/s
2026-06-03 02:51:30,28.8 MB/s,25.4 MB/s,8.57 MB/s,7.69 MB/s
2026-06-03 02:51:45,27.7 MB/s,24.6 MB/s,8.23 MB/s,7.40 MB/s
2026-06-03 02:52:00,27.7 MB/s,24.6 MB/s,8.23 MB/s,7.40 MB/s
2026-06-03 02:52:15,29.0 MB/s,25.5 MB/s,8.65 MB/s,7.74 MB/s
2026-06-03 02:52:30,29.0 MB/s,25.5 MB/s,8.65 MB/s,7.74 MB/s
2026-06-03 02:52:45,24.3 MB/s,21.6 MB/s,7.18 MB/s,6.49 MB/s
2026-06-03 02:53:00,24.3 MB/s,21.6 MB/s,7.18 MB/s,6.49 MB/s
2026-06-03 02:53:15,28.7 MB/s,25.3 MB/s,8.56 MB/s,7.66 MB/s
2026-06-03 02:53:30,28.7 MB/s,25.3 MB/s,8.56 MB/s,7.66 MB/s
2026-06-03 02:53:45,28.7 MB/s,25.4 MB/s,8.55 MB/s,7.67 MB/s
2026-06-03 02:54:00,28.7 MB/s,25.4 MB/s,8.55 MB/s,7.67 MB/s
2026-06-03 02:54:15,27.9 MB/s,24.9 MB/s,8.21 MB/s,7.43 MB/s
2026-06-03 02:54:30,27.9 MB/s,24.9 MB/s,8.21 MB/s,7.43 MB/s
2026-06-03 02:54:45,28.7 MB/s,25.3 MB/s,8.56 MB/s,7.66 MB/s
2026-06-03 02:55:00,28.7 MB/s,25.3 MB/s,8.56 MB/s,7.66 MB/s
2026-06-03 02:55:15,25.0 MB/s,22.0 MB/s,7.46 MB/s,6.68 MB/s
2026-06-03 02:55:30,25.0 MB/s,22.0 MB/s,7.46 MB/s,6.68 MB/s
2026-06-03 02:55:45,23.6 MB/s,20.8 MB/s,7.03 MB/s,6.31 MB/s
2026-06-03 02:56:00,23.6 MB/s,20.8 MB/s,7.03 MB/s,6.31 MB/s
2026-06-03 02:56:15,26.5 MB/s,23.5 MB/s,7.84 MB/s,7.06 MB/s
2026-06-03 02:56:30,26.5 MB/s,23.5 MB/s,7.84 MB/s,7.06 MB/s
2026-06-03 02:56:45,26.3 MB/s,23.1 MB/s,7.87 MB/s,7.04 MB/s
2026-06-03 02:57:00,26.3 MB/s,23.1 MB/s,7.87 MB/s,7.04 MB/s
2026-06-03 02:57:15,28.6 MB/s,25.3 MB/s,8.50 MB/s,7.64 MB/s
2026-06-03 02:57:30,28.6 MB/s,25.3 MB/s,8.50 MB/s,7.64 MB/s
2026-06-03 02:57:45,28.7 MB/s,25.4 MB/s,8.49 MB/s,7.64 MB/s
2026-06-03 02:58:00,28.7 MB/s,25.4 MB/s,8.49 MB/s,7.64 MB/s
2026-06-03 02:58:15,29.4 MB/s,25.8 MB/s,8.78 MB/s,7.84 MB/s
2026-06-03 02:58:30,29.4 MB/s,25.8 MB/s,8.78 MB/s,7.84 MB/s
2026-06-03 02:58:45,22.6 MB/s,20.0 MB/s,6.69 MB/s,6.03 MB/s
2026-06-03 02:59:00,22.6 MB/s,20.0 MB/s,6.69 MB/s,6.03 MB/s
2026-06-03 02:59:15,21.2 MB/s,18.8 MB/s,6.29 MB/s,5.66 MB/s
2026-06-03 02:59:30,21.2 MB/s,18.8 MB/s,6.29 MB/s,5.66 MB/s
2026-06-03 02:59:45,19.5 MB/s,17.3 MB/s,5.83 MB/s,5.23 MB/s
2026-06-03 03:00:00,19.5 MB/s,17.3 MB/s,5.83 MB/s,5.23 MB/s
2026-06-03 03:00:15,26.7 MB/s,23.6 MB/s,7.98 MB/s,7.15 MB/s
2026-06-03 03:00:30,26.7 MB/s,23.6 MB/s,7.98 MB/s,7.15 MB/s
2026-06-03 03:00:45,21.0 MB/s,18.1 MB/s,6.40 MB/s,5.63 MB/s
2026-06-03 03:01:00,21.0 MB/s,18.1 MB/s,6.40 MB/s,5.63 MB/s
2026-06-03 03:01:15,28.5 MB/s,25.1 MB/s,8.49 MB/s,7.61 MB/s
2026-06-03 03:01:30,28.5 MB/s,25.1 MB/s,8.49 MB/s,7.61 MB/s
2026-06-03 03:01:45,26.5 MB/s,23.3 MB/s,7.95 MB/s,7.09 MB/s
2026-06-03 03:02:00,26.5 MB/s,23.3 MB/s,7.95 MB/s,7.09 MB/s
2026-06-03 03:02:15,23.6 MB/s,21.0 MB/s,6.95 MB/s,6.29 MB/s
2026-06-03 03:02:30,23.6 MB/s,21.0 MB/s,6.95 MB/s,6.29 MB/s
2026-06-03 03:02:45,19.6 MB/s,17.3 MB/s,5.87 MB/s,5.25 MB/s
2026-06-03 03:03:00,19.6 MB/s,17.3 MB/s,5.87 MB/s,5.25 MB/s
2026-06-03 03:03:15,27.4 MB/s,24.2 MB/s,8.13 MB/s,7.30 MB/s
2026-06-03 03:03:30,27.4 MB/s,24.2 MB/s,8.13 MB/s,7.30 MB/s
2026-06-03 03:03:45,29.4 MB/s,25.7 MB/s,8.79 MB/s,7.85 MB/s
2026-06-03 03:04:00,29.4 MB/s,25.7 MB/s,8.79 MB/s,7.85 MB/s
2026-06-03 03:04:15,25.5 MB/s,22.4 MB/s,7.58 MB/s,6.80 MB/s
2026-06-03 03:04:30,25.5 MB/s,22.4 MB/s,7.58 MB/s,6.80 MB/s
2026-06-03 03:04:45,27.7 MB/s,24.3 MB/s,8.33 MB/s,7.41 MB/s
2026-06-03 03:05:00,27.7 MB/s,24.3 MB/s,8.33 MB/s,7.41 MB/s
2026-06-03 03:05:15,29.7 MB/s,25.9 MB/s,8.89 MB/s,7.92 MB/s
2026-06-03 03:05:30,29.7 MB/s,25.9 MB/s,8.89 MB/s,7.92 MB/s
2026-06-03 03:05:45,28.9 MB/s,25.5 MB/s,8.59 MB/s,7.70 MB/s
2026-06-03 03:06:00,28.9 MB/s,25.5 MB/s,8.59 MB/s,7.70 MB/s
2026-06-03 03:06:15,29.6 MB/s,25.9 MB/s,8.90 MB/s,7.92 MB/s
2026-06-03 03:06:30,29.6 MB/s,25.9 MB/s,8.90 MB/s,7.92 MB/s
2026-06-03 03:06:45,27.9 MB/s,24.9 MB/s,8.18 MB/s,7.41 MB/s
2026-06-03 03:07:00,27.9 MB/s,24.9 MB/s,8.18 MB/s,7.41 MB/s
2026-06-03 03:07:15,28.8 MB/s,25.5 MB/s,8.51 MB/s,7.66 MB/s
2026-06-03 03:07:30,28.8 MB/s,25.5 MB/s,8.51 MB/s,7.66 MB/s
2026-06-03 03:07:45,28.3 MB/s,25.0 MB/s,8.40 MB/s,7.54 MB/s
2026-06-03 03:08:00,28.3 MB/s,25.0 MB/s,8.40 MB/s,7.54 MB/s
2026-06-03 03:08:15,29.4 MB/s,25.9 MB/s,8.77 MB/s,7.84 MB/s
2026-06-03 03:08:30,29.4 MB/s,25.9 MB/s,8.77 MB/s,7.84 MB/s
2026-06-03 03:08:45,29.3 MB/s,25.7 MB/s,8.72 MB/s,7.81 MB/s
2026-06-03 03:09:00,29.3 MB/s,25.7 MB/s,8.72 MB/s,7.81 MB/s
2026-06-03 03:09:15,29.5 MB/s,25.9 MB/s,8.82 MB/s,7.88 MB/s
2026-06-03 03:09:30,29.5 MB/s,25.9 MB/s,8.82 MB/s,7.88 MB/s
2026-06-03 03:09:45,22.9 MB/s,20.1 MB/s,6.90 MB/s,6.15 MB/s
2026-06-03 03:10:00,22.9 MB/s,20.1 MB/s,6.90 MB/s,6.15 MB/s
2026-06-03 03:10:15,27.2 MB/s,24.0 MB/s,8.12 MB/s,7.28 MB/s
2026-06-03 03:10:30,27.2 MB/s,24.0 MB/s,8.12 MB/s,7.28 MB/s
2026-06-03 03:10:45,25.5 MB/s,22.4 MB/s,7.60 MB/s,6.81 MB/s
2026-06-03 03:11:00,25.5 MB/s,22.4 MB/s,7.60 MB/s,6.81 MB/s
2026-06-03 03:11:15,21.3 MB/s,18.6 MB/s,6.46 MB/s,5.73 MB/s
2026-06-03 03:11:30,21.3 MB/s,18.6 MB/s,6.46 MB/s,5.73 MB/s
2026-06-03 03:11:45,28.9 MB/s,25.6 MB/s,8.54 MB/s,7.71 MB/s
2026-06-03 03:12:00,28.9 MB/s,25.6 MB/s,8.54 MB/s,7.71 MB/s
2026-06-03 03:12:15,22.8 MB/s,19.9 MB/s,6.89 MB/s,6.12 MB/s
2026-06-03 03:12:30,22.8 MB/s,19.9 MB/s,6.89 MB/s,6.12 MB/s
2026-06-03 03:12:45,20.8 MB/s,18.5 MB/s,6.15 MB/s,5.55 MB/s
2026-06-03 03:13:00,20.8 MB/s,18.5 MB/s,6.15 MB/s,5.55 MB/s
2026-06-03 03:13:15,25.2 MB/s,22.2 MB/s,7.53 MB/s,6.75 MB/s
2026-06-03 03:13:30,25.2 MB/s,22.2 MB/s,7.53 MB/s,6.75 MB/s
2026-06-03 03:13:45,26.7 MB/s,23.2 MB/s,8.05 MB/s,7.15 MB/s
2026-06-03 03:14:00,26.7 MB/s,23.2 MB/s,8.05 MB/s,7.15 MB/s
2026-06-03 03:14:15,29.0 MB/s,25.3 MB/s,8.71 MB/s,7.73 MB/s
2026-06-03 03:14:30,29.0 MB/s,25.3 MB/s,8.71 MB/s,7.73 MB/s
2026-06-03 03:14:45,20.5 MB/s,17.8 MB/s,6.22 MB/s,5.50 MB/s
2026-06-03 03:15:00,20.5 MB/s,17.8 MB/s,6.22 MB/s,5.50 MB/s
2026-06-03 03:15:15,29.4 MB/s,25.8 MB/s,8.79 MB/s,7.86 MB/s
2026-06-03 03:15:30,29.4 MB/s,25.8 MB/s,8.79 MB/s,7.86 MB/s
2026-06-03 03:15:45,24.5 MB/s,21.5 MB/s,7.34 MB/s,6.55 MB/s
2026-06-03 03:16:00,24.5 MB/s,21.5 MB/s,7.34 MB/s,6.55 MB/s
2026-06-03 03:16:15,28.7 MB/s,25.1 MB/s,8.60 MB/s,7.68 MB/s
2026-06-03 03:16:30,28.7 MB/s,25.1 MB/s,8.60 MB/s,7.68 MB/s
2026-06-03 03:16:45,29.0 MB/s,25.6 MB/s,8.63 MB/s,7.75 MB/s
2026-06-03 03:17:00,29.0 MB/s,25.6 MB/s,8.63 MB/s,7.75 MB/s
2026-06-03 03:17:15,28.1 MB/s,25.1 MB/s,8.26 MB/s,7.50 MB/s
2026-06-03 03:17:30,28.1 MB/s,25.1 MB/s,8.26 MB/s,7.50 MB/s
2026-06-03 03:17:45,30.4 MB/s,26.4 MB/s,9.15 MB/s,8.12 MB/s
2026-06-03 03:18:00,30.4 MB/s,26.4 MB/s,9.15 MB/s,8.12 MB/s
2026-06-03 03:18:15,28.7 MB/s,25.4 MB/s,8.51 MB/s,7.66 MB/s
2026-06-03 03:18:30,28.7 MB/s,25.4 MB/s,8.51 MB/s,7.66 MB/s
2026-06-03 03:18:45,27.9 MB/s,25.0 MB/s,8.20 MB/s,7.44 MB/s
2026-06-03 03:19:00,27.9 MB/s,25.0 MB/s,8.20 MB/s,7.44 MB/s
2026-06-03 03:19:15,29.6 MB/s,26.0 MB/s,8.83 MB/s,7.91 MB/s
2026-06-03 03:19:30,29.6 MB/s,26.0 MB/s,8.83 MB/s,7.91 MB/s
2026-06-03 03:19:45,29.1 MB/s,25.7 MB/s,8.66 MB/s,7.77 MB/s
2026-06-03 03:20:00,29.1 MB/s,25.7 MB/s,8.66 MB/s,7.77 MB/s
2026-06-03 03:20:15,24.0 MB/s,21.6 MB/s,7.03 MB/s,6.41 MB/s
2026-06-03 03:20:30,24.0 MB/s,21.6 MB/s,7.03 MB/s,6.41 MB/s
2026-06-03 03:20:45,15.7 MB/s,14.1 MB/s,4.61 MB/s,4.20 MB/s
2026-06-03 03:21:00,15.7 MB/s,14.1 MB/s,4.61 MB/s,4.20 MB/s
2026-06-03 03:21:15,17.0 MB/s,15.0 MB/s,5.08 MB/s,4.55 MB/s
2026-06-03 03:21:30,17.0 MB/s,15.0 MB/s,5.08 MB/s,4.55 MB/s
2026-06-03 03:21:45,10.3 MB/s,9.56 MB/s,2.97 MB/s,2.77 MB/s
2026-06-03 03:22:00,10.3 MB/s,9.56 MB/s,2.97 MB/s,2.77 MB/s
2026-06-03 03:22:15,27.7 MB/s,24.9 MB/s,8.10 MB/s,7.37 MB/s
2026-06-03 03:22:30,27.7 MB/s,24.9 MB/s,8.10 MB/s,7.37 MB/s
2026-06-03 03:22:45,28.0 MB/s,25.1 MB/s,8.22 MB/s,7.46 MB/s
2026-06-03 03:23:00,28.0 MB/s,25.1 MB/s,8.22 MB/s,7.46 MB/s
2026-06-03 03:23:15,26.2 MB/s,23.3 MB/s,7.75 MB/s,6.99 MB/s
2026-06-03 03:23:30,26.2 MB/s,23.3 MB/s,7.75 MB/s,6.99 MB/s
2026-06-03 03:23:45,24.0 MB/s,21.3 MB/s,7.13 MB/s,6.42 MB/s
2026-06-03 03:24:00,24.0 MB/s,21.3 MB/s,7.13 MB/s,6.42 MB/s
2026-06-03 03:24:15,9.61 MB/s,8.53 MB/s,2.89 MB/s,2.60 MB/s
2026-06-03 03:24:30,9.61 MB/s,8.53 MB/s,2.89 MB/s,2.60 MB/s
2026-06-03 03:24:45,23.5 MB/s,21.2 MB/s,6.82 MB/s,6.24 MB/s
2026-06-03 03:25:00,23.5 MB/s,21.2 MB/s,6.82 MB/s,6.24 MB/s
2026-06-03 03:25:15,25.0 MB/s,22.5 MB/s,7.33 MB/s,6.67 MB/s
2026-06-03 03:25:30,25.0 MB/s,22.5 MB/s,7.33 MB/s,6.67 MB/s
2026-06-03 03:25:45,19.5 MB/s,17.4 MB/s,5.74 MB/s,5.21 MB/s
2026-06-03 03:26:00,19.5 MB/s,17.4 MB/s,5.74 MB/s,5.21 MB/s
2026-06-03 03:26:15,23.2 MB/s,20.9 MB/s,6.79 MB/s,6.18 MB/s
2026-06-03 03:26:30,23.2 MB/s,20.9 MB/s,6.79 MB/s,6.18 MB/s
2026-06-03 03:26:45,24.6 MB/s,22.2 MB/s,7.17 MB/s,6.54 MB/s
2026-06-03 03:27:00,24.6 MB/s,22.2 MB/s,7.17 MB/s,6.54 MB/s
2026-06-03 03:27:15,13.7 MB/s,12.0 MB/s,4.12 MB/s,3.68 MB/s
2026-06-03 03:27:30,13.7 MB/s,12.0 MB/s,4.12 MB/s,3.68 MB/s
2026-06-03 03:27:45,15.7 MB/s,14.1 MB/s,4.61 MB/s,4.20 MB/s
2026-06-03 03:28:00,15.7 MB/s,14.1 MB/s,4.61 MB/s,4.20 MB/s
2026-06-03 03:28:15,23.7 MB/s,21.4 MB/s,6.91 MB/s,6.31 MB/s
2026-06-03 03:28:30,23.7 MB/s,21.4 MB/s,6.91 MB/s,6.31 MB/s
2026-06-03 03:28:45,17.4 MB/s,15.5 MB/s,5.13 MB/s,4.64 MB/s
2026-06-03 03:29:00,17.4 MB/s,15.5 MB/s,5.13 MB/s,4.64 MB/s
2026-06-03 03:29:15,20.2 MB/s,18.3 MB/s,5.84 MB/s,5.36 MB/s
2026-06-03 03:29:30,20.2 MB/s,18.3 MB/s,5.84 MB/s,5.36 MB/s
2026-06-03 03:29:45,22.0 MB/s,19.8 MB/s,6.46 MB/s,5.86 MB/s
2026-06-03 03:30:00,22.0 MB/s,19.8 MB/s,6.46 MB/s,5.86 MB/s
2026-06-03 03:30:15,28.1 MB/s,25.1 MB/s,8.23 MB/s,7.45 MB/s
2026-06-03 03:30:30,28.1 MB/s,25.1 MB/s,8.23 MB/s,7.45 MB/s
2026-06-03 03:30:45,27.4 MB/s,24.5 MB/s,8.05 MB/s,7.29 MB/s
2026-06-03 03:31:00,27.4 MB/s,24.5 MB/s,8.05 MB/s,7.29 MB/s
2026-06-03 03:31:15,18.0 MB/s,16.5 MB/s,5.22 MB/s,4.81 MB/s
2026-06-03 03:31:30,18.0 MB/s,16.5 MB/s,5.22 MB/s,4.81 MB/s
2026-06-03 03:31:45,11.1 MB/s,10.2 MB/s,3.21 MB/s,2.97 MB/s
2026-06-03 03:32:00,11.1 MB/s,10.2 MB/s,3.21 MB/s,2.97 MB/s
2026-06-03 03:32:15,14.6 MB/s,13.2 MB/s,4.31 MB/s,3.93 MB/s
2026-06-03 03:32:30,14.6 MB/s,13.2 MB/s,4.31 MB/s,3.93 MB/s
2026-06-03 03:32:45,25.7 MB/s,22.7 MB/s,7.65 MB/s,6.86 MB/s
2026-06-03 03:33:00,25.7 MB/s,22.7 MB/s,7.65 MB/s,6.86 MB/s
2026-06-03 03:33:15,27.7 MB/s,24.5 MB/s,8.23 MB/s,7.40 MB/s
2026-06-03 03:33:30,27.7 MB/s,24.5 MB/s,8.23 MB/s,7.40 MB/s
2026-06-03 03:33:45,25.0 MB/s,22.4 MB/s,7.32 MB/s,6.67 MB/s
2026-06-03 03:34:00,25.0 MB/s,22.4 MB/s,7.32 MB/s,6.67 MB/s
2026-06-03 03:34:15,25.8 MB/s,22.7 MB/s,7.71 MB/s,6.91 MB/s
2026-06-03 03:34:30,25.8 MB/s,22.7 MB/s,7.71 MB/s,6.91 MB/s
2026-06-03 03:34:45,22.4 MB/s,19.7 MB/s,6.73 MB/s,6.03 MB/s
2026-06-03 03:35:00,22.4 MB/s,19.7 MB/s,6.73 MB/s,6.03 MB/s
2026-06-03 03:35:15,25.3 MB/s,22.6 MB/s,7.47 MB/s,6.77 MB/s
2026-06-03 03:35:30,25.3 MB/s,22.6 MB/s,7.47 MB/s,6.77 MB/s
2026-06-03 03:35:45,23.8 MB/s,21.0 MB/s,7.15 MB/s,6.39 MB/s
2026-06-03 03:36:00,23.8 MB/s,21.0 MB/s,7.15 MB/s,6.39 MB/s
2026-06-03 03:36:15,27.5 MB/s,24.1 MB/s,8.23 MB/s,7.36 MB/s
2026-06-03 03:36:30,27.5 MB/s,24.1 MB/s,8.23 MB/s,7.36 MB/s
2026-06-03 03:36:45,29.5 MB/s,26.0 MB/s,8.79 MB/s,7.89 MB/s
2026-06-03 03:37:00,29.5 MB/s,26.0 MB/s,8.79 MB/s,7.89 MB/s
2026-06-03 03:37:15,28.8 MB/s,25.3 MB/s,8.57 MB/s,7.68 MB/s
2026-06-03 03:37:30,28.8 MB/s,25.3 MB/s,8.57 MB/s,7.68 MB/s
2026-06-03 03:37:45,28.7 MB/s,25.3 MB/s,8.54 MB/s,7.64 MB/s
2026-06-03 03:38:00,28.7 MB/s,25.3 MB/s,8.54 MB/s,7.64 MB/s
2026-06-03 03:38:15,29.0 MB/s,25.5 MB/s,8.68 MB/s,7.76 MB/s
2026-06-03 03:38:30,29.0 MB/s,25.5 MB/s,8.68 MB/s,7.76 MB/s
2026-06-03 03:38:45,29.0 MB/s,25.7 MB/s,8.60 MB/s,7.76 MB/s
2026-06-03 03:39:00,29.0 MB/s,25.7 MB/s,8.60 MB/s,7.76 MB/s
2026-06-03 03:39:15,28.8 MB/s,25.6 MB/s,8.54 MB/s,7.71 MB/s
2026-06-03 03:39:30,28.8 MB/s,25.6 MB/s,8.54 MB/s,7.71 MB/s
2026-06-03 03:39:45,28.7 MB/s,25.4 MB/s,8.51 MB/s,7.66 MB/s
2026-06-03 03:40:00,28.7 MB/s,25.4 MB/s,8.51 MB/s,7.66 MB/s
2026-06-03 03:40:15,29.0 MB/s,25.7 MB/s,8.64 MB/s,7.77 MB/s
2026-06-03 03:40:30,29.0 MB/s,25.7 MB/s,8.64 MB/s,7.77 MB/s
2026-06-03 03:40:45,30.0 MB/s,26.3 MB/s,9.02 MB/s,8.05 MB/s
2026-06-03 03:41:00,30.0 MB/s,26.3 MB/s,9.02 MB/s,8.05 MB/s
2026-06-03 03:41:15,22.7 MB/s,20.2 MB/s,6.75 MB/s,6.09 MB/s
2026-06-03 03:41:30,22.7 MB/s,20.2 MB/s,6.75 MB/s,6.09 MB/s
2026-06-03 03:41:45,28.6 MB/s,25.5 MB/s,8.43 MB/s,7.64 MB/s
2026-06-03 03:42:00,28.6 MB/s,25.5 MB/s,8.43 MB/s,7.64 MB/s
2026-06-03 03:42:15,29.5 MB/s,26.0 MB/s,8.83 MB/s,7.92 MB/s
2026-06-03 03:42:30,29.5 MB/s,26.0 MB/s,8.83 MB/s,7.92 MB/s
2026-06-03 03:42:45,29.2 MB/s,25.7 MB/s,8.72 MB/s,7.82 MB/s
2026-06-03 03:43:00,29.2 MB/s,25.7 MB/s,8.72 MB/s,7.82 MB/s
2026-06-03 03:43:15,29.1 MB/s,25.7 MB/s,8.64 MB/s,7.78 MB/s
2026-06-03 03:43:30,29.1 MB/s,25.7 MB/s,8.64 MB/s,7.78 MB/s
2026-06-03 03:43:45,28.4 MB/s,25.2 MB/s,8.39 MB/s,7.59 MB/s
2026-06-03 03:44:00,28.4 MB/s,25.2 MB/s,8.39 MB/s,7.59 MB/s
2026-06-03 03:44:15,26.0 MB/s,23.2 MB/s,7.67 MB/s,6.96 MB/s
2026-06-03 03:44:30,26.0 MB/s,23.2 MB/s,7.67 MB/s,6.96 MB/s
2026-06-03 03:44:45,22.8 MB/s,20.1 MB/s,6.83 MB/s,6.11 MB/s
2026-06-03 03:45:00,22.8 MB/s,20.1 MB/s,6.83 MB/s,6.11 MB/s
2026-06-03 03:45:15,20.2 MB/s,17.9 MB/s,6.03 MB/s,5.43 MB/s
2026-06-03 03:45:30,20.2 MB/s,17.9 MB/s,6.03 MB/s,5.43 MB/s
2026-06-03 03:45:45,25.7 MB/s,22.7 MB/s,7.65 MB/s,6.86 MB/s
2026-06-03 03:46:00,25.7 MB/s,22.7 MB/s,7.65 MB/s,6.86 MB/s
2026-06-03 03:46:15,27.8 MB/s,24.9 MB/s,8.17 MB/s,7.42 MB/s
2026-06-03 03:46:30,27.8 MB/s,24.9 MB/s,8.17 MB/s,7.42 MB/s
2026-06-03 03:46:45,29.1 MB/s,25.7 MB/s,8.65 MB/s,7.75 MB/s
2026-06-03 03:47:00,29.1 MB/s,25.7 MB/s,8.65 MB/s,7.75 MB/s
2026-06-03 03:47:15,29.4 MB/s,26.0 MB/s,8.77 MB/s,7.88 MB/s
2026-06-03 03:47:30,29.4 MB/s,26.0 MB/s,8.77 MB/s,7.88 MB/s
2026-06-03 03:47:45,25.9 MB/s,23.0 MB/s,7.66 MB/s,6.91 MB/s
2026-06-03 03:48:00,25.9 MB/s,23.0 MB/s,7.66 MB/s,6.91 MB/s
2026-06-03 03:48:15,29.2 MB/s,25.7 MB/s,8.75 MB/s,7.82 MB/s
2026-06-03 03:48:30,29.2 MB/s,25.7 MB/s,8.75 MB/s,7.82 MB/s
2026-06-03 03:48:45,29.0 MB/s,25.6 MB/s,8.64 MB/s,7.76 MB/s
2026-06-03 03:49:00,29.0 MB/s,25.6 MB/s,8.64 MB/s,7.76 MB/s
2026-06-03 03:49:15,23.3 MB/s,20.6 MB/s,6.93 MB/s,6.24 MB/s
2026-06-03 03:49:30,23.3 MB/s,20.6 MB/s,6.93 MB/s,6.24 MB/s
2026-06-03 03:49:45,23.2 MB/s,20.6 MB/s,6.91 MB/s,6.23 MB/s
2026-06-03 03:50:00,23.2 MB/s,20.6 MB/s,6.91 MB/s,6.23 MB/s
2026-06-03 03:50:15,29.6 MB/s,26.0 MB/s,8.85 MB/s,7.91 MB/s
2026-06-03 03:50:30,29.6 MB/s,26.0 MB/s,8.85 MB/s,7.91 MB/s
2026-06-03 03:50:45,24.1 MB/s,21.3 MB/s,7.20 MB/s,6.46 MB/s
2026-06-03 03:51:00,24.1 MB/s,21.3 MB/s,7.20 MB/s,6.46 MB/s
2026-06-03 03:51:15,22.9 MB/s,20.4 MB/s,6.78 MB/s,6.13 MB/s
2026-06-03 03:51:30,22.9 MB/s,20.4 MB/s,6.78 MB/s,6.13 MB/s
2026-06-03 03:51:45,19.5 MB/s,17.1 MB/s,5.86 MB/s,5.24 MB/s
2026-06-03 03:52:00,19.5 MB/s,17.1 MB/s,5.86 MB/s,5.24 MB/s
2026-06-03 03:52:15,29.7 MB/s,26.1 MB/s,8.88 MB/s,7.94 MB/s
2026-06-03 03:52:30,29.7 MB/s,26.1 MB/s,8.88 MB/s,7.94 MB/s
2026-06-03 03:52:45,28.3 MB/s,25.2 MB/s,8.35 MB/s,7.57 MB/s
2026-06-03 03:53:00,28.3 MB/s,25.2 MB/s,8.35 MB/s,7.57 MB/s
2026-06-03 03:53:15,29.3 MB/s,25.8 MB/s,8.71 MB/s,7.82 MB/s
2026-06-03 03:53:30,29.3 MB/s,25.8 MB/s,8.71 MB/s,7.82 MB/s
2026-06-03 03:53:45,29.2 MB/s,25.8 MB/s,8.68 MB/s,7.82 MB/s
2026-06-03 03:54:00,29.2 MB/s,25.8 MB/s,8.68 MB/s,7.82 MB/s
2026-06-03 03:54:15,22.4 MB/s,19.8 MB/s,6.72 MB/s,6.02 MB/s
2026-06-03 03:54:30,22.4 MB/s,19.8 MB/s,6.72 MB/s,6.02 MB/s
2026-06-03 03:54:45,26.2 MB/s,23.3 MB/s,7.75 MB/s,7.01 MB/s
2026-06-03 03:55:00,26.2 MB/s,23.3 MB/s,7.75 MB/s,7.01 MB/s
2026-06-03 03:55:15,24.9 MB/s,22.0 MB/s,7.40 MB/s,6.66 MB/s
2026-06-03 03:55:30,24.9 MB/s,22.0 MB/s,7.40 MB/s,6.66 MB/s
2026-06-03 03:55:45,29.1 MB/s,25.7 MB/s,8.68 MB/s,7.79 MB/s
2026-06-03 03:56:00,29.1 MB/s,25.7 MB/s,8.68 MB/s,7.79 MB/s
2026-06-03 03:56:15,29.1 MB/s,25.8 MB/s,8.66 MB/s,7.79 MB/s
2026-06-03 03:56:30,29.1 MB/s,25.8 MB/s,8.66 MB/s,7.79 MB/s
2026-06-03 03:56:45,29.4 MB/s,26.0 MB/s,8.78 MB/s,7.89 MB/s
2026-06-03 03:57:00,29.4 MB/s,26.0 MB/s,8.78 MB/s,7.89 MB/s
2026-06-03 03:57:15,29.6 MB/s,26.0 MB/s,8.86 MB/s,7.93 MB/s
2026-06-03 03:57:30,29.6 MB/s,26.0 MB/s,8.86 MB/s,7.93 MB/s
2026-06-03 03:57:45,29.3 MB/s,25.8 MB/s,8.78 MB/s,7.85 MB/s
2026-06-03 03:58:00,29.3 MB/s,25.8 MB/s,8.78 MB/s,7.85 MB/s
2026-06-03 03:58:15,29.9 MB/s,26.2 MB/s,8.96 MB/s,8.01 MB/s
2026-06-03 03:58:30,29.9 MB/s,26.2 MB/s,8.96 MB/s,8.01 MB/s
2026-06-03 03:58:45,30.0 MB/s,26.3 MB/s,8.97 MB/s,8.02 MB/s
2026-06-03 03:59:00,30.0 MB/s,26.3 MB/s,8.97 MB/s,8.02 MB/s
2026-06-03 03:59:15,29.5 MB/s,25.9 MB/s,8.80 MB/s,7.88 MB/s
2026-06-03 03:59:30,29.5 MB/s,25.9 MB/s,8.80 MB/s,7.88 MB/s
2026-06-03 03:59:45,24.5 MB/s,21.7 MB/s,7.30 MB/s,6.58 MB/s
2026-06-03 04:00:00,24.5 MB/s,21.7 MB/s,7.30 MB/s,6.58 MB/s
2026-06-03 04:00:15,27.1 MB/s,24.0 MB/s,8.05 MB/s,7.25 MB/s
2026-06-03 04:00:30,27.1 MB/s,24.0 MB/s,8.05 MB/s,7.25 MB/s
2026-06-03 04:00:45,29.3 MB/s,25.8 MB/s,8.73 MB/s,7.84 MB/s
2026-06-03 04:01:00,29.3 MB/s,25.8 MB/s,8.73 MB/s,7.84 MB/s
2026-06-03 04:01:15,20.0 MB/s,17.6 MB/s,5.99 MB/s,5.36 MB/s
2026-06-03 04:01:30,20.0 MB/s,17.6 MB/s,5.99 MB/s,5.36 MB/s
2026-06-03 04:01:45,25.8 MB/s,22.8 MB/s,7.68 MB/s,6.90 MB/s
2026-06-03 04:02:00,25.8 MB/s,22.8 MB/s,7.68 MB/s,6.90 MB/s
2026-06-03 04:02:15,29.7 MB/s,26.2 MB/s,8.88 MB/s,7.96 MB/s
2026-06-03 04:02:30,29.7 MB/s,26.2 MB/s,8.88 MB/s,7.96 MB/s
2026-06-03 04:02:45,29.9 MB/s,26.1 MB/s,9.01 MB/s,8.02 MB/s
2026-06-03 04:03:00,29.9 MB/s,26.1 MB/s,9.01 MB/s,8.02 MB/s
2026-06-03 04:03:15,29.3 MB/s,25.8 MB/s,8.71 MB/s,7.83 MB/s
2026-06-03 04:03:30,29.3 MB/s,25.8 MB/s,8.71 MB/s,7.83 MB/s
2026-06-03 04:03:45,29.0 MB/s,25.8 MB/s,8.61 MB/s,7.78 MB/s
2026-06-03 04:04:00,29.0 MB/s,25.8 MB/s,8.61 MB/s,7.78 MB/s
2026-06-03 04:04:15,29.7 MB/s,26.1 MB/s,8.85 MB/s,7.93 MB/s
2026-06-03 04:04:30,29.7 MB/s,26.1 MB/s,8.85 MB/s,7.93 MB/s
2026-06-03 04:04:45,29.6 MB/s,26.1 MB/s,8.84 MB/s,7.92 MB/s
2026-06-03 04:05:00,29.6 MB/s,26.1 MB/s,8.84 MB/s,7.92 MB/s
2026-06-03 04:05:15,29.8 MB/s,26.1 MB/s,8.93 MB/s,7.97 MB/s
2026-06-03 04:05:30,29.8 MB/s,26.1 MB/s,8.93 MB/s,7.97 MB/s
2026-06-03 04:05:45,29.1 MB/s,25.6 MB/s,8.64 MB/s,7.76 MB/s
2026-06-03 04:06:00,29.1 MB/s,25.6 MB/s,8.64 MB/s,7.76 MB/s
2026-06-03 04:06:15,28.9 MB/s,25.7 MB/s,8.55 MB/s,7.72 MB/s
2026-06-03 04:06:30,28.9 MB/s,25.7 MB/s,8.55 MB/s,7.72 MB/s
2026-06-03 04:06:45,29.6 MB/s,26.1 MB/s,8.83 MB/s,7.92 MB/s
2026-06-03 04:07:00,29.6 MB/s,26.1 MB/s,8.83 MB/s,7.92 MB/s
2026-06-03 04:07:15,28.4 MB/s,25.3 MB/s,8.36 MB/s,7.58 MB/s
2026-06-03 04:07:30,28.4 MB/s,25.3 MB/s,8.36 MB/s,7.58 MB/s
2026-06-03 04:07:45,29.6 MB/s,26.1 MB/s,8.85 MB/s,7.93 MB/s
2026-06-03 04:08:00,29.6 MB/s,26.1 MB/s,8.85 MB/s,7.93 MB/s
2026-06-03 04:08:15,29.2 MB/s,25.9 MB/s,8.68 MB/s,7.82 MB/s
2026-06-03 04:08:30,29.2 MB/s,25.9 MB/s,8.68 MB/s,7.82 MB/s
2026-06-03 04:08:45,29.9 MB/s,26.2 MB/s,8.96 MB/s,8.01 MB/s
2026-06-03 04:09:00,29.9 MB/s,26.2 MB/s,8.96 MB/s,8.01 MB/s
2026-06-03 04:09:15,28.9 MB/s,25.6 MB/s,8.58 MB/s,7.73 MB/s
2026-06-03 04:09:30,28.9 MB/s,25.6 MB/s,8.58 MB/s,7.73 MB/s
2026-06-03 04:09:45,30.1 MB/s,26.3 MB/s,9.05 MB/s,8.06 MB/s
2026-06-03 04:10:00,30.1 MB/s,26.3 MB/s,9.05 MB/s,8.06 MB/s
2026-06-03 04:10:15,28.8 MB/s,25.6 MB/s,8.53 MB/s,7.70 MB/s
2026-06-03 04:10:30,28.8 MB/s,25.6 MB/s,8.53 MB/s,7.70 MB/s
2026-06-03 04:10:45,28.5 MB/s,25.3 MB/s,8.41 MB/s,7.61 MB/s
2026-06-03 04:11:00,28.5 MB/s,25.3 MB/s,8.41 MB/s,7.61 MB/s
2026-06-03 04:11:15,30.3 MB/s,26.4 MB/s,9.10 MB/s,8.09 MB/s
2026-06-03 04:11:30,30.3 MB/s,26.4 MB/s,9.10 MB/s,8.09 MB/s
2026-06-03 04:11:45,29.8 MB/s,26.1 MB/s,8.95 MB/s,7.99 MB/s
2026-06-03 04:12:00,29.8 MB/s,26.1 MB/s,8.95 MB/s,7.99 MB/s
2026-06-03 04:12:15,28.5 MB/s,25.4 MB/s,8.38 MB/s,7.59 MB/s
2026-06-03 04:12:30,28.5 MB/s,25.4 MB/s,8.38 MB/s,7.59 MB/s
2026-06-03 04:12:45,26.3 MB/s,23.4 MB/s,7.76 MB/s,7.03 MB/s
2026-06-03 04:13:00,26.3 MB/s,23.4 MB/s,7.76 MB/s,7.03 MB/s
2026-06-03 04:13:15,28.6 MB/s,25.1 MB/s,8.54 MB/s,7.65 MB/s
2026-06-03 04:13:30,28.6 MB/s,25.1 MB/s,8.54 MB/s,7.65 MB/s
2026-06-03 04:13:45,28.7 MB/s,25.5 MB/s,8.48 MB/s,7.66 MB/s
2026-06-03 04:14:00,28.7 MB/s,25.5 MB/s,8.48 MB/s,7.66 MB/s
2026-06-03 04:14:15,29.2 MB/s,25.8 MB/s,8.66 MB/s,7.79 MB/s
2026-06-03 04:14:30,29.2 MB/s,25.8 MB/s,8.66 MB/s,7.79 MB/s
2026-06-03 04:14:45,27.8 MB/s,24.7 MB/s,8.23 MB/s,7.44 MB/s
2026-06-03 04:15:00,27.8 MB/s,24.7 MB/s,8.23 MB/s,7.44 MB/s
2026-06-03 04:15:15,21.1 MB/s,18.6 MB/s,6.35 MB/s,5.68 MB/s
2026-06-03 04:15:30,21.1 MB/s,18.6 MB/s,6.35 MB/s,5.68 MB/s
2026-06-03 04:15:45,20.5 MB/s,18.3 MB/s,6.07 MB/s,5.50 MB/s
2026-06-03 04:16:00,20.5 MB/s,18.3 MB/s,6.07 MB/s,5.50 MB/s
2026-06-03 04:16:15,20.6 MB/s,18.3 MB/s,6.17 MB/s,5.55 MB/s
2026-06-03 04:16:30,20.6 MB/s,18.3 MB/s,6.17 MB/s,5.55 MB/s
2026-06-03 04:16:45,20.9 MB/s,18.5 MB/s,6.25 MB/s,5.61 MB/s
2026-06-03 04:17:00,20.9 MB/s,18.5 MB/s,6.25 MB/s,5.61 MB/s
2026-06-03 04:17:15,29.3 MB/s,25.9 MB/s,8.74 MB/s,7.84 MB/s
2026-06-03 04:17:30,29.3 MB/s,25.9 MB/s,8.74 MB/s,7.84 MB/s
2026-06-03 04:17:45,28.6 MB/s,25.4 MB/s,8.45 MB/s,7.66 MB/s
2026-06-03 04:18:00,28.6 MB/s,25.4 MB/s,8.45 MB/s,7.66 MB/s
2026-06-03 04:18:15,29.3 MB/s,26.0 MB/s,8.73 MB/s,7.87 MB/s
2026-06-03 04:18:30,29.3 MB/s,26.0 MB/s,8.73 MB/s,7.87 MB/s
2026-06-03 04:18:45,29.1 MB/s,25.7 MB/s,8.64 MB/s,7.79 MB/s
2026-06-03 04:19:00,29.1 MB/s,25.7 MB/s,8.64 MB/s,7.79 MB/s
2026-06-03 04:19:15,29.4 MB/s,25.9 MB/s,8.73 MB/s,7.86 MB/s
2026-06-03 04:19:30,29.4 MB/s,25.9 MB/s,8.73 MB/s,7.86 MB/s
2026-06-03 04:19:45,28.5 MB/s,25.5 MB/s,8.41 MB/s,7.64 MB/s
2026-06-03 04:20:00,28.5 MB/s,25.5 MB/s,8.41 MB/s,7.64 MB/s
2026-06-03 04:20:15,24.6 MB/s,21.5 MB/s,7.39 MB/s,6.59 MB/s
2026-06-03 04:20:30,24.6 MB/s,21.5 MB/s,7.39 MB/s,6.59 MB/s
2026-06-03 04:20:45,28.0 MB/s,24.8 MB/s,8.29 MB/s,7.48 MB/s
2026-06-03 04:21:00,28.0 MB/s,24.8 MB/s,8.29 MB/s,7.48 MB/s
2026-06-03 04:21:15,24.1 MB/s,21.5 MB/s,7.15 MB/s,6.47 MB/s
2026-06-03 04:21:30,24.1 MB/s,21.5 MB/s,7.15 MB/s,6.47 MB/s
2026-06-03 04:21:45,29.4 MB/s,26.0 MB/s,8.77 MB/s,7.89 MB/s
2026-06-03 04:22:00,29.4 MB/s,26.0 MB/s,8.77 MB/s,7.89 MB/s
2026-06-03 04:22:15,28.9 MB/s,25.7 MB/s,8.55 MB/s,7.74 MB/s
2026-06-03 04:22:30,28.9 MB/s,25.7 MB/s,8.55 MB/s,7.74 MB/s
2026-06-03 04:22:45,29.9 MB/s,26.3 MB/s,8.96 MB/s,8.03 MB/s
2026-06-03 04:23:00,29.9 MB/s,26.3 MB/s,8.96 MB/s,8.03 MB/s
2026-06-03 04:23:15,24.9 MB/s,22.2 MB/s,7.38 MB/s,6.69 MB/s
2026-06-03 04:23:30,24.9 MB/s,22.2 MB/s,7.38 MB/s,6.69 MB/s
2026-06-03 04:23:45,29.2 MB/s,25.8 MB/s,8.69 MB/s,7.83 MB/s
2026-06-03 04:24:00,29.2 MB/s,25.8 MB/s,8.69 MB/s,7.83 MB/s
2026-06-03 04:24:15,28.7 MB/s,25.5 MB/s,8.52 MB/s,7.71 MB/s
2026-06-03 04:24:30,28.7 MB/s,25.5 MB/s,8.52 MB/s,7.71 MB/s
2026-06-03 04:24:45,29.7 MB/s,26.2 MB/s,8.86 MB/s,7.97 MB/s
2026-06-03 04:25:00,29.7 MB/s,26.2 MB/s,8.86 MB/s,7.97 MB/s
2026-06-03 04:25:15,28.7 MB/s,25.5 MB/s,8.50 MB/s,7.70 MB/s
2026-06-03 04:25:30,28.7 MB/s,25.5 MB/s,8.50 MB/s,7.70 MB/s
2026-06-03 04:25:45,29.5 MB/s,26.1 MB/s,8.79 MB/s,7.93 MB/s
2026-06-03 04:26:00,29.5 MB/s,26.1 MB/s,8.79 MB/s,7.93 MB/s
2026-06-03 04:26:15,30.3 MB/s,26.5 MB/s,9.12 MB/s,8.14 MB/s
2026-06-03 04:26:30,30.3 MB/s,26.5 MB/s,9.12 MB/s,8.14 MB/s
2026-06-03 04:26:45,29.6 MB/s,26.1 MB/s,8.83 MB/s,7.95 MB/s
2026-06-03 04:27:00,29.6 MB/s,26.1 MB/s,8.83 MB/s,7.95 MB/s
2026-06-03 04:27:15,26.0 MB/s,23.0 MB/s,7.78 MB/s,7.01 MB/s
2026-06-03 04:27:30,26.0 MB/s,23.0 MB/s,7.78 MB/s,7.01 MB/s
2026-06-03 04:27:45,30.0 MB/s,26.4 MB/s,8.97 MB/s,8.05 MB/s
2026-06-03 04:28:00,30.0 MB/s,26.4 MB/s,8.97 MB/s,8.05 MB/s
2026-06-03 04:28:15,17.3 MB/s,15.1 MB/s,5.30 MB/s,4.70 MB/s
2026-06-03 04:28:30,17.3 MB/s,15.1 MB/s,5.30 MB/s,4.70 MB/s
2026-06-03 04:28:45,12.9 MB/s,11.5 MB/s,3.85 MB/s,3.50 MB/s
2026-06-03 04:29:00,12.9 MB/s,11.5 MB/s,3.85 MB/s,3.50 MB/s
2026-06-03 04:29:15,15.5 MB/s,13.6 MB/s,4.69 MB/s,4.18 MB/s
2026-06-03 04:29:30,15.5 MB/s,13.6 MB/s,4.69 MB/s,4.18 MB/s
2026-06-03 04:29:45,23.6 MB/s,20.8 MB/s,7.08 MB/s,6.33 MB/s
2026-06-03 04:30:00,23.6 MB/s,20.8 MB/s,7.08 MB/s,6.33 MB/s
2026-06-03 04:30:15,28.3 MB/s,25.2 MB/s,8.41 MB/s,7.60 MB/s
2026-06-03 04:30:30,28.3 MB/s,25.2 MB/s,8.41 MB/s,7.60 MB/s
2026-06-03 04:30:45,19.7 MB/s,17.5 MB/s,5.88 MB/s,5.31 MB/s
2026-06-03 04:31:00,19.7 MB/s,17.5 MB/s,5.88 MB/s,5.31 MB/s
2026-06-03 04:31:15,15.3 MB/s,13.5 MB/s,4.63 MB/s,4.15 MB/s
2026-06-03 04:31:30,15.3 MB/s,13.5 MB/s,4.63 MB/s,4.15 MB/s
2026-06-03 04:31:45,15.2 MB/s,13.4 MB/s,4.56 MB/s,4.10 MB/s
2026-06-03 04:32:00,15.2 MB/s,13.4 MB/s,4.56 MB/s,4.10 MB/s
2026-06-03 04:32:15,18.7 MB/s,16.5 MB/s,5.62 MB/s,5.06 MB/s
2026-06-03 04:32:30,18.7 MB/s,16.5 MB/s,5.62 MB/s,5.06 MB/s
2026-06-03 04:32:45,18.5 MB/s,16.3 MB/s,5.57 MB/s,4.98 MB/s
2026-06-03 04:33:00,18.5 MB/s,16.3 MB/s,5.57 MB/s,4.98 MB/s
2026-06-03 04:33:15,26.3 MB/s,23.4 MB/s,7.81 MB/s,7.05 MB/s
2026-06-03 04:33:30,26.3 MB/s,23.4 MB/s,7.81 MB/s,7.05 MB/s
2026-06-03 04:33:45,28.1 MB/s,24.9 MB/s,8.37 MB/s,7.55 MB/s
2026-06-03 04:34:00,28.1 MB/s,24.9 MB/s,8.37 MB/s,7.55 MB/s
2026-06-03 04:34:15,28.2 MB/s,25.1 MB/s,8.35 MB/s,7.58 MB/s
2026-06-03 04:34:30,28.2 MB/s,25.1 MB/s,8.35 MB/s,7.58 MB/s
2026-06-03 04:34:45,25.2 MB/s,22.6 MB/s,7.40 MB/s,6.75 MB/s
2026-06-03 04:35:00,25.2 MB/s,22.6 MB/s,7.40 MB/s,6.75 MB/s
2026-06-03 04:35:15,30.0 MB/s,26.4 MB/s,9.01 MB/s,8.06 MB/s
2026-06-03 04:35:30,30.0 MB/s,26.4 MB/s,9.01 MB/s,8.06 MB/s
2026-06-03 04:35:45,27.6 MB/s,24.5 MB/s,8.23 MB/s,7.43 MB/s
2026-06-03 04:36:00,27.6 MB/s,24.5 MB/s,8.23 MB/s,7.43 MB/s
2026-06-03 04:36:15,20.6 MB/s,18.4 MB/s,6.07 MB/s,5.53 MB/s
2026-06-03 04:36:30,20.6 MB/s,18.4 MB/s,6.07 MB/s,5.53 MB/s
2026-06-03 04:36:45,21.4 MB/s,18.8 MB/s,6.45 MB/s,5.78 MB/s
2026-06-03 04:37:00,21.4 MB/s,18.8 MB/s,6.45 MB/s,5.78 MB/s
2026-06-03 04:37:15,21.0 MB/s,18.5 MB/s,6.29 MB/s,5.65 MB/s
2026-06-03 04:37:30,21.0 MB/s,18.5 MB/s,6.29 MB/s,5.65 MB/s
2026-06-03 04:37:45,17.8 MB/s,15.6 MB/s,5.39 MB/s,4.81 MB/s
2026-06-03 04:38:00,17.8 MB/s,15.6 MB/s,5.39 MB/s,4.81 MB/s
2026-06-03 04:38:15,28.2 MB/s,25.0 MB/s,8.41 MB/s,7.57 MB/s
2026-06-03 04:38:30,28.2 MB/s,25.0 MB/s,8.41 MB/s,7.57 MB/s
2026-06-03 04:38:45,21.1 MB/s,18.7 MB/s,6.32 MB/s,5.68 MB/s
2026-06-03 04:39:00,21.1 MB/s,18.7 MB/s,6.32 MB/s,5.68 MB/s
2026-06-03 04:39:15,25.2 MB/s,22.4 MB/s,7.46 MB/s,6.75 MB/s
2026-06-03 04:39:30,25.2 MB/s,22.4 MB/s,7.46 MB/s,6.75 MB/s
2026-06-03 04:39:45,22.0 MB/s,19.4 MB/s,6.59 MB/s,5.91 MB/s
2026-06-03 04:40:00,22.0 MB/s,19.4 MB/s,6.59 MB/s,5.91 MB/s
2026-06-03 04:40:15,22.0 MB/s,19.4 MB/s,6.63 MB/s,5.92 MB/s
2026-06-03 04:40:30,22.0 MB/s,19.4 MB/s,6.63 MB/s,5.92 MB/s
2026-06-03 04:40:45,29.6 MB/s,26.1 MB/s,8.86 MB/s,7.94 MB/s
2026-06-03 04:41:00,29.6 MB/s,26.1 MB/s,8.86 MB/s,7.94 MB/s
2026-06-03 04:41:15,29.7 MB/s,26.2 MB/s,8.89 MB/s,7.97 MB/s
2026-06-03 04:41:30,29.7 MB/s,26.2 MB/s,8.89 MB/s,7.97 MB/s
2026-06-03 04:41:45,30.1 MB/s,26.5 MB/s,9.05 MB/s,8.09 MB/s
2026-06-03 04:42:00,30.1 MB/s,26.5 MB/s,9.05 MB/s,8.09 MB/s
2026-06-03 04:42:15,28.9 MB/s,25.7 MB/s,8.60 MB/s,7.76 MB/s
2026-06-03 04:42:30,28.9 MB/s,25.7 MB/s,8.60 MB/s,7.76 MB/s
2026-06-03 04:42:45,26.1 MB/s,22.9 MB/s,7.84 MB/s,7.01 MB/s
2026-06-03 04:43:00,26.1 MB/s,22.9 MB/s,7.84 MB/s,7.01 MB/s
2026-06-03 04:43:15,25.0 MB/s,22.1 MB/s,7.49 MB/s,6.72 MB/s
2026-06-03 04:43:30,25.0 MB/s,22.1 MB/s,7.49 MB/s,6.72 MB/s
2026-06-03 04:43:45,25.9 MB/s,23.0 MB/s,7.69 MB/s,6.94 MB/s
2026-06-03 04:44:00,25.9 MB/s,23.0 MB/s,7.69 MB/s,6.94 MB/s
2026-06-03 04:44:15,28.2 MB/s,24.9 MB/s,8.42 MB/s,7.56 MB/s
2026-06-03 04:44:30,28.2 MB/s,24.9 MB/s,8.42 MB/s,7.56 MB/s
2026-06-03 04:44:45,29.2 MB/s,25.8 MB/s,8.67 MB/s,7.81 MB/s
2026-06-03 04:45:00,29.2 MB/s,25.8 MB/s,8.67 MB/s,7.81 MB/s
2026-06-03 04:45:15,29.5 MB/s,26.0 MB/s,8.79 MB/s,7.89 MB/s
2026-06-03 04:45:30,29.5 MB/s,26.0 MB/s,8.79 MB/s,7.89 MB/s
2026-06-03 04:45:45,29.5 MB/s,26.0 MB/s,8.82 MB/s,7.90 MB/s
2026-06-03 04:46:00,29.5 MB/s,26.0 MB/s,8.82 MB/s,7.90 MB/s
2026-06-03 04:46:15,17.0 MB/s,14.9 MB/s,5.15 MB/s,4.59 MB/s
2026-06-03 04:46:30,17.0 MB/s,14.9 MB/s,5.15 MB/s,4.59 MB/s
2026-06-03 04:46:45,29.5 MB/s,26.0 MB/s,8.83 MB/s,7.92 MB/s
2026-06-03 04:47:00,29.5 MB/s,26.0 MB/s,8.83 MB/s,7.92 MB/s
2026-06-03 04:47:15,25.4 MB/s,22.4 MB/s,7.59 MB/s,6.81 MB/s
2026-06-03 04:47:30,25.4 MB/s,22.4 MB/s,7.59 MB/s,6.81 MB/s
2026-06-03 04:47:45,29.2 MB/s,25.8 MB/s,8.68 MB/s,7.81 MB/s
2026-06-03 04:48:00,29.2 MB/s,25.8 MB/s,8.68 MB/s,7.81 MB/s
2026-06-03 04:48:15,24.4 MB/s,21.7 MB/s,7.24 MB/s,6.55 MB/s
2026-06-03 04:48:30,24.4 MB/s,21.7 MB/s,7.24 MB/s,6.55 MB/s
2026-06-03 04:48:45,29.7 MB/s,26.1 MB/s,8.90 MB/s,7.96 MB/s
2026-06-03 04:49:00,29.7 MB/s,26.1 MB/s,8.90 MB/s,7.96 MB/s
2026-06-03 04:49:15,29.0 MB/s,25.8 MB/s,8.62 MB/s,7.78 MB/s
2026-06-03 04:49:30,29.0 MB/s,25.8 MB/s,8.62 MB/s,7.78 MB/s
2026-06-03 04:49:45,29.5 MB/s,26.0 MB/s,8.79 MB/s,7.90 MB/s
2026-06-03 04:50:00,29.5 MB/s,26.0 MB/s,8.79 MB/s,7.90 MB/s
2026-06-03 04:50:15,30.1 MB/s,26.4 MB/s,9.04 MB/s,8.08 MB/s
2026-06-03 04:50:30,30.1 MB/s,26.4 MB/s,9.04 MB/s,8.08 MB/s
2026-06-03 04:50:45,29.8 MB/s,26.3 MB/s,8.93 MB/s,8.00 MB/s
2026-06-03 04:51:00,29.8 MB/s,26.3 MB/s,8.93 MB/s,8.00 MB/s
2026-06-03 04:51:15,22.6 MB/s,19.9 MB/s,6.78 MB/s,6.08 MB/s
2026-06-03 04:51:30,22.6 MB/s,19.9 MB/s,6.78 MB/s,6.08 MB/s
2026-06-03 04:51:45,23.5 MB/s,20.7 MB/s,7.06 MB/s,6.31 MB/s
2026-06-03 04:52:00,23.5 MB/s,20.7 MB/s,7.06 MB/s,6.31 MB/s
2026-06-03 04:52:15,11.7 MB/s,10.4 MB/s,3.54 MB/s,3.18 MB/s
2026-06-03 04:52:30,11.7 MB/s,10.4 MB/s,3.54 MB/s,3.18 MB/s
2026-06-03 04:52:45,29.5 MB/s,26.0 MB/s,8.81 MB/s,7.89 MB/s
2026-06-03 04:53:00,29.5 MB/s,26.0 MB/s,8.81 MB/s,7.89 MB/s
2026-06-03 04:53:15,18.7 MB/s,16.5 MB/s,5.62 MB/s,5.05 MB/s
2026-06-03 04:53:30,18.7 MB/s,16.5 MB/s,5.62 MB/s,5.05 MB/s
2026-06-03 04:53:45,26.3 MB/s,23.2 MB/s,7.88 MB/s,7.06 MB/s
2026-06-03 04:54:00,26.3 MB/s,23.2 MB/s,7.88 MB/s,7.06 MB/s
2026-06-03 04:54:15,26.0 MB/s,23.2 MB/s,7.70 MB/s,6.97 MB/s
2026-06-03 04:54:30,26.0 MB/s,23.2 MB/s,7.70 MB/s,6.97 MB/s
2026-06-03 04:54:45,28.7 MB/s,25.6 MB/s,8.51 MB/s,7.70 MB/s
2026-06-03 04:55:00,28.7 MB/s,25.6 MB/s,8.51 MB/s,7.70 MB/s
2026-06-03 04:55:15,24.3 MB/s,21.6 MB/s,7.25 MB/s,6.53 MB/s
2026-06-03 04:55:30,24.3 MB/s,21.6 MB/s,7.25 MB/s,6.53 MB/s
2026-06-03 04:55:45,29.9 MB/s,26.3 MB/s,8.97 MB/s,8.04 MB/s
2026-06-03 04:56:00,29.9 MB/s,26.3 MB/s,8.97 MB/s,8.04 MB/s
2026-06-03 04:56:15,22.9 MB/s,20.0 MB/s,6.97 MB/s,6.19 MB/s
2026-06-03 04:56:30,22.9 MB/s,20.0 MB/s,6.97 MB/s,6.19 MB/s
2026-06-03 04:56:45,28.8 MB/s,25.4 MB/s,8.63 MB/s,7.74 MB/s
2026-06-03 04:57:00,28.8 MB/s,25.4 MB/s,8.63 MB/s,7.74 MB/s
2026-06-03 04:57:15,20.8 MB/s,18.5 MB/s,6.21 MB/s,5.60 MB/s
2026-06-03 04:57:30,20.8 MB/s,18.5 MB/s,6.21 MB/s,5.60 MB/s
2026-06-03 04:57:45,22.2 MB/s,19.7 MB/s,6.63 MB/s,5.97 MB/s
2026-06-03 04:58:00,22.2 MB/s,19.7 MB/s,6.63 MB/s,5.97 MB/s
2026-06-03 04:58:15,28.9 MB/s,25.7 MB/s,8.58 MB/s,7.74 MB/s
2026-06-03 04:58:30,28.9 MB/s,25.7 MB/s,8.58 MB/s,7.74 MB/s
2026-06-03 04:58:45,29.0 MB/s,25.8 MB/s,8.61 MB/s,7.77 MB/s
2026-06-03 04:59:00,29.0 MB/s,25.8 MB/s,8.61 MB/s,7.77 MB/s
2026-06-03 04:59:15,29.1 MB/s,25.8 MB/s,8.68 MB/s,7.81 MB/s
2026-06-03 04:59:30,29.1 MB/s,25.8 MB/s,8.68 MB/s,7.81 MB/s
2026-06-03 04:59:45,27.0 MB/s,23.9 MB/s,8.05 MB/s,7.25 MB/s
2026-06-03 05:00:00,27.0 MB/s,23.9 MB/s,8.05 MB/s,7.25 MB/s
2026-06-03 05:00:15,20.6 MB/s,18.2 MB/s,6.17 MB/s,5.53 MB/s
2026-06-03 05:00:30,20.6 MB/s,18.2 MB/s,6.17 MB/s,5.53 MB/s
2026-06-03 05:00:45,26.0 MB/s,22.8 MB/s,7.80 MB/s,6.97 MB/s
2026-06-03 05:01:00,26.0 MB/s,22.8 MB/s,7.80 MB/s,6.97 MB/s
2026-06-03 05:01:15,29.6 MB/s,26.2 MB/s,8.83 MB/s,7.95 MB/s
2026-06-03 05:01:30,29.6 MB/s,26.2 MB/s,8.83 MB/s,7.95 MB/s
2026-06-03 05:01:45,18.5 MB/s,16.2 MB/s,5.62 MB/s,5.00 MB/s
2026-06-03 05:02:00,18.5 MB/s,16.2 MB/s,5.62 MB/s,5.00 MB/s
2026-06-03 05:02:15,20.1 MB/s,18.2 MB/s,5.92 MB/s,5.41 MB/s
2026-06-03 05:02:30,20.1 MB/s,18.2 MB/s,5.92 MB/s,5.41 MB/s
2026-06-03 05:02:45,22.3 MB/s,19.9 MB/s,6.63 MB/s,6.01 MB/s
2026-06-03 05:03:00,22.3 MB/s,19.9 MB/s,6.63 MB/s,6.01 MB/s
2026-06-03 05:03:15,18.5 MB/s,16.7 MB/s,5.46 MB/s,4.98 MB/s
2026-06-03 05:03:30,18.5 MB/s,16.7 MB/s,5.46 MB/s,4.98 MB/s
2026-06-03 05:03:45,28.2 MB/s,25.0 MB/s,8.41 MB/s,7.57 MB/s
2026-06-03 05:04:00,28.2 MB/s,25.0 MB/s,8.41 MB/s,7.57 MB/s
2026-06-03 05:04:15,25.0 MB/s,21.9 MB/s,7.52 MB/s,6.71 MB/s
2026-06-03 05:04:30,25.0 MB/s,21.9 MB/s,7.52 MB/s,6.71 MB/s
2026-06-03 05:04:45,21.0 MB/s,18.7 MB/s,6.28 MB/s,5.66 MB/s
2026-06-03 05:05:00,21.0 MB/s,18.7 MB/s,6.28 MB/s,5.66 MB/s
2026-06-03 05:05:15,18.1 MB/s,15.9 MB/s,5.48 MB/s,4.88 MB/s
2026-06-03 05:05:30,18.1 MB/s,15.9 MB/s,5.48 MB/s,4.88 MB/s
2026-06-03 05:05:45,30.5 MB/s,26.7 MB/s,9.17 MB/s,8.19 MB/s
2026-06-03 05:06:00,30.5 MB/s,26.7 MB/s,9.17 MB/s,8.19 MB/s
2026-06-03 05:06:15,29.0 MB/s,25.8 MB/s,8.62 MB/s,7.80 MB/s
2026-06-03 05:06:30,29.0 MB/s,25.8 MB/s,8.62 MB/s,7.80 MB/s
2026-06-03 05:06:45,29.5 MB/s,26.1 MB/s,8.81 MB/s,7.93 MB/s
2026-06-03 05:07:00,29.5 MB/s,26.1 MB/s,8.81 MB/s,7.93 MB/s
2026-06-03 05:07:15,30.2 MB/s,26.5 MB/s,9.06 MB/s,8.11 MB/s
2026-06-03 05:07:30,30.2 MB/s,26.5 MB/s,9.06 MB/s,8.11 MB/s
2026-06-03 05:07:45,25.0 MB/s,22.1 MB/s,7.45 MB/s,6.71 MB/s
2026-06-03 05:08:00,25.0 MB/s,22.1 MB/s,7.45 MB/s,6.71 MB/s
2026-06-03 05:08:15,28.6 MB/s,25.5 MB/s,8.46 MB/s,7.66 MB/s
2026-06-03 05:08:30,28.6 MB/s,25.5 MB/s,8.46 MB/s,7.66 MB/s
2026-06-03 05:08:45,29.0 MB/s,25.8 MB/s,8.62 MB/s,7.80 MB/s
2026-06-03 05:09:00,29.0 MB/s,25.8 MB/s,8.62 MB/s,7.80 MB/s
2026-06-03 05:09:15,29.0 MB/s,25.8 MB/s,8.62 MB/s,7.78 MB/s
2026-06-03 05:09:30,29.0 MB/s,25.8 MB/s,8.62 MB/s,7.78 MB/s
2026-06-03 05:09:45,29.3 MB/s,26.0 MB/s,8.70 MB/s,7.85 MB/s
2026-06-03 05:10:00,29.3 MB/s,26.0 MB/s,8.70 MB/s,7.85 MB/s
2026-06-03 05:10:15,28.8 MB/s,25.6 MB/s,8.53 MB/s,7.72 MB/s
2026-06-03 05:10:30,28.8 MB/s,25.6 MB/s,8.53 MB/s,7.72 MB/s
2026-06-03 05:10:45,29.6 MB/s,26.1 MB/s,8.85 MB/s,7.94 MB/s
2026-06-03 05:11:00,29.6 MB/s,26.1 MB/s,8.85 MB/s,7.94 MB/s
2026-06-03 05:11:15,29.8 MB/s,26.3 MB/s,8.93 MB/s,8.00 MB/s
2026-06-03 05:11:30,29.8 MB/s,26.3 MB/s,8.93 MB/s,8.00 MB/s
2026-06-03 05:11:45,29.3 MB/s,25.9 MB/s,8.71 MB/s,7.84 MB/s
2026-06-03 05:12:00,29.3 MB/s,25.9 MB/s,8.71 MB/s,7.84 MB/s
2026-06-03 05:12:15,30.0 MB/s,26.4 MB/s,8.98 MB/s,8.04 MB/s
2026-06-03 05:12:30,30.0 MB/s,26.4 MB/s,8.98 MB/s,8.04 MB/s
2026-06-03 05:12:45,28.9 MB/s,25.8 MB/s,8.56 MB/s,7.76 MB/s
2026-06-03 05:13:00,28.9 MB/s,25.8 MB/s,8.56 MB/s,7.76 MB/s
2026-06-03 05:13:15,28.8 MB/s,25.5 MB/s,8.56 MB/s,7.73 MB/s
2026-06-03 05:13:30,28.8 MB/s,25.5 MB/s,8.56 MB/s,7.73 MB/s
2026-06-03 05:13:45,29.7 MB/s,26.3 MB/s,8.87 MB/s,7.98 MB/s
2026-06-03 05:14:00,29.7 MB/s,26.3 MB/s,8.87 MB/s,7.98 MB/s
2026-06-03 05:14:15,28.9 MB/s,25.7 MB/s,8.59 MB/s,7.76 MB/s
2026-06-03 05:14:30,28.9 MB/s,25.7 MB/s,8.59 MB/s,7.76 MB/s
2026-06-03 05:14:45,25.0 MB/s,22.1 MB/s,7.49 MB/s,6.71 MB/s
2026-06-03 05:15:00,25.0 MB/s,22.1 MB/s,7.49 MB/s,6.71 MB/s
2026-06-03 05:15:15,25.0 MB/s,22.1 MB/s,7.44 MB/s,6.70 MB/s
2026-06-03 05:15:30,25.0 MB/s,22.1 MB/s,7.44 MB/s,6.70 MB/s
2026-06-03 05:15:45,23.1 MB/s,20.6 MB/s,6.84 MB/s,6.19 MB/s
2026-06-03 05:16:00,23.1 MB/s,20.6 MB/s,6.84 MB/s,6.19 MB/s
2026-06-03 05:16:15,28.7 MB/s,25.2 MB/s,8.61 MB/s,7.70 MB/s
2026-06-03 05:16:30,28.7 MB/s,25.2 MB/s,8.61 MB/s,7.70 MB/s
2026-06-03 05:16:45,26.9 MB/s,23.6 MB/s,8.06 MB/s,7.22 MB/s
2026-06-03 05:17:00,26.9 MB/s,23.6 MB/s,8.06 MB/s,7.22 MB/s
2026-06-03 05:17:15,28.8 MB/s,25.5 MB/s,8.55 MB/s,7.72 MB/s
2026-06-03 05:17:30,28.8 MB/s,25.5 MB/s,8.55 MB/s,7.72 MB/s
2026-06-03 05:17:45,27.7 MB/s,24.4 MB/s,8.31 MB/s,7.44 MB/s
2026-06-03 05:18:00,27.7 MB/s,24.4 MB/s,8.31 MB/s,7.44 MB/s
2026-06-03 05:18:15,25.4 MB/s,22.4 MB/s,7.57 MB/s,6.81 MB/s
2026-06-03 05:18:30,25.4 MB/s,22.4 MB/s,7.57 MB/s,6.81 MB/s
2026-06-03 05:18:45,29.1 MB/s,25.9 MB/s,8.65 MB/s,7.82 MB/s
2026-06-03 05:19:00,29.1 MB/s,25.9 MB/s,8.65 MB/s,7.82 MB/s
2026-06-03 05:19:15,29.2 MB/s,25.8 MB/s,8.70 MB/s,7.83 MB/s
2026-06-03 05:19:30,29.2 MB/s,25.8 MB/s,8.70 MB/s,7.83 MB/s
2026-06-03 05:19:45,28.7 MB/s,25.6 MB/s,8.49 MB/s,7.69 MB/s
2026-06-03 05:20:00,28.7 MB/s,25.6 MB/s,8.49 MB/s,7.69 MB/s
2026-06-03 05:20:15,28.8 MB/s,25.6 MB/s,8.52 MB/s,7.71 MB/s
2026-06-03 05:20:30,28.8 MB/s,25.6 MB/s,8.52 MB/s,7.71 MB/s
2026-06-03 05:20:45,29.8 MB/s,26.2 MB/s,8.92 MB/s,7.99 MB/s
2026-06-03 05:21:00,29.8 MB/s,26.2 MB/s,8.92 MB/s,7.99 MB/s
2026-06-03 05:21:15,29.0 MB/s,25.8 MB/s,8.61 MB/s,7.77 MB/s
2026-06-03 05:21:30,29.0 MB/s,25.8 MB/s,8.61 MB/s,7.77 MB/s
2026-06-03 05:21:45,26.4 MB/s,23.5 MB/s,7.81 MB/s,7.07 MB/s
2026-06-03 05:22:00,26.4 MB/s,23.5 MB/s,7.81 MB/s,7.07 MB/s
2026-06-03 05:22:15,21.6 MB/s,19.2 MB/s,6.43 MB/s,5.81 MB/s
2026-06-03 05:22:30,21.6 MB/s,19.2 MB/s,6.43 MB/s,5.81 MB/s
2026-06-03 05:22:45,28.7 MB/s,25.6 MB/s,8.49 MB/s,7.69 MB/s
2026-06-03 05:23:00,28.7 MB/s,25.6 MB/s,8.49 MB/s,7.69 MB/s
2026-06-03 05:23:15,25.3 MB/s,22.4 MB/s,7.55 MB/s,6.80 MB/s
2026-06-03 05:23:30,25.3 MB/s,22.4 MB/s,7.55 MB/s,6.80 MB/s
2026-06-03 05:23:45,23.8 MB/s,21.1 MB/s,7.11 MB/s,6.41 MB/s
2026-06-03 05:24:00,23.8 MB/s,21.1 MB/s,7.11 MB/s,6.41 MB/s
2026-06-03 05:24:15,23.6 MB/s,20.9 MB/s,7.04 MB/s,6.36 MB/s
2026-06-03 05:24:30,23.6 MB/s,20.9 MB/s,7.04 MB/s,6.36 MB/s
2026-06-03 05:24:45,29.5 MB/s,26.1 MB/s,8.82 MB/s,7.93 MB/s
2026-06-03 05:25:00,29.5 MB/s,26.1 MB/s,8.82 MB/s,7.93 MB/s
2026-06-03 05:25:15,25.8 MB/s,22.9 MB/s,7.68 MB/s,6.94 MB/s
2026-06-03 05:25:30,25.8 MB/s,22.9 MB/s,7.68 MB/s,6.94 MB/s
2026-06-03 05:25:45,22.6 MB/s,19.7 MB/s,6.86 MB/s,6.10 MB/s
2026-06-03 05:26:00,22.6 MB/s,19.7 MB/s,6.86 MB/s,6.10 MB/s
2026-06-03 05:26:15,23.6 MB/s,20.8 MB/s,7.06 MB/s,6.34 MB/s
2026-06-03 05:26:30,23.6 MB/s,20.8 MB/s,7.06 MB/s,6.34 MB/s
2026-06-03 05:26:45,23.0 MB/s,20.5 MB/s,6.83 MB/s,6.18 MB/s
2026-06-03 05:27:00,23.0 MB/s,20.5 MB/s,6.83 MB/s,6.18 MB/s
2026-06-03 05:27:15,20.9 MB/s,18.4 MB/s,6.27 MB/s,5.62 MB/s
2026-06-03 05:27:30,20.9 MB/s,18.4 MB/s,6.27 MB/s,5.62 MB/s
2026-06-03 05:27:45,22.4 MB/s,19.8 MB/s,6.70 MB/s,6.02 MB/s
2026-06-03 05:28:00,22.4 MB/s,19.8 MB/s,6.70 MB/s,6.02 MB/s
2026-06-03 05:28:15,10.5 kB/s,9.15 kB/s,102 kB/s,83.6 kB/s
2026-06-03 05:28:30,10.5 kB/s,9.15 kB/s,102 kB/s,83.6 kB/s
2026-06-03 05:28:45,9.05 kB/s,9.08 kB/s,82.8 kB/s,82.9 kB/s
2026-06-03 05:29:00,9.05 kB/s,9.08 kB/s,82.8 kB/s,82.9 kB/s
2026-06-03 05:29:15,9.08 kB/s,9.08 kB/s,82.7 kB/s,83.1 kB/s
2026-06-03 05:29:30,9.08 kB/s,9.08 kB/s,82.7 kB/s,83.1 kB/s
2026-06-03 05:29:45,9.06 kB/s,9.03 kB/s,82.7 kB/s,82.4 kB/s
2026-06-03 05:30:00,9.06 kB/s,9.03 kB/s,82.7 kB/s,82.4 kB/s
2026-06-03 05:30:15,9.05 kB/s,9.06 kB/s,82.5 kB/s,82.4 kB/s
2026-06-03 05:30:30,9.05 kB/s,9.06 kB/s,82.5 kB/s,82.4 kB/s
2026-06-03 05:30:45,9.06 kB/s,9.08 kB/s,82.8 kB/s,83.0 kB/s
2026-06-03 05:31:00,9.06 kB/s,9.08 kB/s,82.8 kB/s,83.0 kB/s
2026-06-03 05:31:15,9.05 kB/s,9.05 kB/s,82.5 kB/s,82.5 kB/s
2026-06-03 05:31:30,9.05 kB/s,9.05 kB/s,82.5 kB/s,82.5 kB/s
2026-06-03 05:31:45,9.03 kB/s,9.03 kB/s,82.4 kB/s,82.2 kB/s