"Time","172.212.226.225:9100direction: rx gpu_index: 0","20.29.43.19:9100direction: rx gpu_index: 0","172.212.226.225:9100direction: rx gpu_index: 1","20.29.43.19:9100direction: rx gpu_index: 1","172.212.226.225:9100direction: tx gpu_index: 0","20.29.43.19:9100direction: tx gpu_index: 0","172.212.226.225:9100direction: tx gpu_index: 1","20.29.43.19:9100direction: tx gpu_index: 1"
2026-04-24 20:29:00,1.98 kB/s,45.0 kB/s,2.83 kB/s,45.5 kB/s,1.79 kB/s,62.9 kB/s,2.17 kB/s,64.4 kB/s
2026-04-24 20:29:15,1.98 kB/s,46.0 kB/s,2.83 kB/s,46.0 kB/s,1.79 kB/s,63.4 kB/s,2.17 kB/s,64.4 kB/s
2026-04-24 20:29:30,1.95 kB/s,45.5 kB/s,2.58 kB/s,44.5 kB/s,1.74 kB/s,62.3 kB/s,2.07 kB/s,62.3 kB/s
2026-04-24 20:29:45,1.95 kB/s,45.5 kB/s,2.58 kB/s,45.0 kB/s,1.74 kB/s,62.3 kB/s,2.07 kB/s,62.8 kB/s
2026-04-24 20:30:00,1.95 kB/s,45.0 kB/s,2.71 kB/s,45.0 kB/s,1.77 kB/s,62.3 kB/s,2.08 kB/s,63.4 kB/s
2026-04-24 20:30:15,1.95 kB/s,46.0 kB/s,2.71 kB/s,45.5 kB/s,1.77 kB/s,63.9 kB/s,2.08 kB/s,62.8 kB/s
2026-04-24 20:30:30,1.93 kB/s,46.0 kB/s,2.82 kB/s,46.0 kB/s,1.67 kB/s,62.8 kB/s,2.13 kB/s,63.9 kB/s
2026-04-24 20:30:45,1.93 kB/s,45.5 kB/s,2.82 kB/s,45.5 kB/s,1.67 kB/s,62.3 kB/s,2.13 kB/s,63.4 kB/s
2026-04-24 20:31:00,1.96 kB/s,46.0 kB/s,2.80 kB/s,45.5 kB/s,1.79 kB/s,62.8 kB/s,2.13 kB/s,63.9 kB/s
2026-04-24 20:31:15,1.96 kB/s,45.5 kB/s,2.80 kB/s,45.5 kB/s,1.79 kB/s,62.8 kB/s,2.13 kB/s,63.4 kB/s
2026-04-24 20:31:30,1.98 kB/s,46.0 kB/s,2.58 kB/s,45.5 kB/s,1.81 kB/s,63.4 kB/s,2.07 kB/s,63.4 kB/s
2026-04-24 20:31:45,1.98 kB/s,45.4 kB/s,2.58 kB/s,46.0 kB/s,1.81 kB/s,62.7 kB/s,2.07 kB/s,64.9 kB/s
2026-04-24 20:32:00,1.98 kB/s,46.0 kB/s,2.78 kB/s,46.0 kB/s,1.79 kB/s,63.4 kB/s,2.08 kB/s,64.4 kB/s
2026-04-24 20:32:15,1.98 kB/s,46.0 kB/s,2.78 kB/s,45.0 kB/s,1.79 kB/s,63.4 kB/s,2.08 kB/s,62.3 kB/s
2026-04-24 20:32:30,1.98 kB/s,45.5 kB/s,2.83 kB/s,45.0 kB/s,1.83 kB/s,62.3 kB/s,2.17 kB/s,62.8 kB/s
2026-04-24 20:32:45,1.98 kB/s,45.4 kB/s,2.83 kB/s,45.4 kB/s,1.83 kB/s,63.3 kB/s,2.17 kB/s,63.8 kB/s
2026-04-24 20:33:00,1.96 kB/s,86.5 kB/s,2.46 kB/s,44.5 kB/s,1.79 kB/s,146 kB/s,1.96 kB/s,62.3 kB/s
2026-04-24 20:33:15,1.96 kB/s,45.5 kB/s,2.46 kB/s,44.5 kB/s,1.79 kB/s,63.9 kB/s,1.96 kB/s,60.8 kB/s
2026-04-24 20:33:30,1.98 kB/s,45.5 kB/s,2.27 kB/s,45.5 kB/s,1.81 kB/s,62.8 kB/s,1.95 kB/s,63.4 kB/s
2026-04-24 20:33:45,1.98 kB/s,45.5 kB/s,2.27 kB/s,46.5 kB/s,1.81 kB/s,62.3 kB/s,1.95 kB/s,64.4 kB/s
2026-04-24 20:34:00,1.98 kB/s,46.0 kB/s,2.03 kB/s,45.5 kB/s,1.81 kB/s,64.4 kB/s,1.83 kB/s,63.9 kB/s
2026-04-24 20:34:15,1.98 kB/s,45.5 kB/s,2.03 kB/s,45.0 kB/s,1.81 kB/s,63.4 kB/s,1.83 kB/s,62.8 kB/s
2026-04-24 20:34:30,1.98 kB/s,45.5 kB/s,2.08 kB/s,44.5 kB/s,1.83 kB/s,62.8 kB/s,1.84 kB/s,62.8 kB/s
2026-04-24 20:34:45,1.98 kB/s,46.0 kB/s,2.08 kB/s,45.5 kB/s,1.83 kB/s,62.8 kB/s,1.84 kB/s,63.4 kB/s
2026-04-24 20:35:00,1.98 kB/s,46.0 kB/s,2.01 kB/s,45.5 kB/s,1.79 kB/s,63.4 kB/s,1.83 kB/s,64.4 kB/s
2026-04-24 20:35:15,1.98 kB/s,45.0 kB/s,2.01 kB/s,45.5 kB/s,1.79 kB/s,61.3 kB/s,1.83 kB/s,63.4 kB/s
2026-04-24 20:35:30,1.93 kB/s,45.0 kB/s,2.42 kB/s,46.0 kB/s,1.72 kB/s,61.3 kB/s,1.98 kB/s,63.9 kB/s
2026-04-24 20:35:45,1.93 kB/s,2.76 MB/s,2.42 kB/s,2.70 MB/s,1.72 kB/s,6.38 MB/s,1.98 kB/s,6.28 MB/s
2026-04-24 20:36:00,1.98 kB/s,45.5 kB/s,2.59 kB/s,45.5 kB/s,1.81 kB/s,62.3 kB/s,2.05 kB/s,64.4 kB/s
2026-04-24 20:36:15,1.98 kB/s,52.1 kB/s,2.59 kB/s,45.5 kB/s,1.81 kB/s,75.6 kB/s,2.05 kB/s,64.4 kB/s
2026-04-24 20:36:30,93.5 kB/s,45.5 kB/s,91.9 kB/s,46.0 kB/s,213 kB/s,62.8 kB/s,210 kB/s,64.9 kB/s
2026-04-24 20:36:45,93.5 kB/s,2.75 MB/s,91.9 kB/s,2.66 MB/s,213 kB/s,6.34 MB/s,210 kB/s,6.19 MB/s
2026-04-24 20:37:00,1.96 kB/s,46.0 kB/s,2.46 kB/s,45.0 kB/s,1.77 kB/s,63.4 kB/s,2.00 kB/s,62.9 kB/s
2026-04-24 20:37:15,1.96 kB/s,45.0 kB/s,2.46 kB/s,46.0 kB/s,1.77 kB/s,61.8 kB/s,2.00 kB/s,63.9 kB/s
2026-04-24 20:37:30,1.96 kB/s,45.5 kB/s,2.42 kB/s,45.5 kB/s,1.79 kB/s,62.8 kB/s,1.98 kB/s,63.9 kB/s
2026-04-24 20:37:45,1.96 kB/s,45.5 kB/s,2.42 kB/s,45.5 kB/s,1.79 kB/s,61.8 kB/s,1.98 kB/s,62.8 kB/s
2026-04-24 20:38:00,1.96 kB/s,45.5 kB/s,2.70 kB/s,45.5 kB/s,1.77 kB/s,62.8 kB/s,2.10 kB/s,63.9 kB/s
2026-04-24 20:38:15,1.96 kB/s,46.0 kB/s,2.70 kB/s,46.0 kB/s,1.77 kB/s,62.9 kB/s,2.10 kB/s,63.9 kB/s
2026-04-24 20:38:30,1.98 kB/s,46.0 kB/s,2.82 kB/s,46.0 kB/s,1.79 kB/s,63.4 kB/s,2.17 kB/s,64.9 kB/s
2026-04-24 20:38:45,1.98 kB/s,45.9 kB/s,2.82 kB/s,46.5 kB/s,1.79 kB/s,62.7 kB/s,2.17 kB/s,64.9 kB/s
2026-04-24 20:39:00,1.98 kB/s,46.0 kB/s,2.99 kB/s,45.0 kB/s,1.81 kB/s,63.9 kB/s,2.22 kB/s,62.8 kB/s
2026-04-24 20:39:15,1.98 kB/s,69.3 kB/s,2.99 kB/s,45.9 kB/s,1.81 kB/s,111 kB/s,2.22 kB/s,64.2 kB/s
2026-04-24 20:39:30,2.00 kB/s,46.0 kB/s,2.59 kB/s,46.0 kB/s,1.83 kB/s,63.9 kB/s,2.05 kB/s,63.9 kB/s
2026-04-24 20:39:45,2.00 kB/s,46.0 kB/s,2.59 kB/s,46.0 kB/s,1.83 kB/s,63.4 kB/s,2.05 kB/s,64.4 kB/s
2026-04-24 20:40:00,1.95 kB/s,45.5 kB/s,2.58 kB/s,45.5 kB/s,1.77 kB/s,62.3 kB/s,2.08 kB/s,63.9 kB/s
2026-04-24 20:40:15,1.95 kB/s,45.5 kB/s,2.58 kB/s,45.5 kB/s,1.77 kB/s,63.4 kB/s,2.08 kB/s,62.8 kB/s
2026-04-24 20:40:30,1.96 kB/s,45.5 kB/s,2.85 kB/s,43.9 kB/s,1.76 kB/s,62.9 kB/s,2.13 kB/s,61.3 kB/s
2026-04-24 20:40:45,1.96 kB/s,45.5 kB/s,2.85 kB/s,45.0 kB/s,1.76 kB/s,63.4 kB/s,2.13 kB/s,62.3 kB/s
2026-04-24 20:41:00,1.98 kB/s,45.5 kB/s,2.75 kB/s,45.5 kB/s,1.81 kB/s,62.9 kB/s,2.10 kB/s,63.9 kB/s
2026-04-24 20:41:15,1.98 kB/s,45.0 kB/s,2.75 kB/s,46.0 kB/s,1.81 kB/s,62.3 kB/s,2.10 kB/s,64.4 kB/s
2026-04-24 20:41:30,1.98 kB/s,46.0 kB/s,2.85 kB/s,46.0 kB/s,1.83 kB/s,62.9 kB/s,2.17 kB/s,64.4 kB/s
2026-04-24 20:41:45,1.98 kB/s,45.5 kB/s,2.85 kB/s,46.0 kB/s,1.83 kB/s,63.4 kB/s,2.17 kB/s,64.9 kB/s
2026-04-24 20:42:00,1.96 kB/s,45.5 kB/s,2.47 kB/s,45.0 kB/s,1.79 kB/s,62.9 kB/s,2.01 kB/s,62.3 kB/s
2026-04-24 20:42:15,1.96 kB/s,46.5 kB/s,2.47 kB/s,46.0 kB/s,1.79 kB/s,63.9 kB/s,2.01 kB/s,63.9 kB/s
2026-04-24 20:42:30,1.98 kB/s,71.9 kB/s,2.97 kB/s,45.4 kB/s,1.79 kB/s,116 kB/s,2.20 kB/s,64.2 kB/s
2026-04-24 20:42:45,1.98 kB/s,44.5 kB/s,2.97 kB/s,46.0 kB/s,1.79 kB/s,61.3 kB/s,2.20 kB/s,64.4 kB/s
2026-04-24 20:43:00,1.98 kB/s,46.0 kB/s,2.59 kB/s,46.0 kB/s,1.81 kB/s,62.8 kB/s,2.05 kB/s,64.4 kB/s
2026-04-24 20:43:15,1.98 kB/s,45.5 kB/s,2.59 kB/s,46.5 kB/s,1.81 kB/s,62.3 kB/s,2.05 kB/s,64.9 kB/s